{"textures":{"0":"modelengine:entity/circular_branch"},"elements":[{"from":[5.6642857,10.698767,0.93023014],"to":[10.335714,15.4130535,5.6445155],"rotation":{"angle":-45.0,"axis":"x","origin":[8.0,12.198767,-0.99834156]},"faces":{"east":{"uv":[0.0,1.375,1.375,0.0],"rotation":90,"texture":"#0","tintindex":0},"south":{"uv":[0.0,1.375,1.375,0.0],"rotation":90,"texture":"#0","tintindex":0},"north":{"uv":[0.0,1.375,1.375,0.0],"rotation":90,"texture":"#0","tintindex":0},"west":{"uv":[0.0,1.375,1.375,0.0],"rotation":90,"texture":"#0","tintindex":0},"up":{"uv":[0.0,1.375,1.375,0.0],"rotation":180,"texture":"#0","tintindex":0},"down":{"uv":[0.0,1.375,1.375,0.0],"rotation":0,"texture":"#0","tintindex":0}}},{"from":[5.642857,5.4196234,12.90856],"to":[10.357143,11.848195,17.622847],"rotation":{"angle":-22.5,"axis":"x","origin":[8.0,14.644327,7.760182]},"faces":{"east":{"uv":[0.0,0.0,1.375,1.875],"rotation":0,"texture":"#0","tintindex":0},"south":{"uv":[0.0,0.0,1.375,1.875],"rotation":0,"texture":"#0","tintindex":0},"north":{"uv":[0.0,0.0,1.375,1.875],"rotation":0,"texture":"#0","tintindex":0},"west":{"uv":[0.0,0.0,1.375,1.875],"rotation":0,"texture":"#0","tintindex":0},"up":{"uv":[0.0,0.0,1.375,1.375],"rotation":90,"texture":"#0","tintindex":0},"down":{"uv":[0.0,0.0,1.375,1.375],"rotation":270,"texture":"#0","tintindex":0}}},{"from":[5.6642857,10.698767,10.390135],"to":[10.335714,15.4130535,15.10442],"rotation":{"angle":45.0,"axis":"x","origin":[8.0,12.198767,17.032991]},"faces":{"east":{"uv":[0.0,0.0,1.375,1.375],"rotation":90,"texture":"#0","tintindex":0},"south":{"uv":[0.0,0.0,1.375,1.375],"rotation":90,"texture":"#0","tintindex":0},"north":{"uv":[0.0,0.0,1.375,1.375],"rotation":90,"texture":"#0","tintindex":0},"west":{"uv":[0.0,0.0,1.375,1.375],"rotation":90,"texture":"#0","tintindex":0},"up":{"uv":[0.0,0.0,1.375,1.375],"rotation":180,"texture":"#0","tintindex":0},"down":{"uv":[0.0,0.0,1.375,1.375],"rotation":0,"texture":"#0","tintindex":0}}},{"from":[5.642857,12.97624,7.4690847],"to":[10.357143,17.690525,12.183371],"rotation":{"angle":22.5,"axis":"x","origin":[8.0,12.333382,17.111942]},"faces":{"east":{"uv":[0.0,0.0,1.375,1.375],"rotation":90,"texture":"#0","tintindex":0},"south":{"uv":[0.0,0.0,1.375,1.375],"rotation":90,"texture":"#0","tintindex":0},"north":{"uv":[0.0,0.0,1.375,1.375],"rotation":90,"texture":"#0","tintindex":0},"west":{"uv":[0.0,0.0,1.375,1.375],"rotation":90,"texture":"#0","tintindex":0},"up":{"uv":[0.0,0.0,1.375,1.375],"rotation":180,"texture":"#0","tintindex":0},"down":{"uv":[0.0,0.0,1.375,1.375],"rotation":0,"texture":"#0","tintindex":0}}},{"from":[5.6642857,16.258614,5.538907],"to":[10.335714,20.972898,10.253193],"rotation":{"angle":0.0,"axis":"y","origin":[8.0,15.615755,15.181765]},"faces":{"east":{"uv":[0.0,0.0,1.375,1.375],"rotation":90,"texture":"#0","tintindex":0},"south":{"uv":[0.0,0.0,1.375,1.375],"rotation":90,"texture":"#0","tintindex":0},"north":{"uv":[0.0,0.0,1.375,1.375],"rotation":90,"texture":"#0","tintindex":0},"west":{"uv":[0.0,0.0,1.375,1.375],"rotation":90,"texture":"#0","tintindex":0},"up":{"uv":[0.0,0.0,1.375,1.375],"rotation":180,"texture":"#0","tintindex":0},"down":{"uv":[0.0,0.0,1.375,1.375],"rotation":0,"texture":"#0","tintindex":0}}},{"from":[5.642857,12.97624,3.8512793],"to":[10.357143,17.690525,8.565565],"rotation":{"angle":-22.5,"axis":"x","origin":[8.0,12.333382,-1.0772924]},"faces":{"east":{"uv":[0.0,1.375,1.375,0.0],"rotation":90,"texture":"#0","tintindex":0},"south":{"uv":[0.0,1.375,1.375,0.0],"rotation":90,"texture":"#0","tintindex":0},"north":{"uv":[0.0,1.375,1.375,0.0],"rotation":90,"texture":"#0","tintindex":0},"west":{"uv":[0.0,1.375,1.375,0.0],"rotation":90,"texture":"#0","tintindex":0},"up":{"uv":[0.0,1.375,1.375,0.0],"rotation":180,"texture":"#0","tintindex":0},"down":{"uv":[0.0,1.375,1.375,0.0],"rotation":0,"texture":"#0","tintindex":0}}},{"from":[5.642857,5.4196234,-1.5881958],"to":[10.357143,11.848195,3.1260896],"rotation":{"angle":22.5,"axis":"x","origin":[8.0,14.644327,8.274467]},"faces":{"east":{"uv":[1.375,0.0,0.0,1.875],"rotation":0,"texture":"#0","tintindex":0},"south":{"uv":[1.375,0.0,0.0,1.875],"rotation":0,"texture":"#0","tintindex":0},"north":{"uv":[1.375,0.0,0.0,1.875],"rotation":0,"texture":"#0","tintindex":0},"west":{"uv":[1.375,0.0,0.0,1.875],"rotation":0,"texture":"#0","tintindex":0},"up":{"uv":[1.375,0.0,0.0,1.375],"rotation":90,"texture":"#0","tintindex":0},"down":{"uv":[1.375,0.0,0.0,1.375],"rotation":270,"texture":"#0","tintindex":0}}}],"display":{"head":{"translation":[0.0,-6.4,0.0],"scale":[4.0,4.0,4.0]}}}