{"textures":{"0":"modelengine:entity/airship","1":"modelengine:entity/stearingwheel"},"elements":[{"name":"cube","from":[-2.0285716,0.045715332,6.662857],"to":[15.354285,6.7314296,9.337143],"rotation":{"angle":0.0,"axis":"x","origin":[8.0,11.745714,8.0]},"faces":{"down":{"uv":[13.800001,9.633333,12.433333,9.833334],"rotation":0,"texture":"#0","tintindex":0},"east":{"uv":[11.800001,1.8666667,12.0,2.4],"rotation":0,"texture":"#0","tintindex":0},"north":{"uv":[10.433333,1.9,11.800001,2.4333334],"rotation":0,"texture":"#0","tintindex":0},"south":{"uv":[10.533334,3.5666666,11.900001,4.1000004],"rotation":0,"texture":"#0","tintindex":0},"up":{"uv":[13.800001,9.633333,12.433333,9.433333],"rotation":0,"texture":"#0","tintindex":0},"west":{"uv":[11.833334,0.6333333,12.033333,1.1666667],"rotation":0,"texture":"#0","tintindex":0}}},{"name":"cube","from":[-7.364421,10.563837,6.5771427],"to":[-0.67870665,19.923838,9.38],"rotation":{"angle":45.0,"axis":"z","origin":[8.0,11.745714,8.0]},"faces":{"down":{"uv":[11.7,3.266667,11.166667,3.4666667],"rotation":0,"texture":"#0","tintindex":0},"east":{"uv":[5.566667,10.6,5.7666664,11.333334],"rotation":0,"texture":"#0","tintindex":0},"north":{"uv":[12.066668,6.4333334,12.6,7.166667],"rotation":0,"texture":"#0","tintindex":0},"south":{"uv":[12.1,0.6333333,12.633334,1.3666667],"rotation":0,"texture":"#0","tintindex":0},"up":{"uv":[11.066668,4.3,10.533334,4.1000004],"rotation":0,"texture":"#0","tintindex":0},"west":{"uv":[12.666667,11.400001,12.866667,12.133334],"rotation":0,"texture":"#0","tintindex":0}}},{"name":"cube","from":[4.9271154,-1.7277002,6.5771427],"to":[14.287116,4.9580154,9.38],"rotation":{"angle":45.0,"axis":"z","origin":[8.0,11.745714,8.0]},"faces":{"down":{"uv":[11.666667,9.1,10.933333,9.3],"rotation":0,"texture":"#0","tintindex":0},"east":{"uv":[12.866667,11.266666,13.066668,11.800001],"rotation":0,"texture":"#0","tintindex":0},"north":{"uv":[12.066668,7.166667,12.800001,7.7000003],"rotation":0,"texture":"#0","tintindex":0},"south":{"uv":[1.9666667,12.1,2.7000003,12.633334],"rotation":0,"texture":"#0","tintindex":0},"up":{"uv":[11.166667,2.6333334,10.433333,2.4333334],"rotation":0,"texture":"#0","tintindex":0},"west":{"uv":[12.900001,0.0,13.1,0.53333336],"rotation":0,"texture":"#0","tintindex":0}}},{"name":"cube","from":[11.342856,-2.6285706,7.598857],"to":[14.017142,0.045715332,8.401142],"rotation":{"angle":0.0,"axis":"x","origin":[8.0,11.745714,8.0]},"faces":{"down":{"uv":[8.333334,4.7000003,8.133333,4.766667],"rotation":0,"texture":"#0","tintindex":0},"east":{"uv":[5.8,9.133333,5.866667,9.333334],"rotation":0,"texture":"#0","tintindex":0},"north":{"uv":[5.566667,13.733334,5.7666664,13.933333],"rotation":0,"texture":"#0","tintindex":0},"south":{"uv":[13.733334,5.8,13.933333,6.0],"rotation":0,"texture":"#0","tintindex":0},"up":{"uv":[8.133333,4.766667,7.9333334,4.7000003],"rotation":0,"texture":"#0","tintindex":0},"west":{"uv":[5.8,9.333334,5.866667,9.533334],"rotation":0,"texture":"#0","tintindex":0}}},{"name":"cube","from":[6.662857,-5.3028574,12.278857],"to":[9.337143,-2.6285706,13.081142],"rotation":{"angle":0.0,"axis":"y","origin":[8.0,11.745714,8.0]},"faces":{"down":{"uv":[8.733334,4.7000003,8.533334,4.766667],"rotation":0,"texture":"#0","tintindex":0},"east":{"uv":[5.8,9.533334,5.866667,9.733334],"rotation":0,"texture":"#0","tintindex":0},"north":{"uv":[13.733334,11.900001,13.933333,12.1],"rotation":0,"texture":"#0","tintindex":0},"south":{"uv":[13.766666,2.4,13.966667,2.6000001],"rotation":0,"texture":"#0","tintindex":0},"up":{"uv":[8.533334,4.766667,8.333334,4.7000003],"rotation":0,"texture":"#0","tintindex":0},"west":{"uv":[5.8,9.733334,5.866667,9.933333],"rotation":0,"texture":"#0","tintindex":0}}},{"name":"cube","from":[11.342856,-7.9771423,7.598857],"to":[14.017142,-5.3028574,8.401142],"rotation":{"angle":0.0,"axis":"x","origin":[8.0,11.745714,8.0]},"faces":{"down":{"uv":[9.6,7.3,9.400001,7.366667],"rotation":0,"texture":"#0","tintindex":0},"east":{"uv":[9.8,2.7000003,9.866667,2.9],"rotation":0,"texture":"#0","tintindex":0},"north":{"uv":[13.766666,2.7000003,13.966667,2.9],"rotation":0,"texture":"#0","tintindex":0},"south":{"uv":[6.3,13.766666,6.5,13.966667],"rotation":0,"texture":"#0","tintindex":0},"up":{"uv":[9.400001,7.366667,9.200001,7.3],"rotation":0,"texture":"#0","tintindex":0},"west":{"uv":[9.8,2.9,9.866667,3.1000001],"rotation":0,"texture":"#0","tintindex":0}}},{"name":"cube","from":[4.6571426,-14.662855,5.325714],"to":[8.668571,-9.314285,10.674286],"rotation":{"angle":0.0,"axis":"x","origin":[8.0,11.745714,8.0]},"faces":{"down":{"uv":[13.133334,7.566667,12.833334,7.9666667],"rotation":0,"texture":"#0","tintindex":0},"east":{"uv":[8.8,4.366667,9.200001,4.766667],"rotation":0,"texture":"#0","tintindex":0},"north":{"uv":[1.9666667,11.033333,2.266667,11.433333],"rotation":0,"texture":"#0","tintindex":0},"south":{"uv":[12.800001,7.166667,13.1,7.566667],"rotation":0,"texture":"#0","tintindex":0},"up":{"uv":[12.166667,13.2,11.866667,12.800001],"rotation":0,"texture":"#0","tintindex":0},"west":{"uv":[9.900001,9.366667,10.3,9.766666],"rotation":0,"texture":"#0","tintindex":0}}},{"name":"cube","from":[8.668571,-16.0,3.9885712],"to":[16.69143,-7.9771423,12.011429],"rotation":{"angle":0.0,"axis":"x","origin":[8.0,11.745714,8.0]},"faces":{"down":{"uv":[12.466667,0.0,11.833334,0.6333333],"rotation":0,"texture":"#0","tintindex":0},"east":{"uv":[11.766666,8.466667,12.400001,9.1],"rotation":0,"texture":"#0","tintindex":0},"north":{"uv":[11.766666,7.8333335,12.400001,8.466667],"rotation":0,"texture":"#0","tintindex":0},"south":{"uv":[11.800001,9.1,12.433333,9.733334],"rotation":0,"texture":"#0","tintindex":0},"up":{"uv":[11.466667,12.433333,10.833334,11.800001],"rotation":0,"texture":"#0","tintindex":0},"west":{"uv":[11.800001,9.733334,12.433333,10.366667],"rotation":0,"texture":"#0","tintindex":0}}},{"name":"cube","from":[-3.365715,-16.0,3.9885712],"to":[4.6571426,-7.9771423,12.011429],"rotation":{"angle":0.0,"axis":"x","origin":[8.0,11.745714,8.0]},"faces":{"down":{"uv":[12.633334,2.5,12.0,3.1333332],"rotation":0,"texture":"#0","tintindex":0},"east":{"uv":[11.900001,3.266667,12.533333,3.9],"rotation":0,"texture":"#0","tintindex":0},"north":{"uv":[4.533334,11.833334,5.166667,12.466667],"rotation":0,"texture":"#0","tintindex":0},"south":{"uv":[11.900001,5.166667,12.533333,5.8],"rotation":0,"texture":"#0","tintindex":0},"up":{"uv":[12.633334,2.5,12.0,1.8666667],"rotation":0,"texture":"#0","tintindex":0},"west":{"uv":[6.7000003,11.966667,7.3333335,12.6],"rotation":0,"texture":"#0","tintindex":0}}},{"name":"cube","from":[-0.69142914,-7.9771423,7.598857],"to":[1.9828565,-5.3028574,8.401142],"rotation":{"angle":0.0,"axis":"x","origin":[8.0,11.745714,8.0]},"faces":{"down":{"uv":[10.1,9.766666,9.900001,9.833334],"rotation":0,"texture":"#0","tintindex":0},"east":{"uv":[8.6,10.1,8.666667,10.3],"rotation":0,"texture":"#0","tintindex":0},"north":{"uv":[13.766666,6.8333335,13.966667,7.033334],"rotation":0,"texture":"#0","tintindex":0},"south":{"uv":[13.766666,7.033334,13.966667,7.2333336],"rotation":0,"texture":"#0","tintindex":0},"up":{"uv":[9.8,7.366667,9.6,7.3],"rotation":0,"texture":"#0","tintindex":0},"west":{"uv":[8.6,10.3,8.666667,10.5],"rotation":0,"texture":"#0","tintindex":0}}},{"name":"cube","from":[-0.69142914,-2.6285706,7.598857],"to":[1.9828565,0.045715332,8.401142],"rotation":{"angle":0.0,"axis":"x","origin":[8.0,11.745714,8.0]},"faces":{"down":{"uv":[10.633333,2.6333334,10.433333,2.7000003],"rotation":0,"texture":"#0","tintindex":0},"east":{"uv":[8.6,10.5,8.666667,10.7],"rotation":0,"texture":"#0","tintindex":0},"north":{"uv":[13.766666,7.2333336,13.966667,7.4333334],"rotation":0,"texture":"#0","tintindex":0},"south":{"uv":[12.133334,13.766666,12.333334,13.966667],"rotation":0,"texture":"#0","tintindex":0},"up":{"uv":[10.3,9.833334,10.1,9.766666],"rotation":0,"texture":"#0","tintindex":0},"west":{"uv":[8.6,10.7,8.666667,10.900001],"rotation":0,"texture":"#0","tintindex":0}}},{"name":"cube",