{"textures":{"0":"modelengine:entity/airship"},"elements":[{"from":[-5.3714285,5.394285,6.217143],"to":[17.805714,14.308571,9.782857],"rotation":{"angle":0.0,"axis":"y","origin":[8.0,20.994286,8.0]},"faces":{"east":{"uv":[11.8,1.8666667,12.0,2.4],"rotation":0,"texture":"#0","tintindex":0},"south":{"uv":[10.533334,3.5666666,11.9,4.1],"rotation":0,"texture":"#0","tintindex":0},"north":{"uv":[10.433333,1.9,11.8,2.4333334],"rotation":0,"texture":"#0","tintindex":0},"west":{"uv":[11.833333,0.6333333,12.033334,1.1666666],"rotation":0,"texture":"#0","tintindex":0},"up":{"uv":[13.8,9.633333,12.433333,9.433333],"rotation":0,"texture":"#0","tintindex":0},"down":{"uv":[13.8,9.633333,12.433333,9.833333],"rotation":0,"texture":"#0","tintindex":0}}},{"from":[-12.485895,19.418447,6.102857],"to":[-3.5716085,31.898449,9.84],"rotation":{"angle":45.0,"axis":"z","origin":[8.0,20.994286,8.0]},"faces":{"east":{"uv":[5.5666666,10.6,5.766667,11.333333],"rotation":0,"texture":"#0","tintindex":0},"south":{"uv":[12.1,0.6333333,12.633333,1.3666667],"rotation":0,"texture":"#0","tintindex":0},"north":{"uv":[12.066667,6.4333334,12.6,7.1666665],"rotation":0,"texture":"#0","tintindex":0},"west":{"uv":[12.666667,11.4,12.866667,12.133333],"rotation":0,"texture":"#0","tintindex":0},"up":{"uv":[11.066667,4.3,10.533334,4.1],"rotation":0,"texture":"#0","tintindex":0},"down":{"uv":[11.7,3.2666667,11.166667,3.4666667],"rotation":0,"texture":"#0","tintindex":0}}},{"from":[3.902821,3.0297318,6.102857],"to":[16.382822,11.944017,9.84],"rotation":{"angle":45.0,"axis":"z","origin":[8.0,20.994286,8.0]},"faces":{"east":{"uv":[12.866667,11.266666,13.066667,11.8],"rotation":0,"texture":"#0","tintindex":0},"south":{"uv":[1.9666667,12.1,2.7,12.633333],"rotation":0,"texture":"#0","tintindex":0},"north":{"uv":[12.066667,7.1666665,12.8,7.7],"rotation":0,"texture":"#0","tintindex":0},"west":{"uv":[12.9,0.0,13.1,0.53333336],"rotation":0,"texture":"#0","tintindex":0},"up":{"uv":[11.166667,2.6333334,10.433333,2.4333334],"rotation":0,"texture":"#0","tintindex":0},"down":{"uv":[11.666667,9.1,10.933333,9.3],"rotation":0,"texture":"#0","tintindex":0}}},{"from":[12.457144,1.8285694,7.4651427],"to":[16.022858,5.394285,8.534857],"rotation":{"angle":0.0,"axis":"y","origin":[8.0,20.994286,8.0]},"faces":{"east":{"uv":[5.8,9.133333,5.866667,9.333333],"rotation":0,"texture":"#0","tintindex":0},"south":{"uv":[13.733334,5.8,13.933333,6.0],"rotation":0,"texture":"#0","tintindex":0},"north":{"uv":[5.5666666,13.733334,5.766667,13.933333],"rotation":0,"texture":"#0","tintindex":0},"west":{"uv":[5.8,9.333333,5.866667,9.533334],"rotation":0,"texture":"#0","tintindex":0},"up":{"uv":[8.133333,4.766667,7.9333334,4.7],"rotation":0,"texture":"#0","tintindex":0},"down":{"uv":[8.333333,4.7,8.133333,4.766667],"rotation":0,"texture":"#0","tintindex":0}}},{"from":[6.217143,-1.7371426,13.705143],"to":[9.782857,1.8285694,14.7748575],"rotation":{"angle":45.0,"axis":"y","origin":[8.0,20.994286,8.0]},"faces":{"east":{"uv":[5.8,9.533334,5.866667,9.733334],"rotation":0,"texture":"#0","tintindex":0},"south":{"uv":[13.766666,2.4,13.966666,2.6],"rotation":0,"texture":"#0","tintindex":0},"north":{"uv":[13.733334,11.9,13.933333,12.1],"rotation":0,"texture":"#0","tintindex":0},"west":{"uv":[5.8,9.733334,5.866667,9.933333],"rotation":0,"texture":"#0","tintindex":0},"up":{"uv":[8.533334,4.766667,8.333333,4.7],"rotation":0,"texture":"#0","tintindex":0},"down":{"uv":[8.733334,4.7,8.533334,4.766667],"rotation":0,"texture":"#0","tintindex":0}}},{"from":[12.457144,-5.3028584,7.4651427],"to":[16.022858,-1.7371426,8.534857],"rotation":{"angle":0.0,"axis":"y","origin":[8.0,20.994286,8.0]},"faces":{"east":{"uv":[9.8,2.7,9.866667,2.9],"rotation":0,"texture":"#0","tintindex":0},"south":{"uv":[6.3,13.766666,6.5,13.966666],"rotation":0,"texture":"#0","tintindex":0},"north":{"uv":[13.766666,2.7,13.966666,2.9],"rotation":0,"texture":"#0","tintindex":0},"west":{"uv":[9.8,2.9,9.866667,3.1],"rotation":0,"texture":"#0","tintindex":0},"up":{"uv":[9.4,7.366667,9.2,7.3],"rotation":0,"texture":"#0","tintindex":0},"down":{"uv":[9.6,7.3,9.4,7.366667],"rotation":0,"texture":"#0","tintindex":0}}},{"from":[3.5428567,-14.217144,4.4342856],"to":[8.891429,-7.0857162,11.565714],"rotation":{"angle":0.0,"axis":"y","origin":[8.0,20.994286,8.0]},"faces":{"east":{"uv":[8.8,4.366667,9.2,4.766667],"rotation":0,"texture":"#0","tintindex":0},"south":{"uv":[12.8,7.1666665,13.1,7.5666666],"rotation":0,"texture":"#0","tintindex":0},"north":{"uv":[1.9666667,11.033334,2.2666667,11.433333],"rotation":0,"texture":"#0","tintindex":0},"west":{"uv":[9.9,9.366667,10.3,9.766666],"rotation":0,"texture":"#0","tintindex":0},"up":{"uv":[12.166667,13.2,11.866667,12.8],"rotation":0,"texture":"#0","tintindex":0},"down":{"uv":[13.133333,7.5666666,12.833333,7.9666667],"rotation":0,"texture":"#0","tintindex":0}}},{"from":[8.891429,-16.0,2.6514287],"to":[19.588573,-5.3028584,13.348572],"rotation":{"angle":0.0,"axis":"y","origin":[8.0,20.994286,8.0]},"faces":{"east":{"uv":[11.766666,8.466666,12.4,9.1],"rotation":0,"texture":"#0","tintindex":0},"south":{"uv":[11.8,9.1,12.433333,9.733334],"rotation":0,"texture":"#0","tintindex":0},"north":{"uv":[11.766666,7.8333335,12.4,8.466666],"rotation":0,"texture":"#0","tintindex":0},"west":{"uv":[11.8,9.733334,12.433333,10.366667],"rotation":0,"texture":"#0","tintindex":0},"up":{"uv":[11.466666,12.433333,10.833333,11.8],"rotation":0,"texture":"#0","tintindex":0},"down":{"uv":[12.466666,0.0,11.833333,0.6333333],"rotation":0,"texture":"#0","tintindex":0}}},{"from":[-7.1542864,-16.0,2.6514287],"to":[3.5428567,-5.3028584,13.348572],"rotation":{"angle":0.0,"axis":"y","origin":[8.0,20.994286,8.0]},"faces":{"east":{"uv":[11.9,3.2666667,12.533334,3.9],"rotation":0,"texture":"#0","tintindex":0},"south":{"uv":[11.9,5.1666665,12.533334,5.8],"rotation":0,"texture":"#0","tintindex":0},"north":{"uv":[4.5333333,11.833333,5.1666665,12.466666],"rotation":0,"texture":"#0","tintindex":0},"west":{"uv":[6.7,11.966666,7.3333335,12.6],"rotation":0,"texture":"#0","tintindex":0},"up":{"uv":[12.633333,2.5,12.0,1.8666667],"rotation":0,"texture":"#0","tintindex":0},"down":{"uv":[12.633333,2.5,12.0,3.1333334],"rotation":0,"texture":"#0","tintindex":0}}},{"from":[-3.5885725,-5.3028584,7.4651427],"to":[-0.022857666,-1.7371426,8.534857],"rotation":{"angle":0.0,"axis":"y","origin":[8.0,20.994286,8.0]},"faces":{"east":{"uv":[8.6,10.1,8.666667,10.3],"rotation":0,"texture":"#0","tintindex":0},"south":{"uv":[13.766666,7.0333333,13.966666,7.233333],"rotation":0,"texture":"#0","tintindex":0},"north":{"uv":[13.766666,6.8333335,13.966666,7.0333333],"rotation":0,"texture":"#0","tintindex":0},"west":{"uv":[8.6,10.3,8.666667,10.5],"rotation":0,"texture":"#0","tintindex":0},"up":{"uv":[9.8,7.366667,9.6,7.3],"rotation":0,"texture":"#0","tintindex":0},"down":{"uv":[10.1,9.766666,9.9,9.833333],"rotation":0,"texture":"#0","tintindex":0}}},{"from":[-3.5885725,1.8285694,7.4651427],"to":[-0.022857666,5.394285,8.534857],"rotation":{"angle":0.0,"axis":"y","origin":[8.0,20.994286,8.0]},"faces":{"east":{"uv":[8.6,10.5,8.666667,10.7],"rotation":0,"texture":"#0","tintindex":0},"south":{"uv":[12.133333,13.766666,12.333333,13.966666],"rotation":0,"texture":"#0","tintindex":0},"north":{"uv":[13.766666,7.233333,13.966666,7.4333334],"rotation":0,"texture":"#0","tintindex":0},"west":{"uv":[8.6,10.7,8.666667,10.9],"rotation":0,"texture":"#0","tintindex":0},"up":{"uv":[10.3,9.833333,10.1,9.766666],"rotation":0,"texture":"#0","tintindex":0},"down":{"uv":[10.633333,2.6333334,10.433333,2.7],"rotation":0,"texture":"#0","tintindex":0}}},{"from":[6.217143,-1.7371426,-2.3405724],"to":[9.782857,1.8285694,-1.2708578],"rotation":{"angle":45.0,"axis":"y","origin":[8.0,20.994286,8.0]},"faces":{"east":{"uv":[8.6,10.9,8.666667,11.1],"rotation":0,"texture":"#0","tintindex":0},"south":{"uv":[0.4,13.8,0.6,14.0],"rotation":0,"texture":"#0","tintindex":0},"north":{"uv":[0.2,13.8,0.4,14.0],"rotation":0,"texture":"#0","tintindex":0},