{"textures":{"0":"modelengine:entity/airship"},"elements":[{"from":[5.2571416,6.5714283,-9.600002],"to":[8.22857,9.542857,14.171427],"rotation":{"angle":0.0,"axis":"y","origin":[-63.828575,32.57143,-24.457146]},"faces":{"east":{"uv":[13.9,4.9333334,12.5,5.1],"rotation":0,"texture":"#0","tintindex":0},"south":{"uv":[0.16666667,13.9,0.0,14.066667],"rotation":0,"texture":"#0","tintindex":0},"north":{"uv":[14.066667,2.0333333,13.9,2.2],"rotation":0,"texture":"#0","tintindex":0},"west":{"uv":[13.933333,3.2333333,12.533334,3.4],"rotation":0,"texture":"#0","tintindex":0},"up":{"uv":[8.033334,12.166667,7.866667,13.566667],"rotation":0,"texture":"#0","tintindex":0}}},{"from":[6.742856,6.5714283,14.171427],"to":[9.714285,9.542857,18.62857],"rotation":{"angle":0.0,"axis":"y","origin":[-63.828575,32.57143,-24.457146]},"faces":{"east":{"uv":[13.766666,7.1666665,13.5,7.3333335],"rotation":0,"texture":"#0","tintindex":0},"south":{"uv":[2.6666667,13.9,2.5,14.066667],"rotation":0,"texture":"#0","tintindex":0},"north":{"uv":[14.066667,4.9333334,13.9,5.1],"rotation":0,"texture":"#0","tintindex":0},"west":{"uv":[13.766666,7.3333335,13.5,7.5],"rotation":0,"texture":"#0","tintindex":0},"up":{"uv":[11.833333,13.433333,11.666667,13.7],"rotation":0,"texture":"#0","tintindex":0}}},{"from":[8.22857,6.5714283,18.62857],"to":[11.199999,9.542857,23.085712],"rotation":{"angle":0.0,"axis":"y","origin":[-63.828575,32.57143,-24.457146]},"faces":{"east":{"uv":[13.766666,12.9,13.5,13.066667],"rotation":0,"texture":"#0","tintindex":0},"south":{"uv":[14.066667,5.1,13.9,5.266667],"rotation":0,"texture":"#0","tintindex":0},"north":{"uv":[14.066667,5.266667,13.9,5.4333334],"rotation":0,"texture":"#0","tintindex":0},"west":{"uv":[0.26666668,13.533334,0.0,13.7],"rotation":0,"texture":"#0","tintindex":0},"up":{"uv":[0.43333334,13.533334,0.26666668,13.8],"rotation":0,"texture":"#0","tintindex":0}}},{"from":[9.714285,6.5714283,23.085712],"to":[12.685713,9.542857,26.057144],"rotation":{"angle":0.0,"axis":"y","origin":[-63.828575,32.57143,-24.457146]},"faces":{"east":{"uv":[14.066667,9.533334,13.9,9.7],"rotation":0,"texture":"#0","tintindex":0},"south":{"uv":[14.066667,9.366667,13.9,9.533334],"rotation":0,"texture":"#0","tintindex":0},"north":{"uv":[9.933333,13.9,9.766666,14.066667],"rotation":0,"texture":"#0","tintindex":0},"west":{"uv":[14.066667,11.5,13.9,11.666667],"rotation":0,"texture":"#0","tintindex":0},"up":{"uv":[14.066667,11.666667,13.9,11.833333],"rotation":0,"texture":"#0","tintindex":0}}},{"from":[12.685713,6.5714283,26.057144],"to":[15.657143,9.542857,29.028568],"rotation":{"angle":0.0,"axis":"y","origin":[-63.828575,32.57143,-24.457146]},"faces":{"east":{"uv":[14.1,0.4,13.933333,0.56666666],"rotation":0,"texture":"#0","tintindex":0},"south":{"uv":[14.066667,12.266666,13.9,12.433333],"rotation":0,"texture":"#0","tintindex":0},"north":{"uv":[14.1,0.8333333,13.933333,1.0],"rotation":0,"texture":"#0","tintindex":0},"west":{"uv":[14.1,1.1666666,13.933333,1.3333334],"rotation":0,"texture":"#0","tintindex":0},"up":{"uv":[14.1,2.2,13.933333,2.3666666],"rotation":0,"texture":"#0","tintindex":0}}},{"from":[8.22857,8.057143,-14.057146],"to":[32.0,8.057143,32.0],"rotation":{"angle":0.0,"axis":"y","origin":[-63.828575,32.57143,-24.457146]},"faces":{"east":{"uv":[2.7,0.0,0.0,0.0],"rotation":0,"texture":"#0","tintindex":0},"south":{"uv":[1.4,0.0,0.0,0.0],"rotation":0,"texture":"#0","tintindex":0},"north":{"uv":[1.4,0.0,0.0,0.0],"rotation":0,"texture":"#0","tintindex":0},"west":{"uv":[2.7,0.0,0.0,0.0],"rotation":0,"texture":"#0","tintindex":0},"up":{"uv":[2.8,4.8,1.4,7.5],"rotation":0,"texture":"#0","tintindex":0}}},{"from":[15.657143,6.5714283,29.028568],"to":[18.62857,9.542857,32.0],"rotation":{"angle":0.0,"axis":"y","origin":[-63.828575,32.57143,-24.457146]},"faces":{"east":{"uv":[14.1,3.2333333,13.933333,3.4],"rotation":0,"texture":"#0","tintindex":0},"south":{"uv":[3.3,13.933333,3.1333334,14.1],"rotation":0,"texture":"#0","tintindex":0},"north":{"uv":[3.4666667,13.933333,3.3,14.1],"rotation":0,"texture":"#0","tintindex":0},"west":{"uv":[14.1,3.4,13.933333,3.5666666],"rotation":0,"texture":"#0","tintindex":0},"up":{"uv":[4.133333,13.933333,3.9666667,14.1],"rotation":0,"texture":"#0","tintindex":0}}},{"from":[4.514284,5.8285713,-14.057146],"to":[8.971428,10.285714,-9.600002],"rotation":{"angle":0.0,"axis":"y","origin":[-63.828575,32.57143,-24.457146]},"faces":{"east":{"uv":[7.0666666,13.233334,6.8,13.5],"rotation":0,"texture":"#0","tintindex":0},"south":{"uv":[10.433333,0.8666667,10.166667,1.1333333],"rotation":0,"texture":"#0","tintindex":0},"north":{"uv":[13.5,6.8333335,13.233334,7.1],"rotation":0,"texture":"#0","tintindex":0},"west":{"uv":[13.5,7.1,13.233334,7.366667],"rotation":0,"texture":"#0","tintindex":0},"up":{"uv":[13.5,7.366667,13.233334,7.633333],"rotation":0,"texture":"#0","tintindex":0}}}],"display":{"head":{"translation":[3.8857193,-6.4,81.82858],"scale":[4.0,4.0,4.0]}}}