{"textures":{"0":"modelengine:entity/airship"},"elements":[{"from":[7.6114287,6.5714283,6.217143],"to":[12.960001,10.137143,9.782857],"rotation":{"angle":0.0,"axis":"y","origin":[-49.14286,-4.5714293,8.0]},"faces":{"east":{"uv":[11.7,3.2666667,11.9,3.4666667],"rotation":0,"texture":"#0","tintindex":0},"south":{"uv":[13.266666,1.9666667,13.566667,2.1666667],"rotation":0,"texture":"#0","tintindex":0},"north":{"uv":[8.733334,12.133333,9.033334,12.333333],"rotation":0,"texture":"#0","tintindex":0},"west":{"uv":[0.6333333,12.066667,0.8333333,12.266666],"rotation":0,"texture":"#0","tintindex":0},"up":{"uv":[13.566667,8.466666,13.266666,8.266666],"rotation":0,"texture":"#0","tintindex":0},"down":{"uv":[13.6,0.6333333,13.3,0.8333333],"rotation":0,"texture":"#0","tintindex":0}}},{"from":[9.394286,10.137143,6.217143],"to":[11.177143,13.702857,9.782857],"rotation":{"angle":0.0,"axis":"y","origin":[-49.14286,-4.5714293,8.0]},"faces":{"east":{"uv":[13.566667,2.7,13.766666,2.9],"rotation":0,"texture":"#0","tintindex":0},"south":{"uv":[7.733333,13.9,7.8333335,14.1],"rotation":0,"texture":"#0","tintindex":0},"north":{"uv":[9.033334,12.133333,9.133333,12.333333],"rotation":0,"texture":"#0","tintindex":0},"west":{"uv":[13.6,0.6333333,13.8,0.8333333],"rotation":0,"texture":"#0","tintindex":0},"up":{"uv":[10.033334,14.1,9.933333,13.9],"rotation":0,"texture":"#0","tintindex":0},"down":{"uv":[11.433333,13.9,11.333333,14.1],"rotation":0,"texture":"#0","tintindex":0}}},{"from":[9.394286,13.702857,4.4342856],"to":[11.177143,17.268572,8.0],"rotation":{"angle":0.0,"axis":"y","origin":[-49.14286,-4.5714293,8.0]},"faces":{"east":{"uv":[13.6,9.066667,13.8,9.266666],"rotation":0,"texture":"#0","tintindex":0},"south":{"uv":[3.4666667,13.933333,3.5666666,14.133333],"rotation":0,"texture":"#0","tintindex":0},"north":{"uv":[1.4,13.933333,1.5,14.133333],"rotation":0,"texture":"#0","tintindex":0},"west":{"uv":[13.433333,13.6,13.633333,13.8],"rotation":0,"texture":"#0","tintindex":0},"up":{"uv":[5.1,14.133333,5.0,13.933333],"rotation":0,"texture":"#0","tintindex":0},"down":{"uv":[5.9666667,13.933333,5.866667,14.133333],"rotation":0,"texture":"#0","tintindex":0}}},{"from":[9.394286,17.268572,2.6514287],"to":[11.177143,20.834286,6.217143],"rotation":{"angle":0.0,"axis":"y","origin":[-49.14286,-4.5714293,8.0]},"faces":{"east":{"uv":[2.2666667,13.633333,2.4666667,13.833333],"rotation":0,"texture":"#0","tintindex":0},"south":{"uv":[13.933333,6.4,14.033334,6.6],"rotation":0,"texture":"#0","tintindex":0},"north":{"uv":[5.9666667,13.933333,6.0666666,14.133333],"rotation":0,"texture":"#0","tintindex":0},"west":{"uv":[11.833333,13.633333,12.033334,13.833333],"rotation":0,"texture":"#0","tintindex":0},"up":{"uv":[14.033334,6.8,13.933333,6.6],"rotation":0,"texture":"#0","tintindex":0},"down":{"uv":[7.5333333,13.933333,7.4333334,14.133333],"rotation":0,"texture":"#0","tintindex":0}}},{"from":[9.394286,8.354286,13.348572],"to":[11.177143,11.92,16.914288],"rotation":{"angle":0.0,"axis":"y","origin":[-49.14286,-4.5714293,8.0]},"faces":{"east":{"uv":[1.9,13.666667,2.1,13.866667],"rotation":0,"texture":"#0","tintindex":0},"south":{"uv":[10.466666,13.933333,10.566667,14.133333],"rotation":0,"texture":"#0","tintindex":0},"north":{"uv":[10.233334,13.933333,10.333333,14.133333],"rotation":0,"texture":"#0","tintindex":0},"west":{"uv":[13.666667,4.1,13.866667,4.3],"rotation":0,"texture":"#0","tintindex":0},"up":{"uv":[10.666667,14.133333,10.566667,13.933333],"rotation":0,"texture":"#0","tintindex":0},"down":{"uv":[14.033334,10.666667,13.933333,10.866667],"rotation":0,"texture":"#0","tintindex":0}}},{"from":[9.394286,10.24,16.948572],"to":[11.177143,13.805715,20.514286],"rotation":{"angle":0.0,"axis":"y","origin":[-49.14286,-4.5714293,8.0]},"faces":{"east":{"uv":[13.8,0.6333333,14.0,0.8333333],"rotation":0,"texture":"#0","tintindex":0},"south":{"uv":[13.966666,8.6,14.066667,8.8],"rotation":0,"texture":"#0","tintindex":0},"north":{"uv":[7.9333334,13.966666,8.033334,14.166667],"rotation":0,"texture":"#0","tintindex":0},"west":{"uv":[13.8,9.066667,14.0,9.266666],"rotation":0,"texture":"#0","tintindex":0},"up":{"uv":[9.266666,14.166667,9.166667,13.966666],"rotation":0,"texture":"#0","tintindex":0},"down":{"uv":[9.366667,13.966666,9.266666,14.166667],"rotation":0,"texture":"#0","tintindex":0}}},{"from":[9.394286,6.5714283,9.782857],"to":[11.177143,10.137143,13.348572],"rotation":{"angle":0.0,"axis":"y","origin":[-49.14286,-4.5714293,8.0]},"faces":{"east":{"uv":[13.633333,13.6,13.833333,13.8],"rotation":0,"texture":"#0","tintindex":0},"south":{"uv":[7.633333,13.933333,7.733333,14.133333],"rotation":0,"texture":"#0","tintindex":0},"north":{"uv":[7.5333333,13.933333,7.633333,14.133333],"rotation":0,"texture":"#0","tintindex":0},"west":{"uv":[13.666667,1.6333333,13.866667,1.8333334],"rotation":0,"texture":"#0","tintindex":0},"up":{"uv":[10.133333,14.133333,10.033334,13.933333],"rotation":0,"texture":"#0","tintindex":0},"down":{"uv":[10.233334,13.933333,10.133333,14.133333],"rotation":0,"texture":"#0","tintindex":0}}},{"from":[9.394286,-4.1257143,9.782857],"to":[11.177143,-0.5600004,13.348572],"rotation":{"angle":0.0,"axis":"y","origin":[-49.14286,-4.5714293,8.0]},"faces":{"east":{"uv":[13.666667,8.0,13.866667,8.2],"rotation":0,"texture":"#0","tintindex":0},"south":{"uv":[0.8,13.966666,0.9,14.166667],"rotation":0,"texture":"#0","tintindex":0},"north":{"uv":[0.7,13.966666,0.8,14.166667],"rotation":0,"texture":"#0","tintindex":0},"west":{"uv":[13.666667,8.2,13.866667,8.4],"rotation":0,"texture":"#0","tintindex":0},"up":{"uv":[1.0,14.166667,0.9,13.966666],"rotation":0,"texture":"#0","tintindex":0},"down":{"uv":[1.1,13.966666,1.0,14.166667],"rotation":0,"texture":"#0","tintindex":0}}},{"from":[9.394286,-0.5600004,8.0],"to":[11.177143,3.0057144,11.565714],"rotation":{"angle":0.0,"axis":"y","origin":[-49.14286,-4.5714293,8.0]},"faces":{"east":{"uv":[13.666667,7.6,13.866667,7.8],"rotation":0,"texture":"#0","tintindex":0},"south":{"uv":[13.233334,13.933333,13.333333,14.133333],"rotation":0,"texture":"#0","tintindex":0},"north":{"uv":[13.933333,13.0,14.033334,13.2],"rotation":0,"texture":"#0","tintindex":0},"west":{"uv":[13.666667,7.8,13.866667,8.0],"rotation":0,"texture":"#0","tintindex":0},"up":{"uv":[14.033334,14.0,13.933333,13.8],"rotation":0,"texture":"#0","tintindex":0},"down":{"uv":[0.7,13.966666,0.6,14.166667],"rotation":0,"texture":"#0","tintindex":0}}},{"from":[9.394286,3.0057144,6.217143],"to":[11.177143,6.5714283,9.782857],"rotation":{"angle":0.0,"axis":"y","origin":[-49.14286,-4.5714293,8.0]},"faces":{"east":{"uv":[6.633333,13.666667,6.8333335,13.866667],"rotation":0,"texture":"#0","tintindex":0},"south":{"uv":[13.933333,11.833333,14.033334,12.033334],"rotation":0,"texture":"#0","tintindex":0},"north":{"uv":[13.933333,11.166667,14.033334,11.366667],"rotation":0,"texture":"#0","tintindex":0},"west":{"uv":[6.8333335,13.666667,7.0333333,13.866667],"rotation":0,"texture":"#0","tintindex":0},"up":{"uv":[14.033334,12.633333,13.933333,12.433333],"rotation":0,"texture":"#0","tintindex":0},"down":{"uv":[14.033334,12.633333,13.933333,12.833333],"rotation":0,"texture":"#0","tintindex":0}}},{"from":[9.394286,3.0057144,-4.4800005],"to":[11.177143,6.5714283,-0.9142866],"rotation":{"angle":0.0,"axis":"y","origin":[-49.14286,-4.5714293,8.0]},"faces":{"east":{"uv":[13.7,5.3,13.9,5.5],"rotation":0,"texture":"#0","tintindex":0},"south":{"uv":[6.4,13.966666,6.5,14.166667],"rotation":0,"texture":"#0","tintindex":0},"north":{"uv":[6.3,13.966666,6.4,14.166667],"rotation":0,"texture":"#0","tintindex":0},"west":{"uv":[9.866667,13.7,10.066667,13.9],"rotation":0,"texture":"#0","tintindex":0},"up":{"uv":[14.066667,7.0,13.966666,6.8],"rotation":0,"texture":"#0","tintindex":0},"down":{"uv":[14.066667,7.0,13.966666,7.2],"rotation":0,"texture":"#0","tintindex":0}}},{"from":[9.394286,4.7885714,-0.9142866],"to":[11.177143,8.354286,2.6514287],"rotation":{"angle":0.0,"axis":"y","origin":[-49.14286,-4.5714293,8.0]},