{"textures":{"0":"modelengine:entity/airship","1":"modelengine:entity/stearingwheel"},"elements":[{"name":"cube","from":[6.671428,6.928571,-2.6285686],"to":[8.9,9.157143,15.200002],"rotation":{"angle":0.0,"axis":"x","origin":[-45.14286,26.428572,26.34286]},"faces":{"down":{"uv":[6.633333,12.366667,6.4666667,13.766666],"rotation":0,"texture":"#0","tintindex":0},"east":{"uv":[12.5,4.9333334,13.900001,5.1000004],"rotation":0,"texture":"#0","tintindex":0},"north":{"uv":[0.0,13.900001,0.16666667,14.066668],"rotation":0,"texture":"#0","tintindex":0},"south":{"uv":[13.900001,2.0333333,14.066668,2.2],"rotation":0,"texture":"#0","tintindex":0},"up":{"uv":[8.033334,13.566668,7.866667,12.166667],"rotation":0,"texture":"#0","tintindex":0},"west":{"uv":[12.533333,3.2333333,13.933333,3.4],"rotation":0,"texture":"#0","tintindex":0}}},{"name":"cube","from":[7.785714,6.928571,-5.971428],"to":[10.014286,9.157143,-2.6285686],"rotation":{"angle":0.0,"axis":"x","origin":[-45.14286,26.428572,26.34286]},"faces":{"down":{"uv":[12.300001,13.5,12.133334,13.766666],"rotation":0,"texture":"#0","tintindex":0},"east":{"uv":[13.5,7.166667,13.766666,7.3333335],"rotation":0,"texture":"#0","tintindex":0},"north":{"uv":[2.5,13.900001,2.6666667,14.066668],"rotation":0,"texture":"#0","tintindex":0},"south":{"uv":[13.900001,4.9333334,14.066668,5.1000004],"rotation":0,"texture":"#0","tintindex":0},"up":{"uv":[11.833334,13.7,11.666667,13.433333],"rotation":0,"texture":"#0","tintindex":0},"west":{"uv":[13.5,7.3333335,13.766666,7.5],"rotation":0,"texture":"#0","tintindex":0}}},{"name":"cube","from":[8.9,6.928571,-9.314283],"to":[11.128571,9.157143,-5.971428],"rotation":{"angle":0.0,"axis":"x","origin":[-45.14286,26.428572,26.34286]},"faces":{"down":{"uv":[0.6,13.533333,0.43333334,13.800001],"rotation":0,"texture":"#0","tintindex":0},"east":{"uv":[13.5,12.900001,13.766666,13.066668],"rotation":0,"texture":"#0","tintindex":0},"north":{"uv":[13.900001,5.1000004,14.066668,5.266667],"rotation":0,"texture":"#0","tintindex":0},"south":{"uv":[13.900001,5.266667,14.066668,5.4333334],"rotation":0,"texture":"#0","tintindex":0},"up":{"uv":[0.43333334,13.800001,0.26666668,13.533333],"rotation":0,"texture":"#0","tintindex":0},"west":{"uv":[0.0,13.533333,0.26666668,13.7],"rotation":0,"texture":"#0","tintindex":0}}},{"name":"cube","from":[10.014286,6.928571,-11.542856],"to":[12.242857,9.157143,-9.314283],"rotation":{"angle":0.0,"axis":"x","origin":[-45.14286,26.428572,26.34286]},"faces":{"down":{"uv":[14.066668,12.1,13.900001,12.266666],"rotation":0,"texture":"#0","tintindex":0},"east":{"uv":[13.900001,9.533334,14.066668,9.700001],"rotation":0,"texture":"#0","tintindex":0},"north":{"uv":[13.900001,9.366667,14.066668,9.533334],"rotation":0,"texture":"#0","tintindex":0},"south":{"uv":[9.766666,13.900001,9.933333,14.066668],"rotation":0,"texture":"#0","tintindex":0},"up":{"uv":[14.066668,11.833334,13.900001,11.666667],"rotation":0,"texture":"#0","tintindex":0},"west":{"uv":[13.900001,11.5,14.066668,11.666667],"rotation":0,"texture":"#0","tintindex":0}}},{"name":"cube","from":[12.242857,6.928571,-13.771427],"to":[14.471428,9.157143,-11.542856],"rotation":{"angle":0.0,"axis":"x","origin":[-45.14286,26.428572,26.34286]},"faces":{"down":{"uv":[3.1333332,13.933333,2.9666667,14.1],"rotation":0,"texture":"#0","tintindex":0},"east":{"uv":[13.933333,0.40000004,14.1,0.5666667],"rotation":0,"texture":"#0","tintindex":0},"north":{"uv":[13.900001,12.266666,14.066668,12.433333],"rotation":0,"texture":"#0","tintindex":0},"south":{"uv":[13.933333,0.8333334,14.1,1.0],"rotation":0,"texture":"#0","tintindex":0},"up":{"uv":[14.1,2.3666668,13.933333,2.2],"rotation":0,"texture":"#0","tintindex":0},"west":{"uv":[13.933333,1.1666667,14.1,1.3333334],"rotation":0,"texture":"#0","tintindex":0}}},{"name":"cube","from":[8.471428,8.042856,-16.0],"to":[26.3,8.042856,18.542858],"rotation":{"angle":0.0,"axis":"x","origin":[-45.14286,26.428572,26.34286]},"faces":{"down":{"uv":[0.0,0.0,0.0,0.0],"rotation":0,"texture":"#0","tintindex":0},"east":{"uv":[0.0,0.0,0.0,0.0],"rotation":0,"texture":"#0","tintindex":0},"north":{"uv":[0.0,0.0,1.4,0.0],"rotation":0,"texture":"#0","tintindex":0},"south":{"uv":[0.0,0.0,0.0,0.0],"rotation":0,"texture":"#0","tintindex":0},"up":{"uv":[2.8,7.5,1.5,4.8],"rotation":0,"texture":"#0","tintindex":0},"west":{"uv":[0.0,0.0,0.0,0.0],"rotation":0,"texture":"#0","tintindex":0}}},{"name":"cube","from":[14.471428,6.928571,-16.0],"to":[16.7,9.157143,-13.771427],"rotation":{"angle":0.0,"axis":"x","origin":[-45.14286,26.428572,26.34286]},"faces":{"down":{"uv":[4.3,13.933333,4.133333,14.1],"rotation":0,"texture":"#0","tintindex":0},"east":{"uv":[13.933333,3.2333333,14.1,3.4],"rotation":0,"texture":"#0","tintindex":0},"north":{"uv":[3.1333332,13.933333,3.3,14.1],"rotation":0,"texture":"#0","tintindex":0},"south":{"uv":[3.3,13.933333,3.4666667,14.1],"rotation":0,"texture":"#0","tintindex":0},"up":{"uv":[4.133333,14.1,3.9666667,13.933333],"rotation":0,"texture":"#0","tintindex":0},"west":{"uv":[13.933333,3.4,14.1,3.5666666],"rotation":0,"texture":"#0","tintindex":0}}},{"name":"cube","from":[14.471428,6.928571,-16.0],"to":[16.7,9.157143,-13.771427],"rotation":{"angle":0.0,"axis":"x","origin":[-45.14286,26.428572,26.34286]},"faces":{"down":{"uv":[4.3,13.933333,4.133333,14.1],"rotation":0,"texture":"#0","tintindex":0},"east":{"uv":[13.933333,3.2333333,14.1,3.4],"rotation":0,"texture":"#0","tintindex":0},"north":{"uv":[3.1333332,13.933333,3.3,14.1],"rotation":0,"texture":"#0","tintindex":0},"south":{"uv":[3.3,13.933333,3.4666667,14.1],"rotation":0,"texture":"#0","tintindex":0},"up":{"uv":[4.133333,14.1,3.9666667,13.933333],"rotation":0,"texture":"#0","tintindex":0},"west":{"uv":[13.933333,3.4,14.1,3.5666666],"rotation":0,"texture":"#0","tintindex":0}}},{"name":"cube","from":[12.242857,6.928571,-13.771427],"to":[14.471428,9.157143,-11.542856],"rotation":{"angle":0.0,"axis":"x","origin":[-45.14286,26.428572,26.34286]},"faces":{"down":{"uv":[3.1333332,13.933333,2.9666667,14.1],"rotation":0,"texture":"#0","tintindex":0},"east":{"uv":[13.933333,0.40000004,14.1,0.5666667],"rotation":0,"texture":"#0","tintindex":0},"north":{"uv":[13.900001,12.266666,14.066668,12.433333],"rotation":0,"texture":"#0","tintindex":0},"south":{"uv":[13.933333,0.8333334,14.1,1.0],"rotation":0,"texture":"#0","tintindex":0},"up":{"uv":[14.1,2.3666668,13.933333,2.2],"rotation":0,"texture":"#0","tintindex":0},"west":{"uv":[13.933333,1.1666667,14.1,1.3333334],"rotation":0,"texture":"#0","tintindex":0}}},{"name":"cube","from":[10.014286,6.928571,-11.542856],"to":[12.242857,9.157143,-9.314283],"rotation":{"angle":0.0,"axis":"x","origin":[-45.14286,26.428572,26.34286]},"faces":{"down":{"uv":[14.066668,12.1,13.900001,12.266666],"rotation":0,"texture":"#0","tintindex":0},"east":{"uv":[13.900001,9.533334,14.066668,9.700001],"rotation":0,"texture":"#0","tintindex":0},"north":{"uv":[13.900001,9.366667,14.066668,9.533334],"rotation":0,"texture":"#0","tintindex":0},"south":{"uv":[9.766666,13.900001,9.933333,14.066668],"rotation":0,"texture":"#0","tintindex":0},"up":{"uv":[14.066668,11.833334,13.900001,11.666667],"rotation":0,"texture":"#0","tintindex":0},"west":{"uv":[13.900001,11.5,14.066668,11.666667],"rotation":0,"texture":"#0","tintindex":0}}},{"name":"cube","from":[8.9,6.928571,-9.314283],"to":[11.128571,9.157143,-5.971428],"rotation":{"angle":0.0,"axis":"x","origin":[-45.14286,26.428572,26.34286]},"faces":{"down":{"uv":[0.6,13.533333,0.43333334,13.800001],"rotation":0,"texture":"#0","tintindex":0},"east":{"uv":[13.5,12.900001,13.766666,13.066668],"rotation":0,"texture":"#0","tintindex":0},"north":{"uv":[13.900001,5.1000004,14.066668,5.266667],"rotation":0,"texture":"#0","tintindex":0},"south":{"uv":[13.900001,5.266667,14.066668,5.4333334],"rotation":0,"texture":"#0","tintindex":0},"up":{"uv":[0.43333334,13.800001,0.26666668,13.533333],"rotation":0,"texture":"#0","tintindex":0},"west":{"uv":[0.0,13.533333,0.26666668,13.7],"rotation":0,"texture":"#0",