{"textures":{"0":"modelengine:entity/airship"},"elements":[{"from":[5.82857,6.5714283,1.8285732],"to":[8.799998,9.542857,25.600002],"rotation":{"angle":0.0,"axis":"y","origin":[-63.25715,32.57143,40.457146]},"faces":{"east":{"uv":[12.5,4.9333334,13.9,5.1],"rotation":0,"texture":"#0","tintindex":0},"south":{"uv":[13.9,2.0333333,14.066667,2.2],"rotation":0,"texture":"#0","tintindex":0},"north":{"uv":[0.0,13.9,0.16666667,14.066667],"rotation":0,"texture":"#0","tintindex":0},"west":{"uv":[12.533334,3.2333333,13.933333,3.4],"rotation":0,"texture":"#0","tintindex":0},"up":{"uv":[8.033334,13.566667,7.866667,12.166667],"rotation":0,"texture":"#0","tintindex":0},"down":{"uv":[6.633333,12.366667,6.4666667,13.766666],"rotation":0,"texture":"#0","tintindex":0}}},{"from":[7.3142843,6.5714283,-2.6285706],"to":[10.285713,9.542857,1.8285732],"rotation":{"angle":0.0,"axis":"y","origin":[-63.25715,32.57143,40.457146]},"faces":{"east":{"uv":[13.5,7.1666665,13.766666,7.3333335],"rotation":0,"texture":"#0","tintindex":0},"south":{"uv":[13.9,4.9333334,14.066667,5.1],"rotation":0,"texture":"#0","tintindex":0},"north":{"uv":[2.5,13.9,2.6666667,14.066667],"rotation":0,"texture":"#0","tintindex":0},"west":{"uv":[13.5,7.3333335,13.766666,7.5],"rotation":0,"texture":"#0","tintindex":0},"up":{"uv":[11.833333,13.7,11.666667,13.433333],"rotation":0,"texture":"#0","tintindex":0},"down":{"uv":[12.3,13.5,12.133333,13.766666],"rotation":0,"texture":"#0","tintindex":0}}},{"from":[8.799998,6.5714283,-7.0857124],"to":[11.771427,9.542857,-2.6285706],"rotation":{"angle":0.0,"axis":"y","origin":[-63.25715,32.57143,40.457146]},"faces":{"east":{"uv":[13.5,12.9,13.766666,13.066667],"rotation":0,"texture":"#0","tintindex":0},"south":{"uv":[13.9,5.266667,14.066667,5.4333334],"rotation":0,"texture":"#0","tintindex":0},"north":{"uv":[13.9,5.1,14.066667,5.266667],"rotation":0,"texture":"#0","tintindex":0},"west":{"uv":[0.0,13.533334,0.26666668,13.7],"rotation":0,"texture":"#0","tintindex":0},"up":{"uv":[0.43333334,13.8,0.26666668,13.533334],"rotation":0,"texture":"#0","tintindex":0},"down":{"uv":[0.6,13.533334,0.43333334,13.8],"rotation":0,"texture":"#0","tintindex":0}}},{"from":[10.285713,6.5714283,-10.057144],"to":[13.257141,9.542857,-7.0857124],"rotation":{"angle":0.0,"axis":"y","origin":[-63.25715,32.57143,40.457146]},"faces":{"east":{"uv":[13.9,9.533334,14.066667,9.7],"rotation":0,"texture":"#0","tintindex":0},"south":{"uv":[9.766666,13.9,9.933333,14.066667],"rotation":0,"texture":"#0","tintindex":0},"north":{"uv":[13.9,9.366667,14.066667,9.533334],"rotation":0,"texture":"#0","tintindex":0},"west":{"uv":[13.9,11.5,14.066667,11.666667],"rotation":0,"texture":"#0","tintindex":0},"up":{"uv":[14.066667,11.833333,13.9,11.666667],"rotation":0,"texture":"#0","tintindex":0},"down":{"uv":[14.066667,12.1,13.9,12.266666],"rotation":0,"texture":"#0","tintindex":0}}},{"from":[13.257141,6.5714283,-13.028568],"to":[16.22857,9.542857,-10.057144],"rotation":{"angle":0.0,"axis":"y","origin":[-63.25715,32.57143,40.457146]},"faces":{"east":{"uv":[13.933333,0.4,14.1,0.56666666],"rotation":0,"texture":"#0","tintindex":0},"south":{"uv":[13.933333,0.8333333,14.1,1.0],"rotation":0,"texture":"#0","tintindex":0},"north":{"uv":[13.9,12.266666,14.066667,12.433333],"rotation":0,"texture":"#0","tintindex":0},"west":{"uv":[13.933333,1.1666666,14.1,1.3333334],"rotation":0,"texture":"#0","tintindex":0},"up":{"uv":[14.1,2.3666666,13.933333,2.2],"rotation":0,"texture":"#0","tintindex":0},"down":{"uv":[3.1333334,13.933333,2.9666667,14.1],"rotation":0,"texture":"#0","tintindex":0}}},{"from":[8.22857,8.057143,-16.0],"to":[32.0,8.057143,30.057146],"rotation":{"angle":0.0,"axis":"y","origin":[-63.25715,32.57143,40.457146]},"faces":{"north":{"uv":[0.0,0.0,1.4,0.0],"rotation":0,"texture":"#0","tintindex":0},"up":{"uv":[2.8,7.5,1.5,4.8],"rotation":0,"texture":"#0","tintindex":0}}},{"from":[16.22857,6.5714283,-16.0],"to":[19.199999,9.542857,-13.028568],"rotation":{"angle":0.0,"axis":"y","origin":[-63.25715,32.57143,40.457146]},"faces":{"east":{"uv":[13.933333,3.2333333,14.1,3.4],"rotation":0,"texture":"#0","tintindex":0},"south":{"uv":[3.3,13.933333,3.4666667,14.1],"rotation":0,"texture":"#0","tintindex":0},"north":{"uv":[3.1333334,13.933333,3.3,14.1],"rotation":0,"texture":"#0","tintindex":0},"west":{"uv":[13.933333,3.4,14.1,3.5666666],"rotation":0,"texture":"#0","tintindex":0},"up":{"uv":[4.133333,14.1,3.9666667,13.933333],"rotation":0,"texture":"#0","tintindex":0},"down":{"uv":[4.3,13.933333,4.133333,14.1],"rotation":0,"texture":"#0","tintindex":0}}},{"from":[16.22857,6.5714283,-16.0],"to":[19.199999,9.542857,-13.028568],"rotation":{"angle":0.0,"axis":"y","origin":[-63.25715,32.57143,40.457146]},"faces":{"east":{"uv":[13.933333,3.2333333,14.1,3.4],"rotation":0,"texture":"#0","tintindex":0},"south":{"uv":[3.3,13.933333,3.4666667,14.1],"rotation":0,"texture":"#0","tintindex":0},"north":{"uv":[3.1333334,13.933333,3.3,14.1],"rotation":0,"texture":"#0","tintindex":0},"west":{"uv":[13.933333,3.4,14.1,3.5666666],"rotation":0,"texture":"#0","tintindex":0},"up":{"uv":[4.133333,14.1,3.9666667,13.933333],"rotation":0,"texture":"#0","tintindex":0},"down":{"uv":[4.3,13.933333,4.133333,14.1],"rotation":0,"texture":"#0","tintindex":0}}},{"from":[13.257141,6.5714283,-13.028568],"to":[16.22857,9.542857,-10.057144],"rotation":{"angle":0.0,"axis":"y","origin":[-63.25715,32.57143,40.457146]},"faces":{"east":{"uv":[13.933333,0.4,14.1,0.56666666],"rotation":0,"texture":"#0","tintindex":0},"south":{"uv":[13.933333,0.8333333,14.1,1.0],"rotation":0,"texture":"#0","tintindex":0},"north":{"uv":[13.9,12.266666,14.066667,12.433333],"rotation":0,"texture":"#0","tintindex":0},"west":{"uv":[13.933333,1.1666666,14.1,1.3333334],"rotation":0,"texture":"#0","tintindex":0},"up":{"uv":[14.1,2.3666666,13.933333,2.2],"rotation":0,"texture":"#0","tintindex":0},"down":{"uv":[3.1333334,13.933333,2.9666667,14.1],"rotation":0,"texture":"#0","tintindex":0}}},{"from":[10.285713,6.5714283,-10.057144],"to":[13.257141,9.542857,-7.0857124],"rotation":{"angle":0.0,"axis":"y","origin":[-63.25715,32.57143,40.457146]},"faces":{"east":{"uv":[13.9,9.533334,14.066667,9.7],"rotation":0,"texture":"#0","tintindex":0},"south":{"uv":[9.766666,13.9,9.933333,14.066667],"rotation":0,"texture":"#0","tintindex":0},"north":{"uv":[13.9,9.366667,14.066667,9.533334],"rotation":0,"texture":"#0","tintindex":0},"west":{"uv":[13.9,11.5,14.066667,11.666667],"rotation":0,"texture":"#0","tintindex":0},"up":{"uv":[14.066667,11.833333,13.9,11.666667],"rotation":0,"texture":"#0","tintindex":0},"down":{"uv":[14.066667,12.1,13.9,12.266666],"rotation":0,"texture":"#0","tintindex":0}}},{"from":[8.799998,6.5714283,-7.0857124],"to":[11.771427,9.542857,-2.6285706],"rotation":{"angle":0.0,"axis":"y","origin":[-63.25715,32.57143,40.457146]},"faces":{"east":{"uv":[13.5,12.9,13.766666,13.066667],"rotation":0,"texture":"#0","tintindex":0},"south":{"uv":[13.9,5.266667,14.066667,5.4333334],"rotation":0,"texture":"#0","tintindex":0},"north":{"uv":[13.9,5.1,14.066667,5.266667],"rotation":0,"texture":"#0","tintindex":0},"west":{"uv":[0.0,13.533334,0.26666668,13.7],"rotation":0,"texture":"#0","tintindex":0},"up":{"uv":[0.43333334,13.8,0.26666668,13.533334],"rotation":0,"texture":"#0","tintindex":0},"down":{"uv":[0.6,13.533334,0.43333334,13.8],"rotation":0,"texture":"#0","tintindex":0}}},{"from":[7.3142843,6.5714283,-2.6285706],"to":[10.285713,9.542857,1.8285732],"rotation":{"angle":0.0,"axis":"y","origin":[-63.25715,32.57143,40.457146]},"faces":{"east":{"uv":[13.5,7.1666665,13.766666,7.3333335],"rotation":0,"texture":"#0","tintindex":0},"south":{"uv":[13.9,4.9333334,14.066667,5.1],"rotation":0,"texture":"#0","tintindex":0},"north":{"uv":[2.5,13.9,2.6666667,14.066667],"rotation":0,"texture":"#0","tintindex":0},"west":{"uv":[13.5,7.3333335,13.766666,7.5],"rotation":0,"texture":"#0","tintindex":0},"up":{"uv":[11.833333,13.7,11.666667,13.433333],"rotation":0,"texture":"#0","tintindex":0},"down":{"uv":[12.3,13.5,12.133333,13.766666],