{"textures":{"0":"modelengine:entity/airship","1":"modelengine:entity/stearingwheel"},"elements":[{"name":"cube","from":[9.251428,8.522858,10.605713],"to":[30.645712,8.522858,32.0],"rotation":{"angle":0.0,"axis":"x","origin":[-62.28572,-30.142859,-0.091430664]},"faces":{"down":{"uv":[0.0,0.0,0.0,0.0],"rotation":0,"texture":"#0","tintindex":0},"east":{"uv":[0.0,0.0,1.6666667,0.0],"rotation":0,"texture":"#0","tintindex":0},"north":{"uv":[0.0,0.0,1.6666667,0.0],"rotation":0,"texture":"#0","tintindex":0},"south":{"uv":[0.0,0.0,1.6666667,0.0],"rotation":0,"texture":"#0","tintindex":0},"up":{"uv":[6.133333,7.666667,4.4666667,6.0],"rotation":0,"texture":"#0","tintindex":0},"west":{"uv":[0.0,0.0,1.6666667,0.0],"rotation":0,"texture":"#0","tintindex":0}}},{"name":"cube","from":[13.2628565,7.1857133,29.325714],"to":[15.937141,9.859999,32.0],"rotation":{"angle":0.0,"axis":"x","origin":[-62.28572,-30.142859,-0.091430664]},"faces":{"down":{"uv":[14.033333,6.2000003,13.833334,6.4000006],"rotation":0,"texture":"#0","tintindex":0},"east":{"uv":[13.733334,13.800001,13.933333,14.0],"rotation":0,"texture":"#0","tintindex":0},"north":{"uv":[13.533333,13.800001,13.733334,14.0],"rotation":0,"texture":"#0","tintindex":0},"south":{"uv":[2.2,13.833334,2.4,14.033333],"rotation":0,"texture":"#0","tintindex":0},"up":{"uv":[14.033333,6.2000003,13.833334,6.0],"rotation":0,"texture":"#0","tintindex":0},"west":{"uv":[13.833334,2.9,14.033333,3.1000001],"rotation":0,"texture":"#0","tintindex":0}}},{"name":"cube","from":[10.588572,7.1857133,26.651428],"to":[13.2628565,9.859999,29.325714],"rotation":{"angle":0.0,"axis":"x","origin":[-62.28572,-30.142859,-0.091430664]},"faces":{"down":{"uv":[14.066668,4.3,13.866667,4.5],"rotation":0,"texture":"#0","tintindex":0},"east":{"uv":[13.833334,13.6,14.033333,13.800001],"rotation":0,"texture":"#0","tintindex":0},"north":{"uv":[11.766666,13.833334,11.966667,14.033333],"rotation":0,"texture":"#0","tintindex":0},"south":{"uv":[13.866667,1.6333334,14.066668,1.8333334],"rotation":0,"texture":"#0","tintindex":0},"up":{"uv":[14.066668,4.3,13.866667,4.1000004],"rotation":0,"texture":"#0","tintindex":0},"west":{"uv":[1.9,13.866667,2.1000001,14.066668],"rotation":0,"texture":"#0","tintindex":0}}},{"name":"cube","from":[9.251428,7.1857133,22.639997],"to":[11.925715,9.859999,26.651428],"rotation":{"angle":0.0,"axis":"x","origin":[-62.28572,-30.142859,-0.091430664]},"faces":{"down":{"uv":[13.566668,1.3333334,13.366667,1.6333334],"rotation":0,"texture":"#0","tintindex":0},"east":{"uv":[13.300001,9.066668,13.6,9.266666],"rotation":0,"texture":"#0","tintindex":0},"north":{"uv":[6.1,13.866667,6.3,14.066668],"rotation":0,"texture":"#0","tintindex":0},"south":{"uv":[6.6,13.866667,6.8,14.066668],"rotation":0,"texture":"#0","tintindex":0},"up":{"uv":[13.533333,13.6,13.333334,13.300001],"rotation":0,"texture":"#0","tintindex":0},"west":{"uv":[10.366667,13.333334,10.666667,13.533333],"rotation":0,"texture":"#0","tintindex":0}}},{"name":"cube","from":[7.914285,7.1857133,18.628569],"to":[10.588572,9.859999,22.639997],"rotation":{"angle":0.0,"axis":"x","origin":[-62.28572,-30.142859,-0.091430664]},"faces":{"down":{"uv":[13.566668,7.9333334,13.366667,8.233334],"rotation":0,"texture":"#0","tintindex":0},"east":{"uv":[13.366667,1.6333334,13.666667,1.8333334],"rotation":0,"texture":"#0","tintindex":0},"north":{"uv":[6.8,13.866667,7.0,14.066668],"rotation":0,"texture":"#0","tintindex":0},"south":{"uv":[7.0,13.866667,7.2000003,14.066668],"rotation":0,"texture":"#0","tintindex":0},"up":{"uv":[13.566668,7.9333334,13.366667,7.633333],"rotation":0,"texture":"#0","tintindex":0},"west":{"uv":[13.366667,4.1000004,13.666667,4.3],"rotation":0,"texture":"#0","tintindex":0}}},{"name":"cube","from":[6.5771427,7.1857133,14.61714],"to":[9.251428,9.859999,18.628569],"rotation":{"angle":0.0,"axis":"x","origin":[-62.28572,-30.142859,-0.091430664]},"faces":{"down":{"uv":[9.866667,13.366667,9.666667,13.666667],"rotation":0,"texture":"#0","tintindex":0},"east":{"uv":[13.366667,4.3,13.666667,4.5],"rotation":0,"texture":"#0","tintindex":0},"north":{"uv":[13.866667,7.6,14.066668,7.8],"rotation":0,"texture":"#0","tintindex":0},"south":{"uv":[13.866667,7.8,14.066668,8.0],"rotation":0,"texture":"#0","tintindex":0},"up":{"uv":[9.666667,13.666667,9.466667,13.366667],"rotation":0,"texture":"#0","tintindex":0},"west":{"uv":[9.166667,13.366667,9.466667,13.566668],"rotation":0,"texture":"#0","tintindex":0}}},{"name":"cube","from":[5.908571,6.5171432,10.605713],"to":[9.920001,10.528572,14.61714],"rotation":{"angle":0.0,"axis":"x","origin":[-62.28572,-30.142859,-0.091430664]},"faces":{"down":{"uv":[10.666667,13.033333,10.366667,13.333334],"rotation":0,"texture":"#0","tintindex":0},"east":{"uv":[2.9666667,13.033333,3.266667,13.333334],"rotation":0,"texture":"#0","tintindex":0},"north":{"uv":[2.6666667,13.033333,2.9666667,13.333334],"rotation":0,"texture":"#0","tintindex":0},"south":{"uv":[3.266667,13.033333,3.5666666,13.333334],"rotation":0,"texture":"#0","tintindex":0},"up":{"uv":[10.366667,13.333334,10.066668,13.033333],"rotation":0,"texture":"#0","tintindex":0},"west":{"uv":[7.4333334,13.033333,7.7333336,13.333334],"rotation":0,"texture":"#0","tintindex":0}}},{"name":"cube","from":[9.251428,8.522858,-32.18286],"to":[30.645712,8.522858,-2.6971426],"rotation":{"angle":0.0,"axis":"x","origin":[-156.0,-81.0,8.0]},"faces":{"down":{"uv":[7.8,7.666667,6.133333,6.0],"rotation":0,"texture":"#0","tintindex":0},"east":{"uv":[1.6666667,0.0,0.0,0.0],"rotation":0,"texture":"#0","tintindex":0},"north":{"uv":[1.6666667,0.0,0.0,0.0],"rotation":0,"texture":"#0","tintindex":0},"south":{"uv":[1.6666667,0.0,0.0,0.0],"rotation":0,"texture":"#0","tintindex":0},"up":{"uv":[6.133333,6.0,4.4666667,7.666667],"rotation":0,"texture":"#0","tintindex":0},"west":{"uv":[1.6666667,0.0,0.0,0.0],"rotation":0,"texture":"#0","tintindex":0}}},{"name":"cube","from":[13.2628565,7.1857133,-32.18286],"to":[15.937141,9.859999,-21.417143],"rotation":{"angle":0.0,"axis":"x","origin":[-156.0,-81.0,8.0]},"faces":{"down":{"uv":[14.033333,6.4000006,13.833334,6.2000003],"rotation":0,"texture":"#0","tintindex":0},"east":{"uv":[13.933333,13.800001,13.733334,14.0],"rotation":0,"texture":"#0","tintindex":0},"north":{"uv":[2.4,13.833334,2.2,14.033333],"rotation":0,"texture":"#0","tintindex":0},"south":{"uv":[13.733334,13.800001,13.533333,14.0],"rotation":0,"texture":"#0","tintindex":0},"up":{"uv":[14.033333,6.0,13.833334,6.2000003],"rotation":0,"texture":"#0","tintindex":0},"west":{"uv":[14.033333,2.9,13.833334,3.1000001],"rotation":0,"texture":"#0","tintindex":0}}},{"name":"cube","from":[10.588572,7.1857133,-29.508574],"to":[13.2628565,9.859999,-18.742859],"rotation":{"angle":0.0,"axis":"x","origin":[-156.0,-81.0,8.0]},"faces":{"down":{"uv":[14.066668,4.5,13.866667,4.3],"rotation":0,"texture":"#0","tintindex":0},"east":{"uv":[14.033333,13.6,13.833334,13.800001],"rotation":0,"texture":"#0","tintindex":0},"north":{"uv":[14.066668,1.6333334,13.866667,1.8333334],"rotation":0,"texture":"#0","tintindex":0},"south":{"uv":[11.966667,13.833334,11.766666,14.033333],"rotation":0,"texture":"#0","tintindex":0},"up":{"uv":[14.066668,4.1000004,13.866667,4.3],"rotation":0,"texture":"#0","tintindex":0},"west":{"uv":[2.1000001,13.866667,1.9,14.066668],"rotation":0,"texture":"#0","tintindex":0}}},{"name":"cube","from":[9.251428,7.1857133,-26.83429],"to":[11.925715,9.859999,-14.73143],"rotation":{"angle":0.0,"axis":"x","origin":[-156.0,-81.0,8.0]},"faces":{"down":{"uv":[13.566668,1.6333334,13.366667,1.3333334],"rotation":0,"texture":"#0","tintindex":0},"east":{"uv":[13.6,9.066668,13.300001,9.266666],"rotation":0,"texture":"#0","tintindex":0},"north":{"uv":[6.8,13.866667,6.6,14.066668],"rotation":0,"texture":"#0","tintindex":0},"south":{"uv":[6.3,13.866667,6.1,14.066668],"rotation":0,"texture":"#0","tintindex":0},"up":{"uv":[13.533333,13.300001,13.333334,13.6],"rotation":0,"texture":"#0","tintindex":0},"west":{"uv":[10.666667,13.333334,10.366667,13.533333],"rotation":0,