{"textures":{"0":"modelengine:entity/wolf"},"elements":[{"from":[5.6385713,4.892857,1.9857144],"to":[10.361429,11.107143,9.442858],"rotation":{"angle":0.0,"axis":"y","origin":[8.124286,11.107143,-11.685715]},"faces":{"east":{"uv":[4.008,2.008,5.875,3.625],"rotation":0,"texture":"#0","tintindex":0},"south":{"uv":[6.258,4.508,7.492,6.125],"rotation":0,"texture":"#0","tintindex":0},"north":{"uv":[6.008,2.758,7.242,4.375],"rotation":0,"texture":"#0","tintindex":0},"west":{"uv":[4.008,3.758,5.875,5.375],"rotation":0,"texture":"#0","tintindex":0},"up":{"uv":[2.992,6.375,1.758,4.508],"rotation":0,"texture":"#0","tintindex":0},"down":{"uv":[4.242,5.508,3.008,7.375],"rotation":0,"texture":"#0","tintindex":0}}}],"display":{"head":{"translation":[0.0,-6.4,0.0],"scale":[4.0,4.0,4.0]}}}