{"textures":{"0":"modelengine:entity/wolf"},"elements":[{"from":[4.6442857,4.3957143,-0.5917864],"to":[11.355715,11.604286,7.859643],"rotation":{"angle":0.0,"axis":"y","origin":[8.124286,11.604286,-5.8117867]},"faces":{"east":{"uv":[0.008,0.008,2.125,1.875],"rotation":0,"texture":"#0","tintindex":0},"south":{"uv":[4.008,0.008,5.742,1.875],"rotation":0,"texture":"#0","tintindex":0},"north":{"uv":[0.008,4.008,1.742,5.875],"rotation":0,"texture":"#0","tintindex":0},"west":{"uv":[0.008,2.008,2.125,3.875],"rotation":0,"texture":"#0","tintindex":0},"up":{"uv":[3.992,2.125,2.258,0.008],"rotation":0,"texture":"#0","tintindex":0},"down":{"uv":[3.992,2.258,2.258,4.375],"rotation":0,"texture":"#0","tintindex":0}}}],"display":{"head":{"translation":[0.0,-6.4,0.0],"scale":[4.0,4.0,4.0]}}}