{"textures":{"0":"modelengine:entity/wolf"},"elements":[{"name":"cube","from":[4.4765,4.2154994,-1.0213757],"to":[11.5234995,11.784499,7.852625],"rotation":{"angle":0.0,"axis":"x","origin":[8.1305,11.784499,-6.5023756]},"faces":{"down":{"uv":[3.992,2.258,2.258,4.375],"rotation":0,"texture":"#0","tintindex":0},"east":{"uv":[0.008,0.008,2.125,1.875],"rotation":0,"texture":"#0","tintindex":0},"north":{"uv":[0.008,4.008,1.742,5.875],"rotation":0,"texture":"#0","tintindex":0},"south":{"uv":[4.008,0.008,5.742,1.875],"rotation":0,"texture":"#0","tintindex":0},"up":{"uv":[3.992,2.125,2.258,0.008],"rotation":0,"texture":"#0","tintindex":0},"west":{"uv":[0.008,2.008,2.125,3.875],"rotation":0,"texture":"#0","tintindex":0}}}],"display":{"head":{"translation":[0.0,-6.4,0.0],"rotation":[0.0,0.0,0.0],"scale":[3.8095,3.8095,3.8095]}}}