{"textures":{"0":"modelengine:entity/wolf"},"elements":[{"from":[5.6385713,4.619626,3.0007696],"to":[10.361429,10.088198,8.717913],"rotation":{"angle":-22.5,"axis":"x","origin":[7.502857,7.353912,5.8593416]},"faces":{"east":{"uv":[0.008,6.008,1.492,7.375],"rotation":0,"texture":"#0","tintindex":0},"south":{"uv":[0.008,7.508,1.242,8.875],"rotation":0,"texture":"#0","tintindex":0},"north":{"uv":[7.258,2.758,8.492,4.125],"rotation":0,"texture":"#0","tintindex":0},"west":{"uv":[6.008,1.258,7.492,2.625],"rotation":0,"texture":"#0","tintindex":0},"up":{"uv":[7.492,7.742,6.258,6.258],"rotation":0,"texture":"#0","tintindex":0},"down":{"uv":[2.742,6.508,1.508,7.992],"rotation":0,"texture":"#0","tintindex":0}}},{"from":[7.627143,5.4585547,-0.8831587],"to":[8.372857,6.204269,-0.1374445],"rotation":{"angle":0.0,"axis":"y","origin":[7.627143,6.4528403,6.7293415]},"faces":{"east":{"uv":[6.008,5.258,6.242,5.492],"rotation":0,"texture":"#0","tintindex":0},"south":{"uv":[1.508,6.258,1.742,6.492],"rotation":0,"texture":"#0","tintindex":0},"north":{"uv":[1.508,6.008,1.742,6.242],"rotation":0,"texture":"#0","tintindex":0},"west":{"uv":[2.758,6.508,2.992,6.742],"rotation":0,"texture":"#0","tintindex":0},"up":{"uv":[2.992,6.992,2.758,6.758],"rotation":0,"texture":"#0","tintindex":0},"down":{"uv":[2.992,7.008,2.758,7.242],"rotation":0,"texture":"#0","tintindex":0}}},{"from":[6.896964,6.934448,0.577198],"to":[9.103036,8.425877,4.8029127],"rotation":{"angle":-22.5,"axis":"x","origin":[7.627143,6.4528403,6.7293415]},"faces":{"east":{"uv":[10.758,8.258,11.875,8.625],"rotation":0,"texture":"#0","tintindex":0},"south":{"uv":[0.758,9.008,1.242,9.375],"rotation":0,"texture":"#0","tintindex":0},"north":{"uv":[1.758,4.008,2.242,4.375],"rotation":0,"texture":"#0","tintindex":0},"west":{"uv":[8.508,10.758,9.625,11.125],"rotation":0,"texture":"#0","tintindex":0},"up":{"uv":[4.242,8.625,3.758,7.508],"rotation":0,"texture":"#0","tintindex":0},"down":{"uv":[10.492,10.508,10.008,11.625],"rotation":0,"texture":"#0","tintindex":0}}},{"from":[6.8814287,4.4642687,-0.7278013],"to":[9.118571,5.9556975,4.243627],"rotation":{"angle":0.0,"axis":"y","origin":[7.627143,6.4528403,6.7293415]},"faces":{"east":{"uv":[10.758,5.008,11.992,5.375],"rotation":0,"texture":"#0","tintindex":0},"south":{"uv":[4.258,11.258,4.875,11.625],"rotation":0,"texture":"#0","tintindex":0},"north":{"uv":[2.008,11.258,2.625,11.625],"rotation":0,"texture":"#0","tintindex":0},"west":{"uv":[10.758,7.008,11.992,7.375],"rotation":0,"texture":"#0","tintindex":0},"up":{"uv":[10.625,8.242,10.008,7.008],"rotation":0,"texture":"#0","tintindex":0},"down":{"uv":[10.625,8.258,10.008,9.492],"rotation":0,"texture":"#0","tintindex":0}}},{"from":[10.361429,4.820636,6.7388024],"to":[13.095715,9.294922,6.7388024],"rotation":{"angle":22.5,"axis":"x","origin":[10.982857,7.3063498,5.7445164]},"faces":{"east":{"uv":[14.375,2.125,14.742,3.242],"rotation":0,"texture":"#0","tintindex":0},"south":{"uv":[9.508,4.508,10.242,5.625],"rotation":0,"texture":"#0","tintindex":0},"north":{"uv":[10.242,4.508,9.508,5.625],"rotation":0,"texture":"#0","tintindex":0},"west":{"uv":[14.375,2.125,14.742,3.242],"rotation":0,"texture":"#0","tintindex":0},"up":{"uv":[14.375,2.125,14.742,3.242],"rotation":0,"texture":"#0","tintindex":0},"down":{"uv":[14.375,2.125,14.742,3.242],"rotation":0,"texture":"#0","tintindex":0}}},{"from":[2.904286,4.820636,6.7388024],"to":[5.6385713,9.294922,6.7388024],"rotation":{"angle":22.5,"axis":"x","origin":[5.017143,7.3063498,5.7445164]},"faces":{"east":{"uv":[14.375,2.125,14.742,3.242],"rotation":0,"texture":"#0","tintindex":0},"south":{"uv":[10.242,4.508,9.508,5.625],"rotation":0,"texture":"#0","tintindex":0},"north":{"uv":[9.508,4.508,10.242,5.625],"rotation":0,"texture":"#0","tintindex":0},"west":{"uv":[14.375,2.125,14.742,3.242],"rotation":0,"texture":"#0","tintindex":0},"up":{"uv":[14.375,2.125,14.742,3.242],"rotation":0,"texture":"#0","tintindex":0},"down":{"uv":[14.375,2.125,14.742,3.242],"rotation":0,"texture":"#0","tintindex":0}}},{"from":[4.566607,12.604983,6.7293415],"to":[5.560893,13.350698,7.4750557],"rotation":{"angle":22.5,"axis":"z","origin":[6.3998213,12.636055,7.1021986]},"faces":{"east":{"uv":[7.258,4.258,7.492,4.492],"rotation":0,"texture":"#0","tintindex":0},"south":{"uv":[1.258,7.508,1.492,7.742],"rotation":0,"texture":"#0","tintindex":0},"north":{"uv":[2.758,7.258,2.992,7.492],"rotation":0,"texture":"#0","tintindex":0},"west":{"uv":[1.258,7.758,1.492,7.992],"rotation":0,"texture":"#0","tintindex":0},"up":{"uv":[7.492,7.992,7.258,7.758],"rotation":0,"texture":"#0","tintindex":0},"down":{"uv":[6.242,8.758,6.008,8.992],"rotation":0,"texture":"#0","tintindex":0}}},{"from":[4.566607,10.119269,6.7293415],"to":[6.3066072,12.604983,7.4750557],"rotation":{"angle":22.5,"axis":"z","origin":[6.3998213,12.636055,7.1021986]},"faces":{"east":{"uv":[5.758,1.258,5.992,1.875],"rotation":0,"texture":"#0","tintindex":0},"south":{"uv":[9.508,7.008,9.992,7.625],"rotation":0,"texture":"#0","tintindex":0},"north":{"uv":[2.258,8.008,2.742,8.625],"rotation":0,"texture":"#0","tintindex":0},"west":{"uv":[6.008,4.508,6.242,5.125],"rotation":0,"texture":"#0","tintindex":0},"up":{"uv":[2.742,8.992,2.258,8.758],"rotation":0,"texture":"#0","tintindex":0},"down":{"uv":[11.492,3.758,11.008,3.992],"rotation":0,"texture":"#0","tintindex":0}}},{"from":[9.693393,10.119269,6.7293415],"to":[11.4333935,12.604983,7.4750557],"rotation":{"angle":-22.5,"axis":"z","origin":[9.600179,12.636055,7.1021986]},"faces":{"east":{"uv":[6.242,4.508,6.008,5.125],"rotation":0,"texture":"#0","tintindex":0},"south":{"uv":[9.992,7.008,9.508,7.625],"rotation":0,"texture":"#0","tintindex":0},"north":{"uv":[2.742,8.008,2.258,8.625],"rotation":0,"texture":"#0","tintindex":0},"west":{"uv":[5.992,1.258,5.758,1.875],"rotation":0,"texture":"#0","tintindex":0},"up":{"uv":[2.258,8.992,2.742,8.758],"rotation":0,"texture":"#0","tintindex":0},"down":{"uv":[11.008,3.758,11.492,3.992],"rotation":0,"texture":"#0","tintindex":0}}},{"from":[10.439107,12.604983,6.7293415],"to":[11.4333935,13.350698,7.4750557],"rotation":{"angle":-22.5,"axis":"z","origin":[9.600179,12.636055,7.1021986]},"faces":{"east":{"uv":[1.492,7.758,1.258,7.992],"rotation":0,"texture":"#0","tintindex":0},"south":{"uv":[1.492,7.508,1.258,7.742],"rotation":0,"texture":"#0","tintindex":0},"north":{"uv":[2.992,7.258,2.758,7.492],"rotation":0,"texture":"#0","tintindex":0},"west":{"uv":[7.492,4.258,7.258,4.492],"rotation":0,"texture":"#0","tintindex":0},"up":{"uv":[7.258,7.992,7.492,7.758],"rotation":0,"texture":"#0","tintindex":0},"down":{"uv":[6.008,8.758,6.242,8.992],"rotation":0,"texture":"#0","tintindex":0}}}],"display":{"head":{"translation":[0.0,-6.4,0.0],"scale":[4.0,4.0,4.0]}}}