{"textures":{"0":"modelengine:entity/wolf"},"elements":[{"name":"cube","from":[5.5204997,4.4506073,2.750809],"to":[10.4795,10.192608,8.753809],"rotation":{"angle":-22.5,"axis":"x","origin":[7.478,7.3216066,5.7523093]},"faces":{"down":{"uv":[2.742,6.508,1.508,7.992],"rotation":0,"texture":"#0","tintindex":0},"east":{"uv":[0.008,6.008,1.492,7.375],"rotation":0,"texture":"#0","tintindex":0},"north":{"uv":[7.258,2.758,8.492,4.125],"rotation":0,"texture":"#0","tintindex":0},"south":{"uv":[0.008,7.508,1.242,8.875],"rotation":0,"texture":"#0","tintindex":0},"up":{"uv":[7.492,7.742,6.258,6.258],"rotation":0,"texture":"#0","tintindex":0},"west":{"uv":[6.008,1.258,7.492,2.625],"rotation":0,"texture":"#0","tintindex":0}}},{"name":"cube","from":[7.6085,5.331482,-1.3273163],"to":[8.3915,6.114482,-0.54431605],"rotation":{"angle":0.0,"axis":"x","origin":[7.6085,6.3754826,6.6658087]},"faces":{"down":{"uv":[2.992,7.008,2.758,7.242],"rotation":0,"texture":"#0","tintindex":0},"east":{"uv":[6.008,5.258,6.242,5.492],"rotation":0,"texture":"#0","tintindex":0},"north":{"uv":[1.508,6.008,1.742,6.242],"rotation":0,"texture":"#0","tintindex":0},"south":{"uv":[1.508,6.258,1.742,6.492],"rotation":0,"texture":"#0","tintindex":0},"up":{"uv":[2.992,6.992,2.758,6.758],"rotation":0,"texture":"#0","tintindex":0},"west":{"uv":[2.758,6.508,2.992,6.742],"rotation":0,"texture":"#0","tintindex":0}}},{"name":"cube","from":[6.841812,6.8811693,0.20605826],"to":[9.158188,8.44717,4.643059],"rotation":{"angle":-22.5,"axis":"x","origin":[7.6085,6.3754826,6.6658087]},"faces":{"down":{"uv":[10.492,10.508,10.008,11.625],"rotation":0,"texture":"#0","tintindex":0},"east":{"uv":[10.758,8.258,11.875,8.625],"rotation":0,"texture":"#0","tintindex":0},"north":{"uv":[1.758,4.008,2.242,4.375],"rotation":0,"texture":"#0","tintindex":0},"south":{"uv":[0.758,9.008,1.242,9.375],"rotation":0,"texture":"#0","tintindex":0},"up":{"uv":[4.242,8.625,3.758,7.508],"rotation":0,"texture":"#0","tintindex":0},"west":{"uv":[8.508,10.758,9.625,11.125],"rotation":0,"texture":"#0","tintindex":0}}},{"name":"cube","from":[6.8255,4.2874823,-1.1641912],"to":[9.1745,5.8534822,4.0558085],"rotation":{"angle":0.0,"axis":"x","origin":[7.6085,6.3754826,6.6658087]},"faces":{"down":{"uv":[10.625,8.258,10.008,9.492],"rotation":0,"texture":"#0","tintindex":0},"east":{"uv":[10.758,5.008,11.992,5.375],"rotation":0,"texture":"#0","tintindex":0},"north":{"uv":[2.008,11.258,2.625,11.625],"rotation":0,"texture":"#0","tintindex":0},"south":{"uv":[4.258,11.258,4.875,11.625],"rotation":0,"texture":"#0","tintindex":0},"up":{"uv":[10.625,8.242,10.008,7.008],"rotation":0,"texture":"#0","tintindex":0},"west":{"uv":[10.758,7.008,11.992,7.375],"rotation":0,"texture":"#0","tintindex":0}}},{"name":"cube","from":[10.4795,4.6616673,6.675742],"to":[13.3505,9.359667,6.675742],"rotation":{"angle":22.5,"axis":"x","origin":[11.132,7.271667,5.6317425]},"faces":{"down":{"uv":[14.375,2.125,14.742,3.242],"rotation":0,"texture":"#0","tintindex":0},"east":{"uv":[14.375,2.125,14.742,3.242],"rotation":0,"texture":"#0","tintindex":0},"north":{"uv":[10.242,4.508,9.508,5.625],"rotation":0,"texture":"#0","tintindex":0},"south":{"uv":[9.508,4.508,10.242,5.625],"rotation":0,"texture":"#0","tintindex":0},"up":{"uv":[14.375,2.125,14.742,3.242],"rotation":0,"texture":"#0","tintindex":0},"west":{"uv":[14.375,2.125,14.742,3.242],"rotation":0,"texture":"#0","tintindex":0}}},{"name":"cube","from":[2.6495001,4.6616673,6.675742],"to":[5.5204997,9.359667,6.675742],"rotation":{"angle":22.5,"axis":"x","origin":[4.868,7.271667,5.6317425]},"faces":{"down":{"uv":[14.375,2.125,14.742,3.242],"rotation":0,"texture":"#0","tintindex":0},"east":{"uv":[14.375,2.125,14.742,3.242],"rotation":0,"texture":"#0","tintindex":0},"north":{"uv":[9.508,4.508,10.242,5.625],"rotation":0,"texture":"#0","tintindex":0},"south":{"uv":[10.242,4.508,9.508,5.625],"rotation":0,"texture":"#0","tintindex":0},"up":{"uv":[14.375,2.125,14.742,3.242],"rotation":0,"texture":"#0","tintindex":0},"west":{"uv":[14.375,2.125,14.742,3.242],"rotation":0,"texture":"#0","tintindex":0}}},{"name":"cube","from":[4.3949375,12.835232,6.6658087],"to":[5.438937,13.618232,7.448809],"rotation":{"angle":22.5,"axis":"z","origin":[6.319813,12.867858,7.057309]},"faces":{"down":{"uv":[6.242,8.758,6.008,8.992],"rotation":0,"texture":"#0","tintindex":0},"east":{"uv":[7.258,4.258,7.492,4.492],"rotation":0,"texture":"#0","tintindex":0},"north":{"uv":[2.758,7.258,2.992,7.492],"rotation":0,"texture":"#0","tintindex":0},"south":{"uv":[1.258,7.508,1.492,7.742],"rotation":0,"texture":"#0","tintindex":0},"up":{"uv":[7.492,7.992,7.258,7.758],"rotation":0,"texture":"#0","tintindex":0},"west":{"uv":[1.258,7.758,1.492,7.992],"rotation":0,"texture":"#0","tintindex":0}}},{"name":"cube","from":[4.3949375,10.225233,6.6658087],"to":[6.221937,12.835232,7.448809],"rotation":{"angle":22.5,"axis":"z","origin":[6.319813,12.867858,7.057309]},"faces":{"down":{"uv":[11.492,3.758,11.008,3.992],"rotation":0,"texture":"#0","tintindex":0},"east":{"uv":[5.758,1.258,5.992,1.875],"rotation":0,"texture":"#0","tintindex":0},"north":{"uv":[2.258,8.008,2.742,8.625],"rotation":0,"texture":"#0","tintindex":0},"south":{"uv":[9.508,7.008,9.992,7.625],"rotation":0,"texture":"#0","tintindex":0},"up":{"uv":[2.742,8.992,2.258,8.758],"rotation":0,"texture":"#0","tintindex":0},"west":{"uv":[6.008,4.508,6.242,5.125],"rotation":0,"texture":"#0","tintindex":0}}},{"name":"cube","from":[9.778063,10.225233,6.6658087],"to":[11.605063,12.835232,7.448809],"rotation":{"angle":-22.5,"axis":"z","origin":[9.680187,12.867858,7.057309]},"faces":{"down":{"uv":[11.008,3.758,11.492,3.992],"rotation":0,"texture":"#0","tintindex":0},"east":{"uv":[6.242,4.508,6.008,5.125],"rotation":0,"texture":"#0","tintindex":0},"north":{"uv":[2.742,8.008,2.258,8.625],"rotation":0,"texture":"#0","tintindex":0},"south":{"uv":[9.992,7.008,9.508,7.625],"rotation":0,"texture":"#0","tintindex":0},"up":{"uv":[2.258,8.992,2.742,8.758],"rotation":0,"texture":"#0","tintindex":0},"west":{"uv":[5.992,1.258,5.758,1.875],"rotation":0,"texture":"#0","tintindex":0}}},{"name":"cube","from":[10.561062,12.835232,6.6658087],"to":[11.605063,13.618232,7.448809],"rotation":{"angle":-22.5,"axis":"z","origin":[9.680187,12.867858,7.057309]},"faces":{"down":{"uv":[6.008,8.758,6.242,8.992],"rotation":0,"texture":"#0","tintindex":0},"east":{"uv":[1.492,7.758,1.258,7.992],"rotation":0,"texture":"#0","tintindex":0},"north":{"uv":[2.992,7.258,2.758,7.492],"rotation":0,"texture":"#0","tintindex":0},"south":{"uv":[1.492,7.508,1.258,7.742],"rotation":0,"texture":"#0","tintindex":0},"up":{"uv":[7.258,7.992,7.492,7.758],"rotation":0,"texture":"#0","tintindex":0},"west":{"uv":[7.492,4.258,7.258,4.492],"rotation":0,"texture":"#0","tintindex":0}}}],"display":{"head":{"translation":[0.0,-6.4,0.0],"rotation":[0.0,0.0,0.0],"scale":[3.8095,3.8095,3.8095]}}}