{"textures":{"0":"modelengine:entity/wolf"},"elements":[{"from":[6.8814287,7.627143,2.6571422],"to":[9.118571,8.372857,7.6285715],"rotation":{"angle":0.0,"axis":"y","origin":[7.627143,10.361429,10.114286]},"faces":{"east":{"uv":[10.758,10.258,11.992,10.492],"rotation":0,"texture":"#0","tintindex":0},"south":{"uv":[8.758,1.008,9.375,1.242],"rotation":0,"texture":"#0","tintindex":0},"north":{"uv":[8.508,7.758,9.125,7.992],"rotation":0,"texture":"#0","tintindex":0},"west":{"uv":[11.008,3.508,12.242,3.742],"rotation":0,"texture":"#0","tintindex":0},"up":{"uv":[8.375,10.742,7.758,9.508],"rotation":0,"texture":"#0","tintindex":0},"down":{"uv":[9.125,9.508,8.508,10.742],"rotation":0,"texture":"#0","tintindex":0}}}],"display":{"head":{"translation":[0.0,-6.4,0.0],"scale":[4.0,4.0,4.0]}}}