{"textures":{"0":"modelengine:entity/wolf"},"elements":[{"name":"cube","from":[6.584891,6.4865,5.3915],"to":[9.455891,8.313499,9.3064995],"rotation":{"angle":0.0,"axis":"x","origin":[8.020391,10.6625,9.176001]},"faces":{"down":{"uv":[10.742,9.508,10.008,10.492],"rotation":0,"texture":"#0","tintindex":0},"east":{"uv":[10.258,6.508,11.242,6.992],"rotation":0,"texture":"#0","tintindex":0},"north":{"uv":[10.758,8.758,11.492,9.242],"rotation":0,"texture":"#0","tintindex":0},"south":{"uv":[10.758,9.258,11.492,9.742],"rotation":0,"texture":"#0","tintindex":0},"up":{"uv":[10.742,0.992,10.008,0.008],"rotation":0,"texture":"#0","tintindex":0},"west":{"uv":[2.258,10.758,3.242,11.242],"rotation":0,"texture":"#0","tintindex":0}}},{"name":"cube","from":[6.9111404,6.4865,3.0425],"to":[6.9111404,8.313499,5.3915],"rotation":{"angle":0.0,"axis":"x","origin":[8.020391,10.6625,9.176001]},"faces":{"down":{"uv":[14.758,4.125,15.125,5.242],"rotation":0,"texture":"#0","tintindex":0},"east":{"uv":[11.625,3.008,11.008,3.492],"rotation":0,"texture":"#0","tintindex":0},"north":{"uv":[14.758,4.125,15.125,5.242],"rotation":0,"texture":"#0","tintindex":0},"south":{"uv":[14.758,4.125,15.125,5.242],"rotation":0,"texture":"#0","tintindex":0},"up":{"uv":[14.758,4.125,15.125,5.242],"rotation":0,"texture":"#0","tintindex":0},"west":{"uv":[11.008,3.008,11.625,3.492],"rotation":0,"texture":"#0","tintindex":0}}},{"name":"cube","from":[7.955141,6.4865,3.0425],"to":[7.955141,8.313499,5.3915],"rotation":{"angle":0.0,"axis":"x","origin":[8.020391,10.6625,9.176001]},"faces":{"down":{"uv":[14.375,2.125,14.742,3.242],"rotation":0,"texture":"#0","tintindex":0},"east":{"uv":[11.625,3.008,11.008,3.492],"rotation":0,"texture":"#0","tintindex":0},"north":{"uv":[14.375,2.125,14.742,3.242],"rotation":0,"texture":"#0","tintindex":0},"south":{"uv":[14.375,2.125,14.742,3.242],"rotation":0,"texture":"#0","tintindex":0},"up":{"uv":[14.375,2.125,14.742,3.242],"rotation":0,"texture":"#0","tintindex":0},"west":{"uv":[11.008,3.008,11.625,3.492],"rotation":0,"texture":"#0","tintindex":0}}},{"name":"cube","from":[9.113328,6.4865,3.0425],"to":[9.113328,8.313499,5.3915],"rotation":{"angle":0.0,"axis":"x","origin":[8.020391,10.6625,9.176001]},"faces":{"down":{"uv":[14.375,2.125,14.742,3.242],"rotation":0,"texture":"#0","tintindex":0},"east":{"uv":[11.625,3.008,11.008,3.492],"rotation":0,"texture":"#0","tintindex":0},"north":{"uv":[14.375,2.125,14.742,3.242],"rotation":0,"texture":"#0","tintindex":0},"south":{"uv":[14.375,2.125,14.742,3.242],"rotation":0,"texture":"#0","tintindex":0},"up":{"uv":[14.375,2.125,14.742,3.242],"rotation":0,"texture":"#0","tintindex":0},"west":{"uv":[11.008,3.008,11.625,3.492],"rotation":0,"texture":"#0","tintindex":0}}}],"display":{"head":{"translation":[0.0,-6.4,0.0],"rotation":[0.0,0.0,0.0],"scale":[3.8095,3.8095,3.8095]}}}