{"textures":{"0":"modelengine:entity/wolf"},"elements":[{"name":"cube","from":[7.1028123,3.051776,7.763703],"to":[8.929812,9.5767765,10.373703],"rotation":{"angle":22.5,"axis":"x","origin":[8.016313,10.229277,7.2417026]},"faces":{"down":{"uv":[11.492,5.508,11.008,6.125],"rotation":0,"texture":"#0","tintindex":0},"east":{"uv":[2.258,9.008,2.875,10.625],"rotation":0,"texture":"#0","tintindex":0},"north":{"uv":[1.758,9.508,2.242,11.125],"rotation":0,"texture":"#0","tintindex":0},"south":{"uv":[7.258,9.508,7.742,11.125],"rotation":0,"texture":"#0","tintindex":0},"up":{"uv":[3.742,11.375,3.258,10.758],"rotation":0,"texture":"#0","tintindex":0},"west":{"uv":[3.008,9.008,3.625,10.625],"rotation":0,"texture":"#0","tintindex":0}}}],"display":{"head":{"translation":[0.0,-6.4,0.0],"rotation":[0.0,0.0,0.0],"scale":[3.8095,3.8095,3.8095]}}}