{"textures":{"0":"modelengine:entity/wolf"},"elements":[{"name":"cube","from":[6.5848904,6.720875,5.07275],"to":[9.455891,8.547874,8.98775],"rotation":{"angle":0.0,"axis":"x","origin":[8.0203905,10.896875,8.85725]},"faces":{"down":{"uv":[10.992,3.008,10.258,3.992],"rotation":0,"texture":"#0","tintindex":0},"east":{"uv":[10.758,4.008,11.742,4.492],"rotation":0,"texture":"#0","tintindex":0},"north":{"uv":[10.758,9.758,11.492,10.242],"rotation":0,"texture":"#0","tintindex":0},"south":{"uv":[11.008,2.008,11.742,2.492],"rotation":0,"texture":"#0","tintindex":0},"up":{"uv":[10.992,2.992,10.258,2.008],"rotation":0,"texture":"#0","tintindex":0},"west":{"uv":[10.758,4.508,11.742,4.992],"rotation":0,"texture":"#0","tintindex":0}}},{"name":"cube","from":[6.9111404,6.720875,2.7237499],"to":[6.9111404,8.547874,5.07275],"rotation":{"angle":0.0,"axis":"x","origin":[6.976391,10.896875,-0.5387502]},"faces":{"down":{"uv":[14.375,2.125,14.742,3.242],"rotation":0,"texture":"#0","tintindex":0},"east":{"uv":[11.625,3.008,11.008,3.492],"rotation":0,"texture":"#0","tintindex":0},"north":{"uv":[14.375,2.125,14.742,3.242],"rotation":0,"texture":"#0","tintindex":0},"south":{"uv":[14.375,2.125,14.742,3.242],"rotation":0,"texture":"#0","tintindex":0},"up":{"uv":[14.375,2.125,14.742,3.242],"rotation":0,"texture":"#0","tintindex":0},"west":{"uv":[11.008,3.008,11.625,3.492],"rotation":0,"texture":"#0","tintindex":0}}},{"name":"cube","from":[7.9551406,6.720875,2.7237499],"to":[7.9551406,8.547874,5.07275],"rotation":{"angle":0.0,"axis":"x","origin":[6.976391,10.896875,-0.5387502]},"faces":{"down":{"uv":[14.375,2.125,14.742,3.242],"rotation":0,"texture":"#0","tintindex":0},"east":{"uv":[11.625,3.008,11.008,3.492],"rotation":0,"texture":"#0","tintindex":0},"north":{"uv":[14.375,2.125,14.742,3.242],"rotation":0,"texture":"#0","tintindex":0},"south":{"uv":[14.375,2.125,14.742,3.242],"rotation":0,"texture":"#0","tintindex":0},"up":{"uv":[14.375,2.125,14.742,3.242],"rotation":0,"texture":"#0","tintindex":0},"west":{"uv":[11.008,3.008,11.625,3.492],"rotation":0,"texture":"#0","tintindex":0}}},{"name":"cube","from":[9.113328,6.720875,2.7237499],"to":[9.113328,8.547874,5.07275],"rotation":{"angle":0.0,"axis":"x","origin":[6.976391,10.896875,-0.5387502]},"faces":{"down":{"uv":[14.375,2.125,14.742,3.242],"rotation":0,"texture":"#0","tintindex":0},"east":{"uv":[11.625,3.008,11.008,3.492],"rotation":0,"texture":"#0","tintindex":0},"north":{"uv":[14.375,2.125,14.742,3.242],"rotation":0,"texture":"#0","tintindex":0},"south":{"uv":[14.375,2.125,14.742,3.242],"rotation":0,"texture":"#0","tintindex":0},"up":{"uv":[14.375,2.125,14.742,3.242],"rotation":0,"texture":"#0","tintindex":0},"west":{"uv":[11.008,3.008,11.625,3.492],"rotation":0,"texture":"#0","tintindex":0}}}],"display":{"head":{"translation":[0.0,-6.4,0.0],"rotation":[0.0,0.0,0.0],"scale":[3.8095,3.8095,3.8095]}}}