{"textures":{"0":"modelengine:entity/wolf"},"elements":[{"from":[6.6458035,4.0298023,6.867998],"to":[9.38009,9.249803,10.347999],"rotation":{"angle":-22.5,"axis":"x","origin":[8.012946,6.6398025,8.607998]},"faces":{"east":{"uv":[6.258,7.758,7.125,9.125],"rotation":0,"texture":"#0","tintindex":0},"south":{"uv":[4.508,8.758,5.242,10.125],"rotation":0,"texture":"#0","tintindex":0},"north":{"uv":[3.758,8.758,4.492,10.125],"rotation":0,"texture":"#0","tintindex":0},"west":{"uv":[1.258,8.008,2.125,9.375],"rotation":0,"texture":"#0","tintindex":0},"up":{"uv":[4.992,11.125,4.258,10.258],"rotation":0,"texture":"#0","tintindex":0},"down":{"uv":[5.742,10.258,5.008,11.125],"rotation":0,"texture":"#0","tintindex":0}}}],"display":{"head":{"translation":[0.0,-6.4,0.0],"scale":[4.0,4.0,4.0]}}}