{"textures":{"0":"modelengine:entity/wolf"},"elements":[{"from":[6.6522765,6.7817855,5.212143],"to":[9.386562,8.521786,8.940714],"rotation":{"angle":0.0,"axis":"y","origin":[8.01942,10.758928,8.816428]},"faces":{"east":{"uv":[10.758,4.008,11.742,4.492],"rotation":0,"texture":"#0","tintindex":0},"south":{"uv":[11.008,2.008,11.742,2.492],"rotation":0,"texture":"#0","tintindex":0},"north":{"uv":[10.758,9.758,11.492,10.242],"rotation":0,"texture":"#0","tintindex":0},"west":{"uv":[10.758,4.508,11.742,4.992],"rotation":0,"texture":"#0","tintindex":0},"up":{"uv":[10.992,2.992,10.258,2.008],"rotation":0,"texture":"#0","tintindex":0},"down":{"uv":[10.992,3.008,10.258,3.992],"rotation":0,"texture":"#0","tintindex":0}}},{"from":[6.9629908,6.7817855,2.975],"to":[6.9629908,8.521786,5.212143],"rotation":{"angle":0.0,"axis":"y","origin":[7.025134,10.758928,-0.13214302]},"faces":{"east":{"uv":[11.625,3.008,11.008,3.492],"rotation":0,"texture":"#0","tintindex":0},"south":{"uv":[14.375,2.125,14.742,3.242],"rotation":0,"texture":"#0","tintindex":0},"north":{"uv":[14.375,2.125,14.742,3.242],"rotation":0,"texture":"#0","tintindex":0},"west":{"uv":[11.008,3.008,11.625,3.492],"rotation":0,"texture":"#0","tintindex":0},"up":{"uv":[14.375,2.125,14.742,3.242],"rotation":0,"texture":"#0","tintindex":0},"down":{"uv":[14.375,2.125,14.742,3.242],"rotation":0,"texture":"#0","tintindex":0}}},{"from":[7.957277,6.7817855,2.975],"to":[7.957277,8.521786,5.212143],"rotation":{"angle":0.0,"axis":"y","origin":[7.025134,10.758928,-0.13214302]},"faces":{"east":{"uv":[11.625,3.008,11.008,3.492],"rotation":0,"texture":"#0","tintindex":0},"south":{"uv":[14.375,2.125,14.742,3.242],"rotation":0,"texture":"#0","tintindex":0},"north":{"uv":[14.375,2.125,14.742,3.242],"rotation":0,"texture":"#0","tintindex":0},"west":{"uv":[11.008,3.008,11.625,3.492],"rotation":0,"texture":"#0","tintindex":0},"up":{"uv":[14.375,2.125,14.742,3.242],"rotation":0,"texture":"#0","tintindex":0},"down":{"uv":[14.375,2.125,14.742,3.242],"rotation":0,"texture":"#0","tintindex":0}}},{"from":[9.060312,6.7817855,2.975],"to":[9.060312,8.521786,5.212143],"rotation":{"angle":0.0,"axis":"y","origin":[7.025134,10.758928,-0.13214302]},"faces":{"east":{"uv":[11.625,3.008,11.008,3.492],"rotation":0,"texture":"#0","tintindex":0},"south":{"uv":[14.375,2.125,14.742,3.242],"rotation":0,"texture":"#0","tintindex":0},"north":{"uv":[14.375,2.125,14.742,3.242],"rotation":0,"texture":"#0","tintindex":0},"west":{"uv":[11.008,3.008,11.625,3.492],"rotation":0,"texture":"#0","tintindex":0},"up":{"uv":[14.375,2.125,14.742,3.242],"rotation":0,"texture":"#0","tintindex":0},"down":{"uv":[14.375,2.125,14.742,3.242],"rotation":0,"texture":"#0","tintindex":0}}}],"display":{"head":{"translation":[0.0,-6.4,0.0],"scale":[4.0,4.0,4.0]}}}