{"textures":{"0":"modelengine:entity/wolf"},"elements":[{"from":[6.6522765,6.5585713,5.515714],"to":[9.386562,8.298572,9.244286],"rotation":{"angle":0.0,"axis":"y","origin":[8.01942,10.535714,9.12]},"faces":{"east":{"uv":[10.258,6.508,11.242,6.992],"rotation":0,"texture":"#0","tintindex":0},"south":{"uv":[10.758,9.258,11.492,9.742],"rotation":0,"texture":"#0","tintindex":0},"north":{"uv":[10.758,8.758,11.492,9.242],"rotation":0,"texture":"#0","tintindex":0},"west":{"uv":[2.258,10.758,3.242,11.242],"rotation":0,"texture":"#0","tintindex":0},"up":{"uv":[10.742,0.992,10.008,0.008],"rotation":0,"texture":"#0","tintindex":0},"down":{"uv":[10.742,9.508,10.008,10.492],"rotation":0,"texture":"#0","tintindex":0}}},{"from":[6.9629908,6.5585713,3.2785711],"to":[6.9629908,8.298572,5.515714],"rotation":{"angle":0.0,"axis":"y","origin":[8.01942,10.535714,9.12]},"faces":{"east":{"uv":[11.625,3.008,11.008,3.492],"rotation":0,"texture":"#0","tintindex":0},"south":{"uv":[14.758,4.125,15.125,5.242],"rotation":0,"texture":"#0","tintindex":0},"north":{"uv":[14.758,4.125,15.125,5.242],"rotation":0,"texture":"#0","tintindex":0},"west":{"uv":[11.008,3.008,11.625,3.492],"rotation":0,"texture":"#0","tintindex":0},"up":{"uv":[14.758,4.125,15.125,5.242],"rotation":0,"texture":"#0","tintindex":0},"down":{"uv":[14.758,4.125,15.125,5.242],"rotation":0,"texture":"#0","tintindex":0}}},{"from":[7.957277,6.5585713,3.2785711],"to":[7.957277,8.298572,5.515714],"rotation":{"angle":0.0,"axis":"y","origin":[8.01942,10.535714,9.12]},"faces":{"east":{"uv":[11.625,3.008,11.008,3.492],"rotation":0,"texture":"#0","tintindex":0},"south":{"uv":[14.375,2.125,14.742,3.242],"rotation":0,"texture":"#0","tintindex":0},"north":{"uv":[14.375,2.125,14.742,3.242],"rotation":0,"texture":"#0","tintindex":0},"west":{"uv":[11.008,3.008,11.625,3.492],"rotation":0,"texture":"#0","tintindex":0},"up":{"uv":[14.375,2.125,14.742,3.242],"rotation":0,"texture":"#0","tintindex":0},"down":{"uv":[14.375,2.125,14.742,3.242],"rotation":0,"texture":"#0","tintindex":0}}},{"from":[9.060312,6.5585713,3.2785711],"to":[9.060312,8.298572,5.515714],"rotation":{"angle":0.0,"axis":"y","origin":[8.01942,10.535714,9.12]},"faces":{"east":{"uv":[11.625,3.008,11.008,3.492],"rotation":0,"texture":"#0","tintindex":0},"south":{"uv":[14.375,2.125,14.742,3.242],"rotation":0,"texture":"#0","tintindex":0},"north":{"uv":[14.375,2.125,14.742,3.242],"rotation":0,"texture":"#0","tintindex":0},"west":{"uv":[11.008,3.008,11.625,3.492],"rotation":0,"texture":"#0","tintindex":0},"up":{"uv":[14.375,2.125,14.742,3.242],"rotation":0,"texture":"#0","tintindex":0},"down":{"uv":[14.375,2.125,14.742,3.242],"rotation":0,"texture":"#0","tintindex":0}}}],"display":{"head":{"translation":[0.0,-6.4,0.0],"scale":[4.0,4.0,4.0]}}}