{"textures":{"0":"modelengine:entity/wolf"},"elements":[{"from":[7.1455355,3.2874055,7.774955],"to":[8.885536,9.501692,10.26067],"rotation":{"angle":22.5,"axis":"x","origin":[8.015535,10.12312,7.277812]},"faces":{"east":{"uv":[2.258,9.008,2.875,10.625],"rotation":0,"texture":"#0","tintindex":0},"south":{"uv":[7.258,9.508,7.742,11.125],"rotation":0,"texture":"#0","tintindex":0},"north":{"uv":[1.758,9.508,2.242,11.125],"rotation":0,"texture":"#0","tintindex":0},"west":{"uv":[3.008,9.008,3.625,10.625],"rotation":0,"texture":"#0","tintindex":0},"up":{"uv":[3.742,11.375,3.258,10.758],"rotation":0,"texture":"#0","tintindex":0},"down":{"uv":[11.492,5.508,11.008,6.125],"rotation":0,"texture":"#0","tintindex":0}}}],"display":{"head":{"translation":[0.0,-6.4,0.0],"scale":[4.0,4.0,4.0]}}}