{"textures":{"0":"modelengine:entity/wolf"},"elements":[{"from":[6.146811,2.6433134,3.8684444],"to":[9.875382,7.8633137,7.3484445],"rotation":{"angle":45.0,"axis":"x","origin":[8.011097,4.7561707,8.094159]},"faces":{"east":{"uv":[8.508,1.258,9.375,2.625],"rotation":0,"texture":"#0","tintindex":0},"south":{"uv":[2.758,7.508,3.742,8.875],"rotation":0,"texture":"#0","tintindex":0},"north":{"uv":[7.508,1.258,8.492,2.625],"rotation":0,"texture":"#0","tintindex":0},"west":{"uv":[8.508,2.758,9.375,4.125],"rotation":0,"texture":"#0","tintindex":0},"up":{"uv":[1.742,10.375,0.758,9.508],"rotation":0,"texture":"#0","tintindex":0},"down":{"uv":[10.492,1.008,9.508,1.875],"rotation":0,"texture":"#0","tintindex":0}}}],"display":{"head":{"translation":[0.0,-6.4,0.0],"scale":[4.0,4.0,4.0]}}}