{"textures":{"0":"modelengine:entity/wolf"},"elements":[{"name":"cube","from":[6.5780935,3.8312926,6.811398],"to":[9.449094,9.312293,10.465399],"rotation":{"angle":-22.5,"axis":"x","origin":[8.013594,6.5717926,8.638398]},"faces":{"down":{"uv":[5.742,10.258,5.008,11.125],"rotation":0,"texture":"#0","tintindex":0},"east":{"uv":[6.258,7.758,7.125,9.125],"rotation":0,"texture":"#0","tintindex":0},"north":{"uv":[3.758,8.758,4.492,10.125],"rotation":0,"texture":"#0","tintindex":0},"south":{"uv":[4.508,8.758,5.242,10.125],"rotation":0,"texture":"#0","tintindex":0},"up":{"uv":[4.992,11.125,4.258,10.258],"rotation":0,"texture":"#0","tintindex":0},"west":{"uv":[1.258,8.008,2.125,9.375],"rotation":0,"texture":"#0","tintindex":0}}}],"display":{"head":{"translation":[0.0,-6.4,0.0],"rotation":[0.0,0.0,0.0],"scale":[3.8095,3.8095,3.8095]}}}