{"textures":{"0":"modelengine:entity/wolf"},"elements":[{"name":"cube","from":[6.0541515,2.3754792,3.6618667],"to":[9.969152,7.8564796,7.315867],"rotation":{"angle":45.0,"axis":"x","origin":[8.011652,4.593979,8.098866]},"faces":{"down":{"uv":[10.492,1.008,9.508,1.875],"rotation":0,"texture":"#0","tintindex":0},"east":{"uv":[8.508,1.258,9.375,2.625],"rotation":0,"texture":"#0","tintindex":0},"north":{"uv":[7.508,1.258,8.492,2.625],"rotation":0,"texture":"#0","tintindex":0},"south":{"uv":[2.758,7.508,3.742,8.875],"rotation":0,"texture":"#0","tintindex":0},"up":{"uv":[1.742,10.375,0.758,9.508],"rotation":0,"texture":"#0","tintindex":0},"west":{"uv":[8.508,2.758,9.375,4.125],"rotation":0,"texture":"#0","tintindex":0}}}],"display":{"head":{"translation":[0.0,-6.4,0.0],"rotation":[0.0,0.0,0.0],"scale":[3.8095,3.8095,3.8095]}}}