{"textures":{"0":"modelengine:entity/wolf"},"elements":[{"name":"cube","from":[7.1028123,4.2115097,5.915004],"to":[8.929812,10.475511,8.525003],"rotation":{"angle":45.0,"axis":"x","origin":[8.016313,7.2130103,5.654003]},"faces":{"down":{"uv":[1.992,11.258,1.508,11.875],"rotation":0,"texture":"#0","tintindex":0},"east":{"uv":[9.258,7.758,9.875,9.242],"rotation":0,"texture":"#0","tintindex":0},"north":{"uv":[3.758,10.258,4.242,11.742],"rotation":0,"texture":"#0","tintindex":0},"south":{"uv":[10.258,4.008,10.742,5.492],"rotation":0,"texture":"#0","tintindex":0},"up":{"uv":[11.742,1.625,11.258,1.008],"rotation":0,"texture":"#0","tintindex":0},"west":{"uv":[9.258,9.258,9.875,10.742],"rotation":0,"texture":"#0","tintindex":0}}}],"display":{"head":{"translation":[0.0,-6.4,0.0],"rotation":[0.0,0.0,0.0],"scale":[3.8095,3.8095,3.8095]}}}