{"textures":{"0":"modelengine:entity/wolf"},"elements":[{"name":"cube","from":[6.5780935,4.6815777,5.0319266],"to":[9.449094,10.162579,8.685926],"rotation":{"angle":-45.0,"axis":"x","origin":[8.013594,9.510078,7.9029264]},"faces":{"down":{"uv":[6.492,10.258,5.758,11.125],"rotation":0,"texture":"#0","tintindex":0},"east":{"uv":[7.258,8.008,8.125,9.375],"rotation":0,"texture":"#0","tintindex":0},"north":{"uv":[5.258,8.758,5.992,10.125],"rotation":0,"texture":"#0","tintindex":0},"south":{"uv":[0.008,9.008,0.742,10.375],"rotation":0,"texture":"#0","tintindex":0},"up":{"uv":[10.992,6.375,10.258,5.508],"rotation":0,"texture":"#0","tintindex":0},"west":{"uv":[8.258,8.008,9.125,9.375],"rotation":0,"texture":"#0","tintindex":0}}}],"display":{"head":{"translation":[0.0,-6.4,0.0],"rotation":[0.0,0.0,0.0],"scale":[3.8095,3.8095,3.8095]}}}