{"textures":{"0":"modelengine:entity/wolf"},"elements":[{"name":"cube","from":[6.550906,3.8312926,6.811398],"to":[9.4219055,9.312293,10.465399],"rotation":{"angle":-22.5,"axis":"x","origin":[7.9864063,6.5717926,8.638398]},"faces":{"down":{"uv":[5.008,10.258,5.742,11.125],"rotation":0,"texture":"#0","tintindex":0},"east":{"uv":[2.125,8.008,1.258,9.375],"rotation":0,"texture":"#0","tintindex":0},"north":{"uv":[4.492,8.758,3.758,10.125],"rotation":0,"texture":"#0","tintindex":0},"south":{"uv":[5.242,8.758,4.508,10.125],"rotation":0,"texture":"#0","tintindex":0},"up":{"uv":[4.258,11.125,4.992,10.258],"rotation":0,"texture":"#0","tintindex":0},"west":{"uv":[7.125,7.758,6.258,9.125],"rotation":0,"texture":"#0","tintindex":0}}}],"display":{"head":{"translation":[0.0,-6.4,0.0],"rotation":[0.0,0.0,0.0],"scale":[3.8095,3.8095,3.8095]}}}