{"textures":{"0":"modelengine:entity/wolf"},"elements":[{"from":[6.124617,2.6433134,3.8684444],"to":[9.8531885,7.8633137,7.3484445],"rotation":{"angle":45.0,"axis":"x","origin":[7.988903,4.7561707,8.094159]},"faces":{"east":{"uv":[9.375,2.758,8.508,4.125],"rotation":0,"texture":"#0","tintindex":0},"south":{"uv":[3.742,7.508,2.758,8.875],"rotation":0,"texture":"#0","tintindex":0},"north":{"uv":[8.492,1.258,7.508,2.625],"rotation":0,"texture":"#0","tintindex":0},"west":{"uv":[9.375,1.258,8.508,2.625],"rotation":0,"texture":"#0","tintindex":0},"up":{"uv":[0.758,10.375,1.742,9.508],"rotation":0,"texture":"#0","tintindex":0},"down":{"uv":[9.508,1.008,10.492,1.875],"rotation":0,"texture":"#0","tintindex":0}}}],"display":{"head":{"translation":[0.0,-6.4,0.0],"scale":[4.0,4.0,4.0]}}}