{"textures":{"0":"modelengine:entity/wolf"},"elements":[{"from":[6.6134377,6.7817855,5.212143],"to":[9.347723,8.521786,8.940714],"rotation":{"angle":0.0,"axis":"y","origin":[7.9805803,10.758928,8.816428]},"faces":{"east":{"uv":[11.742,4.508,10.758,4.992],"rotation":0,"texture":"#0","tintindex":0},"south":{"uv":[11.742,2.008,11.008,2.492],"rotation":0,"texture":"#0","tintindex":0},"north":{"uv":[11.492,9.758,10.758,10.242],"rotation":0,"texture":"#0","tintindex":0},"west":{"uv":[11.742,4.008,10.758,4.492],"rotation":0,"texture":"#0","tintindex":0},"up":{"uv":[10.258,2.992,10.992,2.008],"rotation":0,"texture":"#0","tintindex":0},"down":{"uv":[10.258,3.008,10.992,3.992],"rotation":0,"texture":"#0","tintindex":0}}},{"from":[9.037009,6.7817855,2.975],"to":[9.037009,8.521786,5.212143],"rotation":{"angle":0.0,"axis":"y","origin":[8.974866,10.758928,-0.13214302]},"faces":{"east":{"uv":[11.625,3.008,11.008,3.492],"rotation":0,"texture":"#0","tintindex":0},"south":{"uv":[14.742,2.125,14.375,3.242],"rotation":0,"texture":"#0","tintindex":0},"north":{"uv":[14.742,2.125,14.375,3.242],"rotation":0,"texture":"#0","tintindex":0},"west":{"uv":[11.008,3.008,11.625,3.492],"rotation":0,"texture":"#0","tintindex":0},"up":{"uv":[14.742,2.125,14.375,3.242],"rotation":0,"texture":"#0","tintindex":0},"down":{"uv":[14.742,2.125,14.375,3.242],"rotation":0,"texture":"#0","tintindex":0}}},{"from":[8.042724,6.7817855,2.975],"to":[8.042724,8.521786,5.212143],"rotation":{"angle":0.0,"axis":"y","origin":[8.974866,10.758928,-0.13214302]},"faces":{"east":{"uv":[11.625,3.008,11.008,3.492],"rotation":0,"texture":"#0","tintindex":0},"south":{"uv":[14.742,2.125,14.375,3.242],"rotation":0,"texture":"#0","tintindex":0},"north":{"uv":[14.742,2.125,14.375,3.242],"rotation":0,"texture":"#0","tintindex":0},"west":{"uv":[11.008,3.008,11.625,3.492],"rotation":0,"texture":"#0","tintindex":0},"up":{"uv":[14.742,2.125,14.375,3.242],"rotation":0,"texture":"#0","tintindex":0},"down":{"uv":[14.742,2.125,14.375,3.242],"rotation":0,"texture":"#0","tintindex":0}}},{"from":[6.9396877,6.7817855,2.975],"to":[6.9396877,8.521786,5.212143],"rotation":{"angle":0.0,"axis":"y","origin":[8.974866,10.758928,-0.13214302]},"faces":{"east":{"uv":[11.625,3.008,11.008,3.492],"rotation":0,"texture":"#0","tintindex":0},"south":{"uv":[14.742,2.125,14.375,3.242],"rotation":0,"texture":"#0","tintindex":0},"north":{"uv":[14.742,2.125,14.375,3.242],"rotation":0,"texture":"#0","tintindex":0},"west":{"uv":[11.008,3.008,11.625,3.492],"rotation":0,"texture":"#0","tintindex":0},"up":{"uv":[14.742,2.125,14.375,3.242],"rotation":0,"texture":"#0","tintindex":0},"down":{"uv":[14.742,2.125,14.375,3.242],"rotation":0,"texture":"#0","tintindex":0}}}],"display":{"head":{"translation":[0.0,-6.4,0.0],"scale":[4.0,4.0,4.0]}}}