{"textures":{"0":"modelengine:entity/wolf"},"elements":[{"from":[6.6134377,6.5585713,5.515714],"to":[9.347723,8.298572,9.244286],"rotation":{"angle":0.0,"axis":"y","origin":[7.9805803,10.535714,9.12]},"faces":{"east":{"uv":[3.242,10.758,2.258,11.242],"rotation":0,"texture":"#0","tintindex":0},"south":{"uv":[11.492,9.258,10.758,9.742],"rotation":0,"texture":"#0","tintindex":0},"north":{"uv":[11.492,8.758,10.758,9.242],"rotation":0,"texture":"#0","tintindex":0},"west":{"uv":[11.242,6.508,10.258,6.992],"rotation":0,"texture":"#0","tintindex":0},"up":{"uv":[10.008,0.992,10.742,0.008],"rotation":0,"texture":"#0","tintindex":0},"down":{"uv":[10.008,9.508,10.742,10.492],"rotation":0,"texture":"#0","tintindex":0}}},{"from":[9.037009,6.5585713,3.2785711],"to":[9.037009,8.298572,5.515714],"rotation":{"angle":0.0,"axis":"y","origin":[7.9805803,10.535714,9.12]},"faces":{"east":{"uv":[11.625,3.008,11.008,3.492],"rotation":0,"texture":"#0","tintindex":0},"south":{"uv":[15.125,4.125,14.758,5.242],"rotation":0,"texture":"#0","tintindex":0},"north":{"uv":[15.125,4.125,14.758,5.242],"rotation":0,"texture":"#0","tintindex":0},"west":{"uv":[11.008,3.008,11.625,3.492],"rotation":0,"texture":"#0","tintindex":0},"up":{"uv":[15.125,4.125,14.758,5.242],"rotation":0,"texture":"#0","tintindex":0},"down":{"uv":[15.125,4.125,14.758,5.242],"rotation":0,"texture":"#0","tintindex":0}}},{"from":[8.042724,6.5585713,3.2785711],"to":[8.042724,8.298572,5.515714],"rotation":{"angle":0.0,"axis":"y","origin":[7.9805803,10.535714,9.12]},"faces":{"east":{"uv":[11.625,3.008,11.008,3.492],"rotation":0,"texture":"#0","tintindex":0},"south":{"uv":[14.742,2.125,14.375,3.242],"rotation":0,"texture":"#0","tintindex":0},"north":{"uv":[14.742,2.125,14.375,3.242],"rotation":0,"texture":"#0","tintindex":0},"west":{"uv":[11.008,3.008,11.625,3.492],"rotation":0,"texture":"#0","tintindex":0},"up":{"uv":[14.742,2.125,14.375,3.242],"rotation":0,"texture":"#0","tintindex":0},"down":{"uv":[14.742,2.125,14.375,3.242],"rotation":0,"texture":"#0","tintindex":0}}},{"from":[6.9396877,6.5585713,3.2785711],"to":[6.9396877,8.298572,5.515714],"rotation":{"angle":0.0,"axis":"y","origin":[7.9805803,10.535714,9.12]},"faces":{"east":{"uv":[11.625,3.008,11.008,3.492],"rotation":0,"texture":"#0","tintindex":0},"south":{"uv":[14.742,2.125,14.375,3.242],"rotation":0,"texture":"#0","tintindex":0},"north":{"uv":[14.742,2.125,14.375,3.242],"rotation":0,"texture":"#0","tintindex":0},"west":{"uv":[11.008,3.008,11.625,3.492],"rotation":0,"texture":"#0","tintindex":0},"up":{"uv":[14.742,2.125,14.375,3.242],"rotation":0,"texture":"#0","tintindex":0},"down":{"uv":[14.742,2.125,14.375,3.242],"rotation":0,"texture":"#0","tintindex":0}}}],"display":{"head":{"translation":[0.0,-6.4,0.0],"scale":[4.0,4.0,4.0]}}}