{"textures":{"0":"modelengine:entity/wolf"},"elements":[{"from":[6.6199107,4.8395977,5.1732635],"to":[9.354197,10.059598,8.653264],"rotation":{"angle":-45.0,"axis":"x","origin":[7.9870534,9.4381695,7.9075494]},"faces":{"east":{"uv":[9.125,8.008,8.258,9.375],"rotation":0,"texture":"#0","tintindex":0},"south":{"uv":[0.742,9.008,0.008,10.375],"rotation":0,"texture":"#0","tintindex":0},"north":{"uv":[5.992,8.758,5.258,10.125],"rotation":0,"texture":"#0","tintindex":0},"west":{"uv":[8.125,8.008,7.258,9.375],"rotation":0,"texture":"#0","tintindex":0},"up":{"uv":[10.258,6.375,10.992,5.508],"rotation":0,"texture":"#0","tintindex":0},"down":{"uv":[5.758,10.258,6.492,11.125],"rotation":0,"texture":"#0","tintindex":0}}}],"display":{"head":{"translation":[0.0,-6.4,0.0],"scale":[4.0,4.0,4.0]}}}