{"textures":{"0":"modelengine:entity/wolf"},"elements":[{"from":[7.1144643,3.2874055,7.774955],"to":[8.854465,9.501692,10.26067],"rotation":{"angle":22.5,"axis":"x","origin":[7.984464,10.12312,7.277812]},"faces":{"east":{"uv":[3.625,9.008,3.008,10.625],"rotation":0,"texture":"#0","tintindex":0},"south":{"uv":[7.742,9.508,7.258,11.125],"rotation":0,"texture":"#0","tintindex":0},"north":{"uv":[2.242,9.508,1.758,11.125],"rotation":0,"texture":"#0","tintindex":0},"west":{"uv":[2.875,9.008,2.258,10.625],"rotation":0,"texture":"#0","tintindex":0},"up":{"uv":[3.258,11.375,3.742,10.758],"rotation":0,"texture":"#0","tintindex":0},"down":{"uv":[11.008,5.508,11.492,6.125],"rotation":0,"texture":"#0","tintindex":0}}}],"display":{"head":{"translation":[0.0,-6.4,0.0],"scale":[4.0,4.0,4.0]}}}