{"textures":{"0":"modelengine:entity/wolf"},"elements":[{"name":"cube","from":[6.5441093,6.4865,5.3915],"to":[9.41511,8.313499,9.3064995],"rotation":{"angle":0.0,"axis":"x","origin":[7.979609,10.6625,9.176001]},"faces":{"down":{"uv":[10.008,9.508,10.742,10.492],"rotation":0,"texture":"#0","tintindex":0},"east":{"uv":[3.242,10.758,2.258,11.242],"rotation":0,"texture":"#0","tintindex":0},"north":{"uv":[11.492,8.758,10.758,9.242],"rotation":0,"texture":"#0","tintindex":0},"south":{"uv":[11.492,9.258,10.758,9.742],"rotation":0,"texture":"#0","tintindex":0},"up":{"uv":[10.008,0.992,10.742,0.008],"rotation":0,"texture":"#0","tintindex":0},"west":{"uv":[11.242,6.508,10.258,6.992],"rotation":0,"texture":"#0","tintindex":0}}},{"name":"cube","from":[9.08886,6.4865,3.0425],"to":[9.08886,8.313499,5.3915],"rotation":{"angle":0.0,"axis":"x","origin":[7.979609,10.6625,9.176001]},"faces":{"down":{"uv":[15.125,4.125,14.758,5.242],"rotation":0,"texture":"#0","tintindex":0},"east":{"uv":[11.625,3.008,11.008,3.492],"rotation":0,"texture":"#0","tintindex":0},"north":{"uv":[15.125,4.125,14.758,5.242],"rotation":0,"texture":"#0","tintindex":0},"south":{"uv":[15.125,4.125,14.758,5.242],"rotation":0,"texture":"#0","tintindex":0},"up":{"uv":[15.125,4.125,14.758,5.242],"rotation":0,"texture":"#0","tintindex":0},"west":{"uv":[11.008,3.008,11.625,3.492],"rotation":0,"texture":"#0","tintindex":0}}},{"name":"cube","from":[8.044859,6.4865,3.0425],"to":[8.044859,8.313499,5.3915],"rotation":{"angle":0.0,"axis":"x","origin":[7.979609,10.6625,9.176001]},"faces":{"down":{"uv":[14.742,2.125,14.375,3.242],"rotation":0,"texture":"#0","tintindex":0},"east":{"uv":[11.625,3.008,11.008,3.492],"rotation":0,"texture":"#0","tintindex":0},"north":{"uv":[14.742,2.125,14.375,3.242],"rotation":0,"texture":"#0","tintindex":0},"south":{"uv":[14.742,2.125,14.375,3.242],"rotation":0,"texture":"#0","tintindex":0},"up":{"uv":[14.742,2.125,14.375,3.242],"rotation":0,"texture":"#0","tintindex":0},"west":{"uv":[11.008,3.008,11.625,3.492],"rotation":0,"texture":"#0","tintindex":0}}},{"name":"cube","from":[6.886672,6.4865,3.0425],"to":[6.886672,8.313499,5.3915],"rotation":{"angle":0.0,"axis":"x","origin":[7.979609,10.6625,9.176001]},"faces":{"down":{"uv":[14.742,2.125,14.375,3.242],"rotation":0,"texture":"#0","tintindex":0},"east":{"uv":[11.625,3.008,11.008,3.492],"rotation":0,"texture":"#0","tintindex":0},"north":{"uv":[14.742,2.125,14.375,3.242],"rotation":0,"texture":"#0","tintindex":0},"south":{"uv":[14.742,2.125,14.375,3.242],"rotation":0,"texture":"#0","tintindex":0},"up":{"uv":[14.742,2.125,14.375,3.242],"rotation":0,"texture":"#0","tintindex":0},"west":{"uv":[11.008,3.008,11.625,3.492],"rotation":0,"texture":"#0","tintindex":0}}}],"display":{"head":{"translation":[0.0,-6.4,0.0],"rotation":[0.0,0.0,0.0],"scale":[3.8095,3.8095,3.8095]}}}