{"textures":{"0":"modelengine:entity/wolf"},"elements":[{"name":"cube","from":[7.0701876,3.051776,7.763703],"to":[8.897188,9.5767765,10.373703],"rotation":{"angle":22.5,"axis":"x","origin":[7.9836874,10.229277,7.2417026]},"faces":{"down":{"uv":[11.008,5.508,11.492,6.125],"rotation":0,"texture":"#0","tintindex":0},"east":{"uv":[3.625,9.008,3.008,10.625],"rotation":0,"texture":"#0","tintindex":0},"north":{"uv":[2.242,9.508,1.758,11.125],"rotation":0,"texture":"#0","tintindex":0},"south":{"uv":[7.742,9.508,7.258,11.125],"rotation":0,"texture":"#0","tintindex":0},"up":{"uv":[3.258,11.375,3.742,10.758],"rotation":0,"texture":"#0","tintindex":0},"west":{"uv":[2.875,9.008,2.258,10.625],"rotation":0,"texture":"#0","tintindex":0}}}],"display":{"head":{"translation":[0.0,-6.4,0.0],"rotation":[0.0,0.0,0.0],"scale":[3.8095,3.8095,3.8095]}}}