{"textures":{"0":"modelengine:entity/wolf"},"elements":[{"name":"cube","from":[6.5441093,6.720875,5.07275],"to":[9.41511,8.547874,8.98775],"rotation":{"angle":0.0,"axis":"x","origin":[7.9796095,10.896875,8.85725]},"faces":{"down":{"uv":[10.258,3.008,10.992,3.992],"rotation":0,"texture":"#0","tintindex":0},"east":{"uv":[11.742,4.508,10.758,4.992],"rotation":0,"texture":"#0","tintindex":0},"north":{"uv":[11.492,9.758,10.758,10.242],"rotation":0,"texture":"#0","tintindex":0},"south":{"uv":[11.742,2.008,11.008,2.492],"rotation":0,"texture":"#0","tintindex":0},"up":{"uv":[10.258,2.992,10.992,2.008],"rotation":0,"texture":"#0","tintindex":0},"west":{"uv":[11.742,4.008,10.758,4.492],"rotation":0,"texture":"#0","tintindex":0}}},{"name":"cube","from":[9.08886,6.720875,2.7237499],"to":[9.08886,8.547874,5.07275],"rotation":{"angle":0.0,"axis":"x","origin":[9.023609,10.896875,-0.5387502]},"faces":{"down":{"uv":[14.742,2.125,14.375,3.242],"rotation":0,"texture":"#0","tintindex":0},"east":{"uv":[11.625,3.008,11.008,3.492],"rotation":0,"texture":"#0","tintindex":0},"north":{"uv":[14.742,2.125,14.375,3.242],"rotation":0,"texture":"#0","tintindex":0},"south":{"uv":[14.742,2.125,14.375,3.242],"rotation":0,"texture":"#0","tintindex":0},"up":{"uv":[14.742,2.125,14.375,3.242],"rotation":0,"texture":"#0","tintindex":0},"west":{"uv":[11.008,3.008,11.625,3.492],"rotation":0,"texture":"#0","tintindex":0}}},{"name":"cube","from":[8.04486,6.720875,2.7237499],"to":[8.04486,8.547874,5.07275],"rotation":{"angle":0.0,"axis":"x","origin":[9.023609,10.896875,-0.5387502]},"faces":{"down":{"uv":[14.742,2.125,14.375,3.242],"rotation":0,"texture":"#0","tintindex":0},"east":{"uv":[11.625,3.008,11.008,3.492],"rotation":0,"texture":"#0","tintindex":0},"north":{"uv":[14.742,2.125,14.375,3.242],"rotation":0,"texture":"#0","tintindex":0},"south":{"uv":[14.742,2.125,14.375,3.242],"rotation":0,"texture":"#0","tintindex":0},"up":{"uv":[14.742,2.125,14.375,3.242],"rotation":0,"texture":"#0","tintindex":0},"west":{"uv":[11.008,3.008,11.625,3.492],"rotation":0,"texture":"#0","tintindex":0}}},{"name":"cube","from":[6.886672,6.720875,2.7237499],"to":[6.886672,8.547874,5.07275],"rotation":{"angle":0.0,"axis":"x","origin":[9.023609,10.896875,-0.5387502]},"faces":{"down":{"uv":[14.742,2.125,14.375,3.242],"rotation":0,"texture":"#0","tintindex":0},"east":{"uv":[11.625,3.008,11.008,3.492],"rotation":0,"texture":"#0","tintindex":0},"north":{"uv":[14.742,2.125,14.375,3.242],"rotation":0,"texture":"#0","tintindex":0},"south":{"uv":[14.742,2.125,14.375,3.242],"rotation":0,"texture":"#0","tintindex":0},"up":{"uv":[14.742,2.125,14.375,3.242],"rotation":0,"texture":"#0","tintindex":0},"west":{"uv":[11.008,3.008,11.625,3.492],"rotation":0,"texture":"#0","tintindex":0}}}],"display":{"head":{"translation":[0.0,-6.4,0.0],"rotation":[0.0,0.0,0.0],"scale":[3.8095,3.8095,3.8095]}}}