{"textures":{"0":"modelengine:entity/wolf"},"elements":[{"name":"cube","from":[6.0308485,2.3754792,3.6618667],"to":[9.945848,7.8564796,7.315867],"rotation":{"angle":45.0,"axis":"x","origin":[7.988348,4.593979,8.098866]},"faces":{"down":{"uv":[9.508,1.008,10.492,1.875],"rotation":0,"texture":"#0","tintindex":0},"east":{"uv":[9.375,2.758,8.508,4.125],"rotation":0,"texture":"#0","tintindex":0},"north":{"uv":[8.492,1.258,7.508,2.625],"rotation":0,"texture":"#0","tintindex":0},"south":{"uv":[3.742,7.508,2.758,8.875],"rotation":0,"texture":"#0","tintindex":0},"up":{"uv":[0.758,10.375,1.742,9.508],"rotation":0,"texture":"#0","tintindex":0},"west":{"uv":[9.375,1.258,8.508,2.625],"rotation":0,"texture":"#0","tintindex":0}}}],"display":{"head":{"translation":[0.0,-6.4,0.0],"rotation":[0.0,0.0,0.0],"scale":[3.8095,3.8095,3.8095]}}}