{"textures":{"0":"modelengine:entity/wolf"},"elements":[{"from":[7.1144643,4.3919144,6.014289],"to":[8.854465,10.357629,8.500004],"rotation":{"angle":45.0,"axis":"x","origin":[7.984464,7.250486,5.7657175]},"faces":{"east":{"uv":[9.875,9.258,9.258,10.742],"rotation":0,"texture":"#0","tintindex":0},"south":{"uv":[10.742,4.008,10.258,5.492],"rotation":0,"texture":"#0","tintindex":0},"north":{"uv":[4.242,10.258,3.758,11.742],"rotation":0,"texture":"#0","tintindex":0},"west":{"uv":[9.875,7.758,9.258,9.242],"rotation":0,"texture":"#0","tintindex":0},"up":{"uv":[11.258,1.625,11.742,1.008],"rotation":0,"texture":"#0","tintindex":0},"down":{"uv":[1.508,11.258,1.992,11.875],"rotation":0,"texture":"#0","tintindex":0}}}],"display":{"head":{"translation":[0.0,-6.4,0.0],"scale":[4.0,4.0,4.0]}}}