{"textures":{"0":"modelengine:entity/wolf"},"elements":[{"from":[6.6199107,4.0298023,6.867998],"to":[9.354197,9.249803,10.347999],"rotation":{"angle":-22.5,"axis":"x","origin":[7.9870534,6.6398025,8.607998]},"faces":{"east":{"uv":[2.125,8.008,1.258,9.375],"rotation":0,"texture":"#0","tintindex":0},"south":{"uv":[5.242,8.758,4.508,10.125],"rotation":0,"texture":"#0","tintindex":0},"north":{"uv":[4.492,8.758,3.758,10.125],"rotation":0,"texture":"#0","tintindex":0},"west":{"uv":[7.125,7.758,6.258,9.125],"rotation":0,"texture":"#0","tintindex":0},"up":{"uv":[4.258,11.125,4.992,10.258],"rotation":0,"texture":"#0","tintindex":0},"down":{"uv":[5.008,10.258,5.742,11.125],"rotation":0,"texture":"#0","tintindex":0}}}],"display":{"head":{"translation":[0.0,-6.4,0.0],"scale":[4.0,4.0,4.0]}}}