{"textures":{"0":"modelengine:entity/wolf"},"elements":[{"name":"cube","from":[6.5645,5.3780007,7.2937827],"to":[9.4355,9.032001,9.642782],"rotation":{"angle":-22.5,"axis":"x","origin":[8.0,6.683001,9.251282]},"faces":{"down":{"uv":[8.492,10.758,7.758,11.375],"rotation":0,"texture":"#0","tintindex":0},"east":{"uv":[10.508,10.508,11.125,11.375],"rotation":0,"texture":"#0","tintindex":0},"north":{"uv":[0.758,10.508,1.492,11.375],"rotation":0,"texture":"#0","tintindex":0},"south":{"uv":[10.508,1.008,11.242,1.875],"rotation":0,"texture":"#0","tintindex":0},"up":{"uv":[11.492,8.125,10.758,7.508],"rotation":0,"texture":"#0","tintindex":0},"west":{"uv":[10.758,0.008,11.375,0.875],"rotation":0,"texture":"#0","tintindex":0}}}],"display":{"head":{"translation":[0.0,-6.4,0.0],"rotation":[0.0,0.0,0.0],"scale":[3.8095,3.8095,3.8095]}}}