{"textures":{"0":"modelengine:entity/wolf"},"elements":[{"from":[6.6328573,5.502858,7.3274126],"to":[9.367143,8.982859,9.564556],"rotation":{"angle":-22.5,"axis":"x","origin":[8.0,6.745715,9.191698]},"faces":{"east":{"uv":[10.508,10.508,11.125,11.375],"rotation":0,"texture":"#0","tintindex":0},"south":{"uv":[10.508,1.008,11.242,1.875],"rotation":0,"texture":"#0","tintindex":0},"north":{"uv":[0.758,10.508,1.492,11.375],"rotation":0,"texture":"#0","tintindex":0},"west":{"uv":[10.758,0.008,11.375,0.875],"rotation":0,"texture":"#0","tintindex":0},"up":{"uv":[11.492,8.125,10.758,7.508],"rotation":0,"texture":"#0","tintindex":0},"down":{"uv":[8.492,10.758,7.758,11.375],"rotation":0,"texture":"#0","tintindex":0}}}],"display":{"head":{"translation":[0.0,-6.4,0.0],"scale":[4.0,4.0,4.0]}}}