{"textures":{"0":"modelengine:entity/wolf"},"elements":[{"name":"cube","from":[6.5645,4.882684,6.576562],"to":[9.4355,8.275684,11.274562],"rotation":{"angle":22.5,"axis":"x","origin":[8.0,7.1011844,11.535562]},"faces":{"down":{"uv":[10.242,3.258,9.508,4.375],"rotation":0,"texture":"#0","tintindex":0},"east":{"uv":[8.758,0.008,9.875,0.875],"rotation":0,"texture":"#0","tintindex":0},"north":{"uv":[6.508,10.258,7.242,11.125],"rotation":0,"texture":"#0","tintindex":0},"south":{"uv":[0.008,10.508,0.742,11.375],"rotation":0,"texture":"#0","tintindex":0},"up":{"uv":[10.242,3.125,9.508,2.008],"rotation":0,"texture":"#0","tintindex":0},"west":{"uv":[6.008,9.258,7.125,10.125],"rotation":0,"texture":"#0","tintindex":0}}}],"display":{"head":{"translation":[0.0,-6.4,0.0],"rotation":[0.0,0.0,0.0],"scale":[3.8095,3.8095,3.8095]}}}