{"textures":{"0":"modelengine:entity/mso_miner_dwarf"},"elements":[{"name":"cube","from":[3.995029,6.7324753,6.5486803],"to":[9.995029,9.132475,11.3486805],"rotation":{"angle":22.5,"axis":"x","origin":[6.995029,8.532475,8.948681]},"faces":{"down":{"uv":[1.25,2.5,0.0,3.5],"rotation":0,"texture":"#0","tintindex":0},"east":{"uv":[0.0,6.125,1.0,6.625],"rotation":0,"texture":"#0","tintindex":0},"north":{"uv":[5.625,3.125,6.875,3.625],"rotation":0,"texture":"#0","tintindex":0},"south":{"uv":[3.75,5.75,5.0,6.25],"rotation":0,"texture":"#0","tintindex":0},"up":{"uv":[2.625,3.25,1.375,2.25],"rotation":0,"texture":"#0","tintindex":0},"west":{"uv":[3.25,6.25,4.25,6.75],"rotation":0,"texture":"#0","tintindex":0}}},{"name":"cube","from":[3.995029,10.632475,5.7986803],"to":[9.995029,13.032475,11.3486805],"rotation":{"angle":-22.5,"axis":"x","origin":[6.995029,11.232475,8.948681]},"faces":{"down":{"uv":[2.625,1.125,1.375,2.25],"rotation":0,"texture":"#0","tintindex":0},"east":{"uv":[1.0,5.875,2.125,6.375],"rotation":0,"texture":"#0","tintindex":0},"north":{"uv":[5.75,4.625,7.0,5.125],"rotation":0,"texture":"#0","tintindex":0},"south":{"uv":[5.0,5.75,6.25,6.25],"rotation":0,"texture":"#0","tintindex":0},"up":{"uv":[2.625,1.125,1.375,0.0],"rotation":0,"texture":"#0","tintindex":0},"west":{"uv":[2.125,6.25,3.25,6.75],"rotation":0,"texture":"#0","tintindex":0}}},{"name":"cube","from":[4.2950287,11.982475,5.64868],"to":[9.695029,14.982475,10.5986805],"rotation":{"angle":-45.0,"axis":"x","origin":[6.995029,12.582476,8.3486805]},"faces":{"down":{"uv":[3.75,2.75,2.625,3.75],"rotation":0,"texture":"#0","tintindex":0},"east":{"uv":[5.75,5.125,6.75,5.75],"rotation":0,"texture":"#0","tintindex":0},"north":{"uv":[5.375,4.0,6.5,4.625],"rotation":0,"texture":"#0","tintindex":0},"south":{"uv":[5.625,1.0,6.75,1.625],"rotation":0,"texture":"#0","tintindex":0},"up":{"uv":[3.75,2.75,2.625,1.75],"rotation":0,"texture":"#0","tintindex":0},"west":{"uv":[5.875,0.0,6.875,0.625],"rotation":0,"texture":"#0","tintindex":0}}},{"name":"cube","from":[3.8450289,7.7824755,5.3486805],"to":[10.145029,11.682475,11.49868],"rotation":{"angle":0.0,"axis":"x","origin":[6.995029,8.532475,8.948681]},"faces":{"down":{"uv":[1.375,1.25,0.0,2.5],"rotation":0,"texture":"#0","tintindex":0},"east":{"uv":[1.25,3.25,2.5,4.125],"rotation":0,"texture":"#0","tintindex":0},"north":{"uv":[2.625,0.0,4.0,0.875],"rotation":0,"texture":"#0","tintindex":0},"south":{"uv":[2.625,0.875,4.0,1.75],"rotation":0,"texture":"#0","tintindex":0},"up":{"uv":[1.375,1.25,0.0,0.0],"rotation":0,"texture":"#0","tintindex":0},"west":{"uv":[0.0,3.5,1.25,4.375],"rotation":0,"texture":"#0","tintindex":0}}},{"name":"cube","from":[5.0450287,9.732475,10.89868],"to":[8.945029,15.432476,14.648681],"rotation":{"angle":-22.5,"axis":"x","origin":[6.995029,11.982475,13.673681]},"faces":{"down":{"uv":[6.5,2.375,5.625,3.125],"rotation":0,"texture":"#0","tintindex":0},"east":{"uv":[2.25,5.0,3.0,6.25],"rotation":0,"texture":"#0","tintindex":0},"north":{"uv":[3.75,1.75,4.625,3.0],"rotation":0,"texture":"#0","tintindex":0},"south":{"uv":[2.5,3.75,3.375,5.0],"rotation":0,"texture":"#0","tintindex":0},"up":{"uv":[6.5,2.375,5.625,1.625],"rotation":0,"texture":"#0","tintindex":0},"west":{"uv":[3.0,5.0,3.75,6.25],"rotation":0,"texture":"#0","tintindex":0}}},{"name":"cube","from":[4.895029,13.482475,9.698681],"to":[9.095029,15.732475,14.198681],"rotation":{"angle":0.0,"axis":"x","origin":[6.995029,11.982475,13.673681]},"faces":{"down":{"uv":[5.875,0.0,5.0,1.0],"rotation":0,"texture":"#0","tintindex":0},"east":{"uv":[4.25,6.25,5.25,6.75],"rotation":0,"texture":"#0","tintindex":0},"north":{"uv":[6.25,5.75,7.125,6.25],"rotation":0,"texture":"#0","tintindex":0},"south":{"uv":[6.25,6.25,7.125,6.75],"rotation":0,"texture":"#0","tintindex":0},"up":{"uv":[5.625,4.0,4.75,3.0],"rotation":0,"texture":"#0","tintindex":0},"west":{"uv":[5.25,6.25,6.25,6.75],"rotation":0,"texture":"#0","tintindex":0}}},{"name":"cube","from":[7.595029,15.432476,11.49868],"to":[8.795029,16.182476,13.598681],"rotation":{"angle":-22.5,"axis":"z","origin":[8.195029,15.807476,12.54868]},"faces":{"down":{"uv":[4.25,8.75,4.0,9.25],"rotation":0,"texture":"#0","tintindex":0},"east":{"uv":[7.0,5.0,7.5,5.125],"rotation":0,"texture":"#0","tintindex":0},"north":{"uv":[8.625,1.875,8.875,2.0],"rotation":0,"texture":"#0","tintindex":0},"south":{"uv":[8.875,2.25,9.125,2.375],"rotation":0,"texture":"#0","tintindex":0},"up":{"uv":[5.375,9.0,5.125,8.5],"rotation":0,"texture":"#0","tintindex":0},"west":{"uv":[7.375,2.75,7.875,2.875],"rotation":0,"texture":"#0","tintindex":0}}},{"name":"cube","from":[5.195029,15.432476,10.448681],"to":[6.395029,16.182476,12.54868],"rotation":{"angle":22.5,"axis":"z","origin":[5.7950287,15.807476,11.49868]},"faces":{"down":{"uv":[2.375,8.875,2.125,9.375],"rotation":0,"texture":"#0","tintindex":0},"east":{"uv":[7.875,2.375,8.375,2.5],"rotation":0,"texture":"#0","tintindex":0},"north":{"uv":[7.25,9.125,7.5,9.25],"rotation":0,"texture":"#0","tintindex":0},"south":{"uv":[7.5,9.125,7.75,9.25],"rotation":0,"texture":"#0","tintindex":0},"up":{"uv":[0.25,9.375,0.0,8.875],"rotation":0,"texture":"#0","tintindex":0},"west":{"uv":[7.875,2.75,8.375,2.875],"rotation":0,"texture":"#0","tintindex":0}}},{"name":"cube","from":[5.645029,15.282475,10.29868],"to":[6.845029,16.782475,12.998681],"rotation":{"angle":22.5,"axis":"z","origin":[6.245029,16.407475,11.49868]},"faces":{"down":{"uv":[8.375,8.25,8.125,8.875],"rotation":0,"texture":"#0","tintindex":0},"east":{"uv":[7.875,7.5,8.5,7.875],"rotation":0,"texture":"#0","tintindex":0},"north":{"uv":[1.375,9.0,1.625,9.375],"rotation":0,"texture":"#0","tintindex":0},"south":{"uv":[9.0,1.5,9.25,1.875],"rotation":0,"texture":"#0","tintindex":0},"up":{"uv":[2.25,5.75,2.0,5.125],"rotation":0,"texture":"#0","tintindex":0},"west":{"uv":[7.875,7.875,8.5,8.25],"rotation":0,"texture":"#0","tintindex":0}}},{"name":"cube","from":[6.845029,15.282475,12.54868],"to":[8.045029,16.932476,13.748681],"rotation":{"angle":0.0,"axis":"x","origin":[7.4450293,16.407475,12.24868]},"faces":{"down":{"uv":[9.375,3.375,9.125,3.625],"rotation":0,"texture":"#0","tintindex":0},"east":{"uv":[5.125,9.0,5.375,9.375],"rotation":0,"texture":"#0","tintindex":0},"north":{"uv":[4.25,9.0,4.5,9.375],"rotation":0,"texture":"#0","tintindex":0},"south":{"uv":[5.625,9.0,5.875,9.375],"rotation":0,"texture":"#0","tintindex":0},"up":{"uv":[3.375,9.375,3.125,9.125],"rotation":0,"texture":"#0","tintindex":0},"west":{"uv":[5.875,9.0,6.125,9.375],"rotation":0,"texture":"#0","tintindex":0}}},{"name":"cube","from":[7.145029,15.282475,10.14868],"to":[8.495029,16.332476,11.49868],"rotation":{"angle":0.0,"axis":"x","origin":[7.895029,16.407475,10.14868]},"faces":{"down":{"uv":[9.375,6.125,9.125,6.375],"rotation":0,"texture":"#0","tintindex":0},"east":{"uv":[9.125,4.5,9.375,4.75],"rotation":0,"texture":"#0","tintindex":0},"north":{"uv":[9.125,4.25,9.375,4.5],"rotation":0,"texture":"#0","tintindex":0},"south":{"uv":[9.125,4.75,9.375,5.0],"rotation":0,"texture":"#0","tintindex":0},"up":{"uv":[9.375,6.125,9.125,5.875],"rotation":0,"texture":"#0","tintindex":0},"west":{"uv":[9.125,5.0,9.375,5.25],"rotation":0,"texture":"#0","tintindex":0}}},{"name":"cube","from":[6.845029,15.282475,11.198681],"to":[8.195029,17.232475,12.54868],"rotation":{"angle":0.0,"axis":"x","origin":[7.595029,16.407475,11.198681]},"faces":{"down":{"uv":[9.375,6.375,9.125,6.625],"rotation":0,"texture":"#0","tintindex":0},"east":{"uv":[9.0,6.875,9.25,7.25],"rotation":0,"texture":"#0","tintindex":0},"north":{"uv":[6.125,9.0,6.375,9.375],"rotation":0,"texture":"#0","tintindex":0},"south":{"uv":[8.375,9.0,8.625,9.375],"rotation":0,"texture":"#0","tintindex":0},"up":{"uv":[6.625,9.375,6.375,9.125],"rotation":0,"texture":"#0","tintindex":0},"west":{"uv":[8.625,9.0,8.875,9.375],"rotation":0,"texture":"#0","tintindex":0}}}],"display":{"head":{"translation":[0.0,-6.4,0.0],"rotation":[0.0,0.0,0.0],"scale":[3.8095,3.8095,3.8095]}}}