{"textures":{"0":"modelengine:entity/mso_miner_dwarf"},"elements":[{"from":[4.185742,6.792834,6.6177907],"to":[9.900028,9.078548,11.189219],"rotation":{"angle":22.5,"axis":"x","origin":[7.042885,8.507119,8.903505]},"faces":{"east":{"uv":[0.0,6.125,1.0,6.625],"rotation":0,"texture":"#0","tintindex":0},"south":{"uv":[3.75,5.75,5.0,6.25],"rotation":0,"texture":"#0","tintindex":0},"north":{"uv":[5.625,3.125,6.875,3.625],"rotation":0,"texture":"#0","tintindex":0},"west":{"uv":[3.25,6.25,4.25,6.75],"rotation":0,"texture":"#0","tintindex":0},"up":{"uv":[2.625,3.25,1.375,2.25],"rotation":0,"texture":"#0","tintindex":0},"down":{"uv":[1.25,2.5,0.0,3.5],"rotation":0,"texture":"#0","tintindex":0}}},{"from":[4.185742,10.50712,5.9035053],"to":[9.900028,12.792833,11.189219],"rotation":{"angle":-22.5,"axis":"x","origin":[7.042885,11.078548,8.903505]},"faces":{"east":{"uv":[1.0,5.875,2.125,6.375],"rotation":0,"texture":"#0","tintindex":0},"south":{"uv":[5.0,5.75,6.25,6.25],"rotation":0,"texture":"#0","tintindex":0},"north":{"uv":[5.75,4.625,7.0,5.125],"rotation":0,"texture":"#0","tintindex":0},"west":{"uv":[2.125,6.25,3.25,6.75],"rotation":0,"texture":"#0","tintindex":0},"up":{"uv":[2.625,1.125,1.375,0.0],"rotation":0,"texture":"#0","tintindex":0},"down":{"uv":[2.625,1.125,1.375,2.25],"rotation":0,"texture":"#0","tintindex":0}}},{"from":[4.471456,11.792834,5.760648],"to":[9.614313,14.649977,10.474934],"rotation":{"angle":-45.0,"axis":"x","origin":[7.042885,12.364263,8.332077]},"faces":{"east":{"uv":[5.75,5.125,6.75,5.75],"rotation":0,"texture":"#0","tintindex":0},"south":{"uv":[5.625,1.0,6.75,1.625],"rotation":0,"texture":"#0","tintindex":0},"north":{"uv":[5.375,4.0,6.5,4.625],"rotation":0,"texture":"#0","tintindex":0},"west":{"uv":[5.875,0.0,6.875,0.625],"rotation":0,"texture":"#0","tintindex":0},"up":{"uv":[3.75,2.75,2.625,1.75],"rotation":0,"texture":"#0","tintindex":0},"down":{"uv":[3.75,2.75,2.625,3.75],"rotation":0,"texture":"#0","tintindex":0}}},{"from":[4.042885,7.792834,5.4749336],"to":[10.042885,11.50712,11.332077],"rotation":{"angle":0.0,"axis":"y","origin":[7.042885,8.507119,8.903505]},"faces":{"east":{"uv":[1.25,3.25,2.5,4.125],"rotation":0,"texture":"#0","tintindex":0},"south":{"uv":[2.625,0.875,4.0,1.75],"rotation":0,"texture":"#0","tintindex":0},"north":{"uv":[2.625,0.0,4.0,0.875],"rotation":0,"texture":"#0","tintindex":0},"west":{"uv":[0.0,3.5,1.25,4.375],"rotation":0,"texture":"#0","tintindex":0},"up":{"uv":[1.375,1.25,0.0,0.0],"rotation":0,"texture":"#0","tintindex":0},"down":{"uv":[1.375,1.25,0.0,2.5],"rotation":0,"texture":"#0","tintindex":0}}},{"from":[5.185742,9.649977,10.760648],"to":[8.900027,15.078548,14.332077],"rotation":{"angle":-22.5,"axis":"x","origin":[7.042885,11.792834,13.403505]},"faces":{"east":{"uv":[2.25,5.0,3.0,6.25],"rotation":0,"texture":"#0","tintindex":0},"south":{"uv":[2.5,3.75,3.375,5.0],"rotation":0,"texture":"#0","tintindex":0},"north":{"uv":[3.75,1.75,4.625,3.0],"rotation":0,"texture":"#0","tintindex":0},"west":{"uv":[3.0,5.0,3.75,6.25],"rotation":0,"texture":"#0","tintindex":0},"up":{"uv":[6.5,2.375,5.625,1.625],"rotation":0,"texture":"#0","tintindex":0},"down":{"uv":[6.5,2.375,5.625,3.125],"rotation":0,"texture":"#0","tintindex":0}}},{"from":[5.042885,13.221405,9.617791],"to":[9.042885,15.364263,13.903505],"rotation":{"angle":0.0,"axis":"y","origin":[7.042885,11.792834,13.403505]},"faces":{"east":{"uv":[4.25,6.25,5.25,6.75],"rotation":0,"texture":"#0","tintindex":0},"south":{"uv":[6.25,6.25,7.125,6.75],"rotation":0,"texture":"#0","tintindex":0},"north":{"uv":[6.25,5.75,7.125,6.25],"rotation":0,"texture":"#0","tintindex":0},"west":{"uv":[5.25,6.25,6.25,6.75],"rotation":0,"texture":"#0","tintindex":0},"up":{"uv":[5.625,4.0,4.75,3.0],"rotation":0,"texture":"#0","tintindex":0},"down":{"uv":[5.875,0.0,5.0,1.0],"rotation":0,"texture":"#0","tintindex":0}}},{"from":[7.614313,15.078548,11.332077],"to":[8.757171,15.792833,13.332077],"rotation":{"angle":-22.5,"axis":"z","origin":[8.185742,15.435691,12.332077]},"faces":{"east":{"uv":[7.0,5.0,7.5,5.125],"rotation":0,"texture":"#0","tintindex":0},"south":{"uv":[8.875,2.25,9.125,2.375],"rotation":0,"texture":"#0","tintindex":0},"north":{"uv":[8.625,1.875,8.875,2.0],"rotation":0,"texture":"#0","tintindex":0},"west":{"uv":[7.375,2.75,7.875,2.875],"rotation":0,"texture":"#0","tintindex":0},"up":{"uv":[5.375,9.0,5.125,8.5],"rotation":0,"texture":"#0","tintindex":0},"down":{"uv":[4.25,8.75,4.0,9.25],"rotation":0,"texture":"#0","tintindex":0}}},{"from":[5.328599,15.078548,10.332077],"to":[6.471456,15.792833,12.332077],"rotation":{"angle":22.5,"axis":"z","origin":[5.9000273,15.435691,11.332077]},"faces":{"east":{"uv":[7.875,2.375,8.375,2.5],"rotation":0,"texture":"#0","tintindex":0},"south":{"uv":[7.5,9.125,7.75,9.25],"rotation":0,"texture":"#0","tintindex":0},"north":{"uv":[7.25,9.125,7.5,9.25],"rotation":0,"texture":"#0","tintindex":0},"west":{"uv":[7.875,2.75,8.375,2.875],"rotation":0,"texture":"#0","tintindex":0},"up":{"uv":[0.25,9.375,0.0,8.875],"rotation":0,"texture":"#0","tintindex":0},"down":{"uv":[2.375,8.875,2.125,9.375],"rotation":0,"texture":"#0","tintindex":0}}},{"from":[5.7571707,14.935691,10.189219],"to":[6.9000273,16.364262,12.760649],"rotation":{"angle":22.5,"axis":"z","origin":[6.328599,16.00712,11.332077]},"faces":{"east":{"uv":[7.875,7.5,8.5,7.875],"rotation":0,"texture":"#0","tintindex":0},"south":{"uv":[9.0,1.5,9.25,1.875],"rotation":0,"texture":"#0","tintindex":0},"north":{"uv":[1.375,9.0,1.625,9.375],"rotation":0,"texture":"#0","tintindex":0},"west":{"uv":[7.875,7.875,8.5,8.25],"rotation":0,"texture":"#0","tintindex":0},"up":{"uv":[2.25,5.75,2.0,5.125],"rotation":0,"texture":"#0","tintindex":0},"down":{"uv":[8.375,8.25,8.125,8.875],"rotation":0,"texture":"#0","tintindex":0}}},{"from":[6.9000273,14.935691,12.332077],"to":[8.042885,16.50712,13.474934],"rotation":{"angle":0.0,"axis":"y","origin":[7.471456,16.00712,12.046362]},"faces":{"east":{"uv":[5.125,9.0,5.375,9.375],"rotation":0,"texture":"#0","tintindex":0},"south":{"uv":[5.625,9.0,5.875,9.375],"rotation":0,"texture":"#0","tintindex":0},"north":{"uv":[4.25,9.0,4.5,9.375],"rotation":0,"texture":"#0","tintindex":0},"west":{"uv":[5.875,9.0,6.125,9.375],"rotation":0,"texture":"#0","tintindex":0},"up":{"uv":[3.375,9.375,3.125,9.125],"rotation":0,"texture":"#0","tintindex":0},"down":{"uv":[9.375,3.375,9.125,3.625],"rotation":0,"texture":"#0","tintindex":0}}},{"from":[7.185742,14.935691,10.046362],"to":[8.471457,15.935691,11.332077],"rotation":{"angle":0.0,"axis":"y","origin":[7.9000278,16.00712,10.046362]},"faces":{"east":{"uv":[9.125,4.5,9.375,4.75],"rotation":0,"texture":"#0","tintindex":0},"south":{"uv":[9.125,4.75,9.375,5.0],"rotation":0,"texture":"#0","tintindex":0},"north":{"uv":[9.125,4.25,9.375,4.5],"rotation":0,"texture":"#0","tintindex":0},"west":{"uv":[9.125,5.0,9.375,5.25],"rotation":0,"texture":"#0","tintindex":0},"up":{"uv":[9.375,6.125,9.125,5.875],"rotation":0,"texture":"#0","tintindex":0},"down":{"uv":[9.375,6.125,9.125,6.375],"rotation":0,"texture":"#0","tintindex":0}}},{"from":[6.9000273,14.935691,11.046362],"to":[8.185742,16.792835,12.332077],"rotation":{"angle":0.0,"axis":"y","origin":[7.614313,16.00712,11.046362]},"faces":{"east":{"uv":[9.0,6.875,9.25,7.25],"rotation":0,"texture":"#0","tintindex":0},"south":{"uv":[8.375,9.0,8.625,9.375],"rotation":0,"texture":"#0","tintindex":0},"north":{"uv":[6.125,9.0,6.375,9.375],"rotation":0,"texture":"#0","tintindex":0},"west":{"uv":[8.625,9.0,8.875,9.375],"rotation":0,"texture":"#0","tintindex":0},"up":{"uv":[6.625,9.375,6.375,9.125],"rotation":0,"texture":"#0","tintindex":0},"down":{"uv":[9.375,6.375,9.125,6.625],"rotation":0,"texture":"#0","tintindex":0}}}],"display":{"head":{"translation":[0.0,-6.4,0.0],"scale":[4.0,4.0,4.0]}}}