{"textures":{"0":"modelengine:entity/mso_miner_dwarf"},"elements":[{"from":[7.753247,7.5974026,0.031389713],"to":[8.467532,8.311688,12.459961],"rotation":{"angle":0.0,"axis":"y","origin":[7.181818,6.5974026,6.8885326]},"faces":{"east":{"uv":[6.5,2.875,9.25,3.0],"rotation":0,"texture":"#0","tintindex":0},"south":{"uv":[7.25,2.0,7.375,2.125],"rotation":0,"texture":"#0","tintindex":0},"north":{"uv":[7.125,6.625,7.25,6.75],"rotation":0,"texture":"#0","tintindex":0},"west":{"uv":[6.5,3.0,9.25,3.125],"rotation":0,"texture":"#0","tintindex":0},"up":{"uv":[5.5,9.5,5.375,6.75],"rotation":0,"texture":"#0","tintindex":0},"down":{"uv":[5.625,6.75,5.5,9.5],"rotation":0,"texture":"#0","tintindex":0}}},{"from":[6.6103897,7.168831,12.459961],"to":[9.61039,8.74026,13.888533],"rotation":{"angle":0.0,"axis":"y","origin":[7.181818,6.5974026,6.8885326]},"faces":{"east":{"uv":[8.75,4.625,9.125,5.0],"rotation":0,"texture":"#0","tintindex":0},"south":{"uv":[0.75,7.875,1.375,8.25],"rotation":0,"texture":"#0","tintindex":0},"north":{"uv":[7.75,5.125,8.375,5.5],"rotation":0,"texture":"#0","tintindex":0},"west":{"uv":[8.75,5.0,9.125,5.375],"rotation":0,"texture":"#0","tintindex":0},"up":{"uv":[2.0,8.25,1.375,7.875],"rotation":0,"texture":"#0","tintindex":0},"down":{"uv":[8.5,2.0,7.875,2.375],"rotation":0,"texture":"#0","tintindex":0}}},{"from":[6.6103897,6.8831167,-3.9686108],"to":[9.61039,9.025974,-1.9686108],"rotation":{"angle":0.0,"axis":"y","origin":[7.181818,6.5974026,-9.111469]},"faces":{"east":{"uv":[7.75,7.0,8.25,7.5],"rotation":0,"texture":"#0","tintindex":0},"south":{"uv":[6.25,6.75,6.875,7.25],"rotation":0,"texture":"#0","tintindex":0},"north":{"uv":[5.625,6.75,6.25,7.25],"rotation":0,"texture":"#0","tintindex":0},"west":{"uv":[0.25,7.875,0.75,8.375],"rotation":0,"texture":"#0","tintindex":0},"up":{"uv":[7.5,0.5,6.875,0.0],"rotation":0,"texture":"#0","tintindex":0},"down":{"uv":[1.625,6.875,1.0,7.375],"rotation":0,"texture":"#0","tintindex":0}}},{"from":[7.3246756,7.168831,0.74567556],"to":[8.896104,8.74026,1.6028185],"rotation":{"angle":0.0,"axis":"y","origin":[7.181818,6.5974026,-5.3971825]},"faces":{"east":{"uv":[8.875,3.375,9.125,3.75],"rotation":0,"texture":"#0","tintindex":0},"south":{"uv":[7.25,8.75,7.625,9.125],"rotation":0,"texture":"#0","tintindex":0},"north":{"uv":[6.375,8.75,6.75,9.125],"rotation":0,"texture":"#0","tintindex":0},"west":{"uv":[3.5,8.875,3.75,9.25],"rotation":0,"texture":"#0","tintindex":0},"up":{"uv":[9.25,4.0,8.875,3.75],"rotation":0,"texture":"#0","tintindex":0},"down":{"uv":[9.25,4.0,8.875,4.25],"rotation":0,"texture":"#0","tintindex":0}}},{"from":[7.4675326,7.3116884,-0.8257532],"to":[8.753247,8.597403,0.031389713],"rotation":{"angle":0.0,"axis":"y","origin":[7.181818,6.5974026,-6.968611]},"faces":{"east":{"uv":[9.125,2.25,9.375,2.5],"rotation":0,"texture":"#0","tintindex":0},"south":{"uv":[2.375,9.125,2.625,9.375],"rotation":0,"texture":"#0","tintindex":0},"north":{"uv":[0.25,9.125,0.5,9.375],"rotation":0,"texture":"#0","tintindex":0},"west":{"uv":[9.125,2.5,9.375,2.75],"rotation":0,"texture":"#0","tintindex":0},"up":{"uv":[2.875,9.375,2.625,9.125],"rotation":0,"texture":"#0","tintindex":0},"down":{"uv":[3.125,9.125,2.875,9.375],"rotation":0,"texture":"#0","tintindex":0}}},{"from":[5.7532463,7.025974,-1.9686108],"to":[10.467533,8.883117,-0.8257532],"rotation":{"angle":0.0,"axis":"y","origin":[7.181818,6.5974026,-6.968611]},"faces":{"east":{"uv":[3.75,8.875,4.0,9.25],"rotation":0,"texture":"#0","tintindex":0},"south":{"uv":[6.75,5.125,7.75,5.5],"rotation":0,"texture":"#0","tintindex":0},"north":{"uv":[4.375,6.75,5.375,7.125],"rotation":0,"texture":"#0","tintindex":0},"west":{"uv":[4.625,8.875,4.875,9.25],"rotation":0,"texture":"#0","tintindex":0},"up":{"uv":[8.375,2.75,7.375,2.5],"rotation":0,"texture":"#0","tintindex":0},"down":{"uv":[8.5,6.0,7.5,6.25],"rotation":0,"texture":"#0","tintindex":0}}},{"from":[13.358908,7.4545455,-0.45108986],"to":[15.358908,8.454546,0.29176807],"rotation":{"angle":-45.0,"axis":"y","origin":[13.5731945,7.9545455,-0.22251797]},"faces":{"east":{"uv":[7.5,1.0,7.625,1.25],"rotation":0,"texture":"#0","tintindex":0},"south":{"uv":[8.875,5.625,9.25,5.875],"rotation":0,"texture":"#0","tintindex":0},"north":{"uv":[8.875,5.375,9.25,5.625],"rotation":0,"texture":"#0","tintindex":0},"west":{"uv":[8.0,0.75,8.125,1.0],"rotation":0,"texture":"#0","tintindex":0},"up":{"uv":[8.375,6.0,8.0,5.875],"rotation":0,"texture":"#0","tintindex":0},"down":{"uv":[8.75,2.75,8.375,2.875],"rotation":0,"texture":"#0","tintindex":0}}},{"from":[0.86187124,7.4545455,-0.45108986],"to":[2.8618712,8.454546,0.29176807],"rotation":{"angle":45.0,"axis":"y","origin":[2.6475854,7.9545455,-0.22251797]},"faces":{"east":{"uv":[7.75,8.0,7.875,8.25],"rotation":0,"texture":"#0","tintindex":0},"south":{"uv":[8.875,7.5,9.25,7.75],"rotation":0,"texture":"#0","tintindex":0},"north":{"uv":[8.875,6.625,9.25,6.875],"rotation":0,"texture":"#0","tintindex":0},"west":{"uv":[4.75,8.25,4.875,8.5],"rotation":0,"texture":"#0","tintindex":0},"up":{"uv":[9.125,2.875,8.75,2.75],"rotation":0,"texture":"#0","tintindex":0},"down":{"uv":[9.25,8.125,8.875,8.25],"rotation":0,"texture":"#0","tintindex":0}}},{"from":[10.073194,7.168831,-1.3082323],"to":[13.644623,8.74026,-0.27966118],"rotation":{"angle":-22.5,"axis":"y","origin":[11.858908,7.9545455,-0.79394627]},"faces":{"east":{"uv":[8.875,6.25,9.125,6.625],"rotation":0,"texture":"#0","tintindex":0},"south":{"uv":[7.125,6.25,7.875,6.625],"rotation":0,"texture":"#0","tintindex":0},"north":{"uv":[7.0,4.625,7.75,5.0],"rotation":0,"texture":"#0","tintindex":0},"west":{"uv":[6.75,8.875,7.0,9.25],"rotation":0,"texture":"#0","tintindex":0},"up":{"uv":[3.25,8.5,2.5,8.25],"rotation":0,"texture":"#0","tintindex":0},"down":{"uv":[4.0,8.25,3.25,8.5],"rotation":0,"texture":"#0","tintindex":0}}},{"from":[2.4675322,7.168831,-1.9686108],"to":[6.038961,8.74026,-0.94003963],"rotation":{"angle":22.5,"axis":"y","origin":[5.967532,7.9545455,-1.3971825]},"faces":{"east":{"uv":[4.875,8.875,5.125,9.25],"rotation":0,"texture":"#0","tintindex":0},"south":{"uv":[5.875,0.625,6.625,1.0],"rotation":0,"texture":"#0","tintindex":0},"north":{"uv":[5.625,3.625,6.375,4.0],"rotation":0,"texture":"#0","tintindex":0},"west":{"uv":[8.875,5.875,9.125,6.25],"rotation":0,"texture":"#0","tintindex":0},"up":{"uv":[8.75,4.625,8.0,4.375],"rotation":0,"texture":"#0","tintindex":0},"down":{"uv":[2.5,8.25,1.75,8.5],"rotation":0,"texture":"#0","tintindex":0}}}],"display":{"head":{"translation":[0.0,-6.4,0.0],"scale":[4.0,4.0,4.0]}}}