{"textures":{"0":"modelengine:entity/texture"},"elements":[{"name":"cube","from":[5.8150992,6.118081,3.578545],"to":[10.738819,11.041801,7.5175214],"rotation":{"angle":0.0,"axis":"x","origin":[8.276958,6.4876237,10.949451]},"faces":{"down":{"uv":[6.735,6.265,5.515,7.235],"rotation":0,"texture":"#0","tintindex":0},"east":{"uv":[3.015,6.265,3.985,7.485],"rotation":0,"texture":"#0","tintindex":0},"north":{"uv":[3.765,1.765,4.985,2.985],"rotation":0,"texture":"#0","tintindex":0},"south":{"uv":[3.765,3.265,4.985,4.485],"rotation":0,"texture":"#0","tintindex":0},"up":{"uv":[7.485,5.735,6.265,4.765],"rotation":0,"texture":"#0","tintindex":0},"west":{"uv":[4.265,6.265,5.235,7.485],"rotation":0,"texture":"#0","tintindex":0}}},{"name":"cube","from":[7.2922153,10.441988,2.5180006],"to":[9.2617035,12.411476,5.4722323],"rotation":{"angle":-22.5,"axis":"x","origin":[8.276958,6.4876237,10.949451]},"faces":{"down":{"uv":[5.485,10.265,5.015,10.985],"rotation":0,"texture":"#0","tintindex":0},"east":{"uv":[10.265,0.015,10.985,0.485],"rotation":0,"texture":"#0","tintindex":0},"north":{"uv":[11.265,2.515,11.735,2.985],"rotation":0,"texture":"#0","tintindex":0},"south":{"uv":[11.265,3.265,11.735,3.735],"rotation":0,"texture":"#0","tintindex":0},"up":{"uv":[10.735,2.235,10.265,1.515],"rotation":0,"texture":"#0","tintindex":0},"west":{"uv":[10.265,0.765,10.985,1.235],"rotation":0,"texture":"#0","tintindex":0}}},{"name":"cube","from":[6.799843,10.057057,4.563289],"to":[9.754075,11.534173,8.502265],"rotation":{"angle":0.0,"axis":"x","origin":[8.276958,6.4876237,10.949451]},"faces":{"down":{"uv":[6.735,9.015,6.015,9.985],"rotation":0,"texture":"#0","tintindex":0},"east":{"uv":[10.265,5.515,11.235,5.875],"rotation":0,"texture":"#0","tintindex":0},"north":{"uv":[11.015,9.265,11.735,9.625],"rotation":0,"texture":"#0","tintindex":0},"south":{"uv":[11.265,0.015,11.985,0.375],"rotation":0,"texture":"#0","tintindex":0},"up":{"uv":[5.735,9.985,5.015,9.015],"rotation":0,"texture":"#0","tintindex":0},"west":{"uv":[5.765,10.265,6.735,10.625],"rotation":0,"texture":"#0","tintindex":0}}},{"name":"cube","from":[8.276958,9.564686,4.563289],"to":[8.276958,13.996034,9.48701],"rotation":{"angle":0.0,"axis":"x","origin":[8.276958,6.4876237,10.949451]},"faces":{"down":{"uv":[5.765,12.765,5.765,13.985],"rotation":0,"texture":"#0","tintindex":0},"east":{"uv":[5.515,0.015,6.735,1.125],"rotation":0,"texture":"#0","tintindex":0},"north":{"uv":[5.015,12.765,5.015,13.875],"rotation":0,"texture":"#0","tintindex":0},"south":{"uv":[5.265,12.765,5.265,13.875],"rotation":0,"texture":"#0","tintindex":0},"up":{"uv":[5.515,13.985,5.515,12.765],"rotation":0,"texture":"#0","tintindex":0},"west":{"uv":[1.515,5.515,2.735,6.625],"rotation":0,"texture":"#0","tintindex":0}}}],"display":{"head":{"translation":[0.0,-6.4,0.0],"rotation":[0.0,0.0,0.0],"scale":[3.8095,3.8095,3.8095]}}}