{"textures":{"0":"modelengine:entity/texture"},"elements":[{"from":[5.919142,6.2076964,3.789091],"to":[10.608399,10.896954,7.540497],"rotation":{"angle":0.0,"axis":"y","origin":[8.263771,6.5596414,10.809002]},"faces":{"east":{"uv":[3.015,6.265,3.985,7.485],"rotation":0,"texture":"#0","tintindex":0},"south":{"uv":[3.765,3.265,4.985,4.485],"rotation":0,"texture":"#0","tintindex":0},"north":{"uv":[3.765,1.765,4.985,2.985],"rotation":0,"texture":"#0","tintindex":0},"west":{"uv":[4.265,6.265,5.235,7.485],"rotation":0,"texture":"#0","tintindex":0},"up":{"uv":[7.485,5.735,6.265,4.765],"rotation":0,"texture":"#0","tintindex":0},"down":{"uv":[6.735,6.265,5.515,7.235],"rotation":0,"texture":"#0","tintindex":0}}},{"from":[7.325919,10.325703,2.779048],"to":[9.201622,12.201406,5.5926027],"rotation":{"angle":-22.5,"axis":"x","origin":[8.263771,6.5596414,10.809002]},"faces":{"east":{"uv":[10.265,0.015,10.985,0.485],"rotation":0,"texture":"#0","tintindex":0},"south":{"uv":[11.265,3.265,11.735,3.735],"rotation":0,"texture":"#0","tintindex":0},"north":{"uv":[11.265,2.515,11.735,2.985],"rotation":0,"texture":"#0","tintindex":0},"west":{"uv":[10.265,0.765,10.985,1.235],"rotation":0,"texture":"#0","tintindex":0},"up":{"uv":[10.735,2.235,10.265,1.515],"rotation":0,"texture":"#0","tintindex":0},"down":{"uv":[5.485,10.265,5.015,10.985],"rotation":0,"texture":"#0","tintindex":0}}},{"from":[6.8569937,9.959103,4.726942],"to":[9.6705475,11.36588,8.478348],"rotation":{"angle":0.0,"axis":"y","origin":[8.263771,6.5596414,10.809002]},"faces":{"east":{"uv":[10.265,5.515,11.235,5.875],"rotation":0,"texture":"#0","tintindex":0},"south":{"uv":[11.265,0.015,11.985,0.375],"rotation":0,"texture":"#0","tintindex":0},"north":{"uv":[11.015,9.265,11.735,9.625],"rotation":0,"texture":"#0","tintindex":0},"west":{"uv":[5.765,10.265,6.735,10.625],"rotation":0,"texture":"#0","tintindex":0},"up":{"uv":[5.735,9.985,5.015,9.015],"rotation":0,"texture":"#0","tintindex":0},"down":{"uv":[6.735,9.015,6.015,9.985],"rotation":0,"texture":"#0","tintindex":0}}},{"from":[8.263771,9.490177,4.726942],"to":[8.263771,13.710508,9.4162],"rotation":{"angle":0.0,"axis":"y","origin":[8.263771,6.5596414,10.809002]},"faces":{"east":{"uv":[5.515,0.015,6.735,1.125],"rotation":0,"texture":"#0","tintindex":0},"south":{"uv":[5.265,12.765,5.265,13.875],"rotation":0,"texture":"#0","tintindex":0},"north":{"uv":[5.015,12.765,5.015,13.875],"rotation":0,"texture":"#0","tintindex":0},"west":{"uv":[1.515,5.515,2.735,6.625],"rotation":0,"texture":"#0","tintindex":0},"up":{"uv":[5.515,13.985,5.515,12.765],"rotation":0,"texture":"#0","tintindex":0},"down":{"uv":[5.765,12.765,5.765,13.985],"rotation":0,"texture":"#0","tintindex":0}}}],"display":{"head":{"translation":[0.0,-6.4,0.0],"scale":[4.0,4.0,4.0]}}}