{"textures":{"0":"modelengine:entity/texture"},"elements":[{"from":[7.2966113,6.341265,8.803373],"to":[8.703388,8.216969,10.210151],"rotation":{"angle":22.5,"axis":"x","origin":[10.579092,11.582827,8.893183]},"faces":{"east":{"uv":[11.765,6.265,12.125,6.735],"rotation":0,"texture":"#0","tintindex":0},"south":{"uv":[8.015,11.765,8.375,12.235],"rotation":0,"texture":"#0","tintindex":0},"north":{"uv":[11.765,1.515,12.125,1.985],"rotation":0,"texture":"#0","tintindex":0},"west":{"uv":[11.765,8.015,12.125,8.485],"rotation":0,"texture":"#0","tintindex":0},"up":{"uv":[12.375,7.375,12.015,7.015],"rotation":0,"texture":"#0","tintindex":0},"down":{"uv":[12.375,8.765,12.015,9.125],"rotation":0,"texture":"#0","tintindex":0}}},{"from":[7.0621486,5.8734493,6.391908],"to":[8.937852,6.811301,8.2676115],"rotation":{"angle":0.0,"axis":"y","origin":[10.579092,11.582827,8.893183]},"faces":{"east":{"uv":[12.265,10.515,12.735,10.735],"rotation":0,"texture":"#0","tintindex":0},"south":{"uv":[11.015,12.265,11.485,12.485],"rotation":0,"texture":"#0","tintindex":0},"north":{"uv":[10.265,12.265,10.735,12.485],"rotation":0,"texture":"#0","tintindex":0},"west":{"uv":[12.265,11.015,12.735,11.235],"rotation":0,"texture":"#0","tintindex":0},"up":{"uv":[5.485,11.735,5.015,11.265],"rotation":0,"texture":"#0","tintindex":0},"down":{"uv":[6.985,11.265,6.515,11.735],"rotation":0,"texture":"#0","tintindex":0}}}],"display":{"head":{"translation":[0.0,-6.4,0.0],"scale":[4.0,4.0,4.0]}}}