{"textures":{"0":"modelengine:entity/texture"},"elements":[{"name":"cube","from":[6.5228844,7.867323,3.5021648],"to":[9.477117,12.791043,7.441141],"rotation":{"angle":45.0,"axis":"x","origin":[10.708046,7.1217785,1.4083797]},"faces":{"down":{"uv":[9.735,8.765,9.015,9.735],"rotation":0,"texture":"#0","tintindex":0},"east":{"uv":[6.765,3.015,7.735,4.235],"rotation":0,"texture":"#0","tintindex":0},"north":{"uv":[0.015,8.265,0.735,9.485],"rotation":0,"texture":"#0","tintindex":0},"south":{"uv":[8.265,0.015,8.985,1.235],"rotation":0,"texture":"#0","tintindex":0},"up":{"uv":[8.735,9.985,8.015,9.015],"rotation":0,"texture":"#0","tintindex":0},"west":{"uv":[7.015,0.015,7.985,1.235],"rotation":0,"texture":"#0","tintindex":0}}}],"display":{"head":{"translation":[0.0,-6.4,0.0],"rotation":[0.0,0.0,0.0],"scale":[3.8095,3.8095,3.8095]}}}