{"textures":{"0":"modelengine:entity/texture"},"elements":[{"from":[7.0621486,4.361967,5.892522],"to":[8.937852,7.1755214,7.7682247],"rotation":{"angle":-22.5,"axis":"x","origin":[10.579092,10.168865,3.071322]},"faces":{"east":{"uv":[3.515,10.515,3.985,11.235],"rotation":0,"texture":"#0","tintindex":0},"south":{"uv":[4.265,10.515,4.735,11.235],"rotation":0,"texture":"#0","tintindex":0},"north":{"uv":[2.765,10.515,3.235,11.235],"rotation":0,"texture":"#0","tintindex":0},"west":{"uv":[10.015,10.515,10.485,11.235],"rotation":0,"texture":"#0","tintindex":0},"up":{"uv":[7.735,11.735,7.265,11.265],"rotation":0,"texture":"#0","tintindex":0},"down":{"uv":[11.735,7.265,11.265,7.735],"rotation":0,"texture":"#0","tintindex":0}}}],"display":{"head":{"translation":[0.0,-6.4,0.0],"scale":[4.0,4.0,4.0]}}}