{"textures":{"0":"modelengine:entity/texture"},"elements":[{"name":"cube","from":[7.015256,4.180065,5.7871485],"to":[8.984744,7.1342974,7.756636],"rotation":{"angle":-22.5,"axis":"x","origin":[10.708046,10.2773075,2.8248882]},"faces":{"down":{"uv":[11.735,7.265,11.265,7.735],"rotation":0,"texture":"#0","tintindex":0},"east":{"uv":[3.515,10.515,3.985,11.235],"rotation":0,"texture":"#0","tintindex":0},"north":{"uv":[2.765,10.515,3.235,11.235],"rotation":0,"texture":"#0","tintindex":0},"south":{"uv":[4.265,10.515,4.735,11.235],"rotation":0,"texture":"#0","tintindex":0},"up":{"uv":[7.735,11.735,7.265,11.265],"rotation":0,"texture":"#0","tintindex":0},"west":{"uv":[10.015,10.515,10.485,11.235],"rotation":0,"texture":"#0","tintindex":0}}}],"display":{"head":{"translation":[0.0,-6.4,0.0],"rotation":[0.0,0.0,0.0],"scale":[3.8095,3.8095,3.8095]}}}