{"textures":{"0":"modelengine:entity/texture"},"elements":[{"from":[6.5932226,7.873641,3.7163472],"to":[9.406777,12.562899,7.4677534],"rotation":{"angle":45.0,"axis":"x","origin":[10.579092,7.1635985,1.7222662]},"faces":{"east":{"uv":[6.765,3.015,7.735,4.235],"rotation":0,"texture":"#0","tintindex":0},"south":{"uv":[8.265,0.015,8.985,1.235],"rotation":0,"texture":"#0","tintindex":0},"north":{"uv":[0.015,8.265,0.735,9.485],"rotation":0,"texture":"#0","tintindex":0},"west":{"uv":[7.015,0.015,7.985,1.235],"rotation":0,"texture":"#0","tintindex":0},"up":{"uv":[8.735,9.985,8.015,9.015],"rotation":0,"texture":"#0","tintindex":0},"down":{"uv":[9.735,8.765,9.015,9.735],"rotation":0,"texture":"#0","tintindex":0}}}],"display":{"head":{"translation":[0.0,-6.4,0.0],"scale":[4.0,4.0,4.0]}}}