{"textures":{"0":"modelengine:entity/texture"},"elements":[{"name":"cube","from":[8.0,5.4403563,5.188917],"to":[8.0,8.886961,8.143149],"rotation":{"angle":22.5,"axis":"x","origin":[10.215673,3.697526,12.676707]},"faces":{"down":{"uv":[12.015,12.765,12.015,13.485],"rotation":0,"texture":"#0","tintindex":0},"east":{"uv":[1.735,10.015,1.015,10.875],"rotation":0,"texture":"#0","tintindex":0},"north":{"uv":[11.265,12.765,11.265,13.625],"rotation":0,"texture":"#0","tintindex":0},"south":{"uv":[11.515,12.765,11.515,13.625],"rotation":0,"texture":"#0","tintindex":0},"up":{"uv":[11.765,13.485,11.765,12.765],"rotation":0,"texture":"#0","tintindex":0},"west":{"uv":[1.015,10.015,1.735,10.875],"rotation":0,"texture":"#0","tintindex":0}}}],"display":{"head":{"translation":[0.0,-6.4,0.0],"rotation":[0.0,0.0,0.0],"scale":[3.8095,3.8095,3.8095]}}}