{"textures":{"0":"modelengine:entity/texture"},"elements":[{"from":[5.6553717,5.6111856,8.032691],"to":[10.344628,10.300443,12.721949],"rotation":{"angle":0.0,"axis":"y","origin":[8.0,6.666519,4.736236]},"faces":{"east":{"uv":[3.265,4.765,4.485,5.985],"rotation":0,"texture":"#0","tintindex":0},"south":{"uv":[4.765,4.765,5.985,5.985],"rotation":0,"texture":"#0","tintindex":0},"north":{"uv":[1.765,4.015,2.985,5.235],"rotation":0,"texture":"#0","tintindex":0},"west":{"uv":[0.015,5.265,1.235,6.485],"rotation":0,"texture":"#0","tintindex":0},"up":{"uv":[6.485,2.985,5.265,1.765],"rotation":0,"texture":"#0","tintindex":0},"down":{"uv":[6.485,3.265,5.265,4.485],"rotation":0,"texture":"#0","tintindex":0}}},{"from":[8.0,10.300443,8.032691],"to":[8.0,12.645071,11.784098],"rotation":{"angle":0.0,"axis":"y","origin":[8.0,6.666519,4.736236]},"faces":{"east":{"uv":[10.015,4.515,10.985,5.125],"rotation":0,"texture":"#0","tintindex":0},"south":{"uv":[7.265,12.765,7.265,13.375],"rotation":0,"texture":"#0","tintindex":0},"north":{"uv":[7.015,12.765,7.015,13.375],"rotation":0,"texture":"#0","tintindex":0},"west":{"uv":[10.015,7.265,10.985,7.875],"rotation":0,"texture":"#0","tintindex":0},"up":{"uv":[7.515,13.735,7.515,12.765],"rotation":0,"texture":"#0","tintindex":0},"down":{"uv":[7.765,12.765,7.765,13.735],"rotation":0,"texture":"#0","tintindex":0}}},{"from":[7.531074,10.404146,11.207744],"to":[8.468925,11.341997,13.0834465],"rotation":{"angle":22.5,"axis":"x","origin":[8.0,6.666519,5.307665]},"faces":{"east":{"uv":[12.265,11.515,12.735,11.735],"rotation":0,"texture":"#0","tintindex":0},"south":{"uv":[9.515,11.765,9.735,11.985],"rotation":0,"texture":"#0","tintindex":0},"north":{"uv":[4.515,11.515,4.735,11.735],"rotation":0,"texture":"#0","tintindex":0},"west":{"uv":[11.765,12.265,12.235,12.485],"rotation":0,"texture":"#0","tintindex":0},"up":{"uv":[7.735,12.485,7.515,12.015],"rotation":0,"texture":"#0","tintindex":0},"down":{"uv":[12.735,1.515,12.515,1.985],"rotation":0,"texture":"#0","tintindex":0}}}],"display":{"head":{"translation":[0.0,-6.4,0.0],"scale":[4.0,4.0,4.0]}}}