{"textures":{"0":"modelengine:entity/texture"},"elements":[{"from":[7.0621486,4.361967,5.892522],"to":[8.937852,7.1755214,7.7682247],"rotation":{"angle":-22.5,"axis":"x","origin":[5.4209085,10.168865,3.071322]},"faces":{"east":{"uv":[10.485,10.515,10.015,11.235],"rotation":0,"texture":"#0","tintindex":0},"south":{"uv":[4.735,10.515,4.265,11.235],"rotation":0,"texture":"#0","tintindex":0},"north":{"uv":[3.235,10.515,2.765,11.235],"rotation":0,"texture":"#0","tintindex":0},"west":{"uv":[3.985,10.515,3.515,11.235],"rotation":0,"texture":"#0","tintindex":0},"up":{"uv":[7.265,11.735,7.735,11.265],"rotation":0,"texture":"#0","tintindex":0},"down":{"uv":[11.265,7.265,11.735,7.735],"rotation":0,"texture":"#0","tintindex":0}}}],"display":{"head":{"translation":[0.0,-6.4,0.0],"scale":[4.0,4.0,4.0]}}}