{"textures":{"0":"modelengine:entity/texture"},"elements":[{"from":[7.2966113,8.853567,8.303645],"to":[8.703388,10.72927,9.7104225],"rotation":{"angle":22.5,"axis":"x","origin":[5.4209085,11.582827,2.3282218]},"faces":{"east":{"uv":[12.375,0.765,12.015,1.235],"rotation":0,"texture":"#0","tintindex":0},"south":{"uv":[1.125,12.015,0.765,12.485],"rotation":0,"texture":"#0","tintindex":0},"north":{"uv":[9.125,11.765,8.765,12.235],"rotation":0,"texture":"#0","tintindex":0},"west":{"uv":[0.375,12.015,0.015,12.485],"rotation":0,"texture":"#0","tintindex":0},"up":{"uv":[12.265,0.375,12.625,0.015],"rotation":0,"texture":"#0","tintindex":0},"down":{"uv":[1.515,12.265,1.875,12.625],"rotation":0,"texture":"#0","tintindex":0}}},{"from":[7.0621486,5.8734493,6.391908],"to":[8.937852,6.811301,8.2676115],"rotation":{"angle":0.0,"axis":"y","origin":[5.4209085,11.582827,2.3282218]},"faces":{"east":{"uv":[8.485,12.515,8.015,12.735],"rotation":0,"texture":"#0","tintindex":0},"south":{"uv":[12.985,7.765,12.515,7.985],"rotation":0,"texture":"#0","tintindex":0},"north":{"uv":[12.985,6.015,12.515,6.235],"rotation":0,"texture":"#0","tintindex":0},"west":{"uv":[12.985,6.515,12.515,6.735],"rotation":0,"texture":"#0","tintindex":0},"up":{"uv":[1.515,11.985,1.985,11.515],"rotation":0,"texture":"#0","tintindex":0},"down":{"uv":[2.265,11.515,2.735,11.985],"rotation":0,"texture":"#0","tintindex":0}}}],"display":{"head":{"translation":[0.0,-6.4,0.0],"scale":[4.0,4.0,4.0]}}}