{"textures":{"0":"modelengine:entity/texture"},"elements":[{"from":[6.5932226,7.873641,3.7163472],"to":[9.406777,12.562899,7.4677534],"rotation":{"angle":45.0,"axis":"x","origin":[5.4209085,7.1635985,1.7222662]},"faces":{"east":{"uv":[7.985,0.015,7.015,1.235],"rotation":0,"texture":"#0","tintindex":0},"south":{"uv":[8.985,0.015,8.265,1.235],"rotation":0,"texture":"#0","tintindex":0},"north":{"uv":[0.735,8.265,0.015,9.485],"rotation":0,"texture":"#0","tintindex":0},"west":{"uv":[7.735,3.015,6.765,4.235],"rotation":0,"texture":"#0","tintindex":0},"up":{"uv":[8.015,9.985,8.735,9.015],"rotation":0,"texture":"#0","tintindex":0},"down":{"uv":[9.015,8.765,9.735,9.735],"rotation":0,"texture":"#0","tintindex":0}}}],"display":{"head":{"translation":[0.0,-6.4,0.0],"scale":[4.0,4.0,4.0]}}}