{"textures":{"0":"modelengine:entity/texture"},"elements":[{"name":"cube","from":[7.2614417,8.896245,8.318828],"to":[8.738558,10.865732,9.795944],"rotation":{"angle":22.5,"axis":"x","origin":[5.291954,11.761969,2.044633]},"faces":{"down":{"uv":[1.515,12.265,1.875,12.625],"rotation":0,"texture":"#0","tintindex":0},"east":{"uv":[12.375,0.765,12.015,1.235],"rotation":0,"texture":"#0","tintindex":0},"north":{"uv":[9.125,11.765,8.765,12.235],"rotation":0,"texture":"#0","tintindex":0},"south":{"uv":[1.125,12.015,0.765,12.485],"rotation":0,"texture":"#0","tintindex":0},"up":{"uv":[12.265,0.375,12.625,0.015],"rotation":0,"texture":"#0","tintindex":0},"west":{"uv":[0.375,12.015,0.015,12.485],"rotation":0,"texture":"#0","tintindex":0}}},{"name":"cube","from":[7.015256,5.7671223,6.3115034],"to":[8.984744,6.7518663,8.280992],"rotation":{"angle":0.0,"axis":"x","origin":[5.291954,11.761969,2.044633]},"faces":{"down":{"uv":[2.265,11.515,2.735,11.985],"rotation":0,"texture":"#0","tintindex":0},"east":{"uv":[8.485,12.515,8.015,12.735],"rotation":0,"texture":"#0","tintindex":0},"north":{"uv":[12.985,6.015,12.515,6.235],"rotation":0,"texture":"#0","tintindex":0},"south":{"uv":[12.985,7.765,12.515,7.985],"rotation":0,"texture":"#0","tintindex":0},"up":{"uv":[1.515,11.985,1.985,11.515],"rotation":0,"texture":"#0","tintindex":0},"west":{"uv":[12.985,6.515,12.515,6.735],"rotation":0,"texture":"#0","tintindex":0}}}],"display":{"head":{"translation":[0.0,-6.4,0.0],"rotation":[0.0,0.0,0.0],"scale":[3.8095,3.8095,3.8095]}}}