{"textures":{"0":"modelengine:entity/texture"},"elements":[{"name":"cube","from":[6.453952,3.6847274,5.630986],"to":[9.408184,8.608448,9.569962],"rotation":{"angle":22.5,"axis":"x","origin":[5.2230215,6.480321,8.433331]},"faces":{"down":{"uv":[9.015,7.515,9.735,8.485],"rotation":0,"texture":"#0","tintindex":0},"east":{"uv":[7.735,1.515,6.765,2.735],"rotation":0,"texture":"#0","tintindex":0},"north":{"uv":[8.735,3.015,8.015,4.235],"rotation":0,"texture":"#0","tintindex":0},"south":{"uv":[8.735,7.515,8.015,8.735],"rotation":0,"texture":"#0","tintindex":0},"up":{"uv":[7.015,9.985,7.735,9.015],"rotation":0,"texture":"#0","tintindex":0},"west":{"uv":[0.985,6.765,0.015,7.985],"rotation":0,"texture":"#0","tintindex":0}}},{"name":"cube","from":[8.275728,3.7376637,6.9693394],"to":[8.275728,8.169012,10.908316],"rotation":{"angle":45.0,"axis":"x","origin":[5.2230215,6.480321,8.433331]},"faces":{"down":{"uv":[10.015,12.765,10.015,13.735],"rotation":0,"texture":"#0","tintindex":0},"east":{"uv":[4.735,7.765,3.765,8.875],"rotation":0,"texture":"#0","tintindex":0},"north":{"uv":[9.515,12.765,9.515,13.875],"rotation":0,"texture":"#0","tintindex":0},"south":{"uv":[9.765,12.765,9.765,13.875],"rotation":0,"texture":"#0","tintindex":0},"up":{"uv":[12.765,9.735,12.765,8.765],"rotation":0,"texture":"#0","tintindex":0},"west":{"uv":[3.765,7.765,4.735,8.875],"rotation":0,"texture":"#0","tintindex":0}}}],"display":{"head":{"translation":[0.0,-6.4,0.0],"rotation":[0.0,0.0,0.0],"scale":[3.8095,3.8095,3.8095]}}}