{"textures":{"0":"modelengine:entity/texture"},"elements":[{"name":"cube","from":[7.2614417,6.2583284,8.843542],"to":[8.738558,8.227817,10.320658],"rotation":{"angle":22.5,"axis":"x","origin":[5.291954,11.761969,8.937841]},"faces":{"down":{"uv":[12.015,8.765,12.375,9.125],"rotation":0,"texture":"#0","tintindex":0},"east":{"uv":[12.125,8.015,11.765,8.485],"rotation":0,"texture":"#0","tintindex":0},"north":{"uv":[12.125,1.515,11.765,1.985],"rotation":0,"texture":"#0","tintindex":0},"south":{"uv":[8.375,11.765,8.015,12.235],"rotation":0,"texture":"#0","tintindex":0},"up":{"uv":[12.015,7.375,12.375,7.015],"rotation":0,"texture":"#0","tintindex":0},"west":{"uv":[12.125,6.265,11.765,6.735],"rotation":0,"texture":"#0","tintindex":0}}},{"name":"cube","from":[7.015256,5.7671223,6.3115034],"to":[8.984744,6.7518663,8.2809925],"rotation":{"angle":0.0,"axis":"x","origin":[5.291954,11.761969,8.937841]},"faces":{"down":{"uv":[6.515,11.265,6.985,11.735],"rotation":0,"texture":"#0","tintindex":0},"east":{"uv":[12.735,11.015,12.265,11.235],"rotation":0,"texture":"#0","tintindex":0},"north":{"uv":[10.735,12.265,10.265,12.485],"rotation":0,"texture":"#0","tintindex":0},"south":{"uv":[11.485,12.265,11.015,12.485],"rotation":0,"texture":"#0","tintindex":0},"up":{"uv":[5.015,11.735,5.485,11.265],"rotation":0,"texture":"#0","tintindex":0},"west":{"uv":[12.735,10.515,12.265,10.735],"rotation":0,"texture":"#0","tintindex":0}}}],"display":{"head":{"translation":[0.0,-6.4,0.0],"rotation":[0.0,0.0,0.0],"scale":[3.8095,3.8095,3.8095]}}}