{"textures":{"0":"modelengine:entity/fire_furbeak"},"elements":[{"from":[5.869828,5.5549645,3.5539289],"to":[10.130172,11.235422,9.234386],"rotation":{"angle":0.0,"axis":"y","origin":[8.0,9.72655,11.802513]},"faces":{"east":{"uv":[6.265,0.015,7.235,0.985],"rotation":0,"texture":"#0","tintindex":0},"south":{"uv":[3.515,7.015,4.235,7.985],"rotation":0,"texture":"#0","tintindex":0},"north":{"uv":[2.515,7.015,3.235,7.985],"rotation":0,"texture":"#0","tintindex":0},"west":{"uv":[6.265,1.265,7.235,2.235],"rotation":0,"texture":"#0","tintindex":0},"up":{"uv":[5.235,7.985,4.515,7.015],"rotation":0,"texture":"#0","tintindex":0},"down":{"uv":[7.735,6.265,7.015,7.235],"rotation":0,"texture":"#0","tintindex":0}}},{"from":[8.0,11.235422,3.5539289],"to":[8.0,16.915878,7.814272],"rotation":{"angle":0.0,"axis":"y","origin":[8.0,9.72655,11.802513]},"faces":{"east":{"uv":[8.235,1.265,7.515,2.235],"rotation":0,"texture":"#0","tintindex":0},"south":{"uv":[4.515,10.515,4.515,11.485],"rotation":0,"texture":"#0","tintindex":0},"north":{"uv":[2.265,10.515,2.265,11.485],"rotation":0,"texture":"#0","tintindex":0},"west":{"uv":[7.515,1.265,8.235,2.235],"rotation":0,"texture":"#0","tintindex":0},"up":{"uv":[4.765,11.235,4.765,10.515],"rotation":0,"texture":"#0","tintindex":0},"down":{"uv":[5.015,10.515,5.015,11.235],"rotation":0,"texture":"#0","tintindex":0}}},{"from":[8.0,1.2946215,2.1338143],"to":[8.0,5.5549645,7.814272],"rotation":{"angle":0.0,"axis":"y","origin":[8.0,9.72655,11.802513]},"faces":{"east":{"uv":[3.485,8.265,2.515,8.985],"rotation":0,"texture":"#0","tintindex":0},"south":{"uv":[0.765,10.765,0.765,11.485],"rotation":0,"texture":"#0","tintindex":0},"north":{"uv":[0.515,10.765,0.515,11.485],"rotation":0,"texture":"#0","tintindex":0},"west":{"uv":[2.515,8.265,3.485,8.985],"rotation":0,"texture":"#0","tintindex":0},"up":{"uv":[10.765,2.235,10.765,1.265],"rotation":0,"texture":"#0","tintindex":0},"down":{"uv":[2.515,10.765,2.515,11.735],"rotation":0,"texture":"#0","tintindex":0}}}],"display":{"head":{"translation":[0.0,-6.4,0.0],"scale":[4.0,4.0,4.0]}}}