{"textures":{"0":"modelengine:entity/fire_furbeak"},"elements":[{"name":"cube","from":[5.76332,4.99469,6.5949793],"to":[10.236681,10.959169,12.559461],"rotation":{"angle":0.0,"axis":"x","origin":[8.0,9.002075,-2.6374474]},"faces":{"down":{"uv":[6.235,7.515,5.515,8.485],"rotation":0,"texture":"#0","tintindex":0},"east":{"uv":[6.265,2.515,7.235,3.485],"rotation":0,"texture":"#0","tintindex":0},"north":{"uv":[7.515,2.515,8.235,3.485],"rotation":0,"texture":"#0","tintindex":0},"south":{"uv":[7.515,3.765,8.235,4.735],"rotation":0,"texture":"#0","tintindex":0},"up":{"uv":[8.235,5.985,7.515,5.015],"rotation":0,"texture":"#0","tintindex":0},"west":{"uv":[5.765,6.265,6.735,7.235],"rotation":0,"texture":"#0","tintindex":0}}},{"name":"cube","from":[8.0,10.58639,8.0861],"to":[8.0,15.059751,12.559461],"rotation":{"angle":0.0,"axis":"x","origin":[8.0,9.002075,-2.6374474]},"faces":{"down":{"uv":[8.015,10.515,8.015,11.235],"rotation":0,"texture":"#0","tintindex":0},"east":{"uv":[4.485,8.265,3.765,8.985],"rotation":0,"texture":"#0","tintindex":0},"north":{"uv":[7.515,10.515,7.515,11.235],"rotation":0,"texture":"#0","tintindex":0},"south":{"uv":[7.765,10.515,7.765,11.235],"rotation":0,"texture":"#0","tintindex":0},"up":{"uv":[10.515,8.485,10.515,7.765],"rotation":0,"texture":"#0","tintindex":0},"west":{"uv":[3.765,8.265,4.485,8.985],"rotation":0,"texture":"#0","tintindex":0}}}],"display":{"head":{"translation":[0.0,-6.4,0.0],"rotation":[0.0,0.0,0.0],"scale":[3.8095,3.8095,3.8095]}}}