{"textures":{"0":"modelengine:entity/fire_furbeak"},"elements":[{"name":"cube","from":[4.2722,2.8309038,-0.92836046],"to":[11.727799,13.2687435,8.01836],"rotation":{"angle":0.0,"axis":"x","origin":[8.0,8.7021885,3.259293]},"faces":{"down":{"uv":[4.735,0.015,3.515,1.485],"rotation":0,"texture":"#0","tintindex":0},"east":{"uv":[0.015,0.015,1.485,1.735],"rotation":0,"texture":"#0","tintindex":0},"north":{"uv":[0.015,2.015,1.235,3.735],"rotation":0,"texture":"#0","tintindex":0},"south":{"uv":[1.515,2.015,2.735,3.735],"rotation":0,"texture":"#0","tintindex":0},"up":{"uv":[4.235,3.485,3.015,2.015],"rotation":0,"texture":"#0","tintindex":0},"west":{"uv":[1.765,0.015,3.235,1.735],"rotation":0,"texture":"#0","tintindex":0}}},{"name":"cube","from":[3.09583,6.4839325,0.56275964],"to":[3.09583,10.957293,6.52724],"rotation":{"angle":22.5,"axis":"z","origin":[8.0,8.7021885,3.259293]},"faces":{"down":{"uv":[10.265,10.515,10.265,11.485],"rotation":0,"texture":"#0","tintindex":0},"east":{"uv":[8.735,7.515,7.765,8.235],"rotation":0,"texture":"#0","tintindex":0},"north":{"uv":[9.515,10.515,9.515,11.235],"rotation":0,"texture":"#0","tintindex":0},"south":{"uv":[9.765,10.515,9.765,11.235],"rotation":0,"texture":"#0","tintindex":0},"up":{"uv":[10.015,11.485,10.015,10.515],"rotation":0,"texture":"#0","tintindex":0},"west":{"uv":[7.765,7.515,8.735,8.235],"rotation":0,"texture":"#0","tintindex":0}}},{"name":"cube","from":[4.58695,10.211733,-0.92836046],"to":[4.58695,14.685094,8.01836],"rotation":{"angle":22.5,"axis":"z","origin":[8.0,8.7021885,3.259293]},"faces":{"down":{"uv":[2.015,10.515,2.015,11.985],"rotation":0,"texture":"#0","tintindex":0},"east":{"uv":[7.235,4.265,5.765,4.985],"rotation":0,"texture":"#0","tintindex":0},"north":{"uv":[2.765,4.015,2.765,4.735],"rotation":0,"texture":"#0","tintindex":0},"south":{"uv":[1.515,10.515,1.515,11.235],"rotation":0,"texture":"#0","tintindex":0},"up":{"uv":[1.765,11.985,1.765,10.515],"rotation":0,"texture":"#0","tintindex":0},"west":{"uv":[5.765,4.265,7.235,4.985],"rotation":0,"texture":"#0","tintindex":0}}},{"name":"cube","from":[8.0,13.2687435,-0.92836046],"to":[8.0,19.233223,8.01836],"rotation":{"angle":0.0,"axis":"x","origin":[8.0,8.7021885,3.259293]},"faces":{"down":{"uv":[6.015,10.515,6.015,11.985],"rotation":0,"texture":"#0","tintindex":0},"east":{"uv":[5.985,3.015,4.515,3.985],"rotation":0,"texture":"#0","tintindex":0},"north":{"uv":[5.265,10.515,5.265,11.485],"rotation":0,"texture":"#0","tintindex":0},"south":{"uv":[5.515,10.515,5.515,11.485],"rotation":0,"texture":"#0","tintindex":0},"up":{"uv":[5.765,11.985,5.765,10.515],"rotation":0,"texture":"#0","tintindex":0},"west":{"uv":[4.515,3.015,5.985,3.985],"rotation":0,"texture":"#0","tintindex":0}}},{"name":"cube","from":[11.41305,10.211733,-0.92836046],"to":[11.41305,14.685094,8.01836],"rotation":{"angle":-22.5,"axis":"z","origin":[8.0,8.7021885,3.259293]},"faces":{"down":{"uv":[2.015,10.515,2.015,11.985],"rotation":0,"texture":"#0","tintindex":0},"east":{"uv":[7.235,4.265,5.765,4.985],"rotation":0,"texture":"#0","tintindex":0},"north":{"uv":[2.765,4.015,2.765,4.735],"rotation":0,"texture":"#0","tintindex":0},"south":{"uv":[1.515,10.515,1.515,11.235],"rotation":0,"texture":"#0","tintindex":0},"up":{"uv":[1.765,11.985,1.765,10.515],"rotation":0,"texture":"#0","tintindex":0},"west":{"uv":[5.765,4.265,7.235,4.985],"rotation":0,"texture":"#0","tintindex":0}}},{"name":"cube","from":[12.90417,6.4839325,0.56275964],"to":[12.90417,10.957293,6.52724],"rotation":{"angle":-22.5,"axis":"z","origin":[8.0,8.7021885,3.259293]},"faces":{"down":{"uv":[10.265,10.515,10.265,11.485],"rotation":0,"texture":"#0","tintindex":0},"east":{"uv":[8.735,7.515,7.765,8.235],"rotation":0,"texture":"#0","tintindex":0},"north":{"uv":[9.515,10.515,9.515,11.235],"rotation":0,"texture":"#0","tintindex":0},"south":{"uv":[9.765,10.515,9.765,11.235],"rotation":0,"texture":"#0","tintindex":0},"up":{"uv":[10.015,11.485,10.015,10.515],"rotation":0,"texture":"#0","tintindex":0},"west":{"uv":[7.765,7.515,8.735,8.235],"rotation":0,"texture":"#0","tintindex":0}}}],"display":{"head":{"translation":[0.0,-6.4,0.0],"rotation":[0.0,0.0,0.0],"scale":[3.8095,3.8095,3.8095]}}}