{"textures":{"0":"modelengine:entity/cori","1":"modelengine:entity/fire"},"elements":[{"name":"snout","from":[23.226501,17.69203,8.48816],"to":[25.952003,18.349674,11.066336],"rotation":{"angle":-22.5,"axis":"z","origin":[24.709251,17.919727,9.561248]},"faces":{"down":{"uv":[3.5,0.875,2.875,1.375],"rotation":0,"texture":"#0","tintindex":0},"east":{"uv":[8.25,2.125,8.75,2.25],"rotation":0,"texture":"#0","tintindex":0},"north":{"uv":[9.875,2.875,10.5,3.0],"rotation":0,"texture":"#0","tintindex":0},"south":{"uv":[9.875,3.0,10.5,3.125],"rotation":0,"texture":"#0","tintindex":0},"up":{"uv":[2.875,1.375,2.25,0.875],"rotation":0,"texture":"#0","tintindex":0},"west":{"uv":[9.875,5.0,10.375,5.125],"rotation":0,"texture":"#0","tintindex":0}}},{"name":"snout","from":[23.5265,16.54596,8.14256],"to":[26.672,17.945177,11.368736],"rotation":{"angle":0.0,"axis":"x","origin":[9.749001,13.961227,12.02408]},"faces":{"down":{"uv":[8.75,2.25,8.125,2.875],"rotation":0,"texture":"#0","tintindex":0},"east":{"uv":[9.125,4.625,9.75,4.875],"rotation":0,"texture":"#0","tintindex":0},"north":{"uv":[9.125,4.375,9.75,4.625],"rotation":0,"texture":"#0","tintindex":0},"south":{"uv":[9.125,4.875,9.75,5.125],"rotation":0,"texture":"#0","tintindex":0},"up":{"uv":[8.5,5.0,7.875,4.375],"rotation":0,"texture":"#0","tintindex":0},"west":{"uv":[9.125,5.125,9.75,5.375],"rotation":0,"texture":"#0","tintindex":0}}},{"name":"nase","from":[25.8665,16.750229,11.040632],"to":[26.726902,17.435848,11.408264],"rotation":{"angle":0.0,"axis":"x","origin":[9.749001,13.961227,12.02408]},"faces":{"down":{"uv":[10.5,8.75,10.375,8.875],"rotation":0,"texture":"#0","tintindex":0},"east":{"uv":[10.375,8.5,10.5,8.625],"rotation":0,"texture":"#0","tintindex":0},"north":{"uv":[8.5,10.375,8.625,10.5],"rotation":0,"texture":"#0","tintindex":0},"south":{"uv":[8.625,10.375,8.75,10.5],"rotation":0,"texture":"#0","tintindex":0},"up":{"uv":[8.875,10.5,8.75,10.375],"rotation":0,"texture":"#0","tintindex":0},"west":{"uv":[10.375,8.625,10.5,8.75],"rotation":0,"texture":"#0","tintindex":0}}},{"name":"nase","from":[26.046501,16.480564,11.040632],"to":[26.726902,16.761688,11.408264],"rotation":{"angle":0.0,"axis":"x","origin":[9.749001,13.961227,12.02408]},"faces":{"down":{"uv":[9.5,10.375,9.375,10.5],"rotation":0,"texture":"#0","tintindex":0},"east":{"uv":[10.375,8.875,10.5,9.0],"rotation":0,"texture":"#0","tintindex":0},"north":{"uv":[8.875,10.375,9.0,10.5],"rotation":0,"texture":"#0","tintindex":0},"south":{"uv":[9.0,10.375,9.125,10.5],"rotation":0,"texture":"#0","tintindex":0},"up":{"uv":[9.375,10.5,9.25,10.375],"rotation":0,"texture":"#0","tintindex":0},"west":{"uv":[9.125,10.375,9.25,10.5],"rotation":0,"texture":"#0","tintindex":0}}},{"name":"nase","from":[25.8665,16.750229,8.103032],"to":[26.726902,17.435848,8.470664],"rotation":{"angle":0.0,"axis":"x","origin":[9.749001,13.961227,12.02408]},"faces":{"down":{"uv":[10.5,9.875,10.375,10.0],"rotation":0,"texture":"#0","tintindex":0},"east":{"uv":[9.625,10.375,9.75,10.5],"rotation":0,"texture":"#0","tintindex":0},"north":{"uv":[9.5,10.375,9.625,10.5],"rotation":0,"texture":"#0","tintindex":0},"south":{"uv":[9.75,10.375,9.875,10.5],"rotation":0,"texture":"#0","tintindex":0},"up":{"uv":[10.0,10.5,9.875,10.375],"rotation":0,"texture":"#0","tintindex":0},"west":{"uv":[10.375,9.75,10.5,9.875],"rotation":0,"texture":"#0","tintindex":0}}},{"name":"nase","from":[26.046501,16.480564,8.103032],"to":[26.726902,16.761688,8.470664],"rotation":{"angle":0.0,"axis":"x","origin":[9.749001,13.961227,12.02408]},"faces":{"down":{"uv":[10.625,0.0,10.5,0.125],"rotation":0,"texture":"#0","tintindex":0},"east":{"uv":[10.125,10.375,10.25,10.5],"rotation":0,"texture":"#0","tintindex":0},"north":{"uv":[10.0,10.375,10.125,10.5],"rotation":0,"texture":"#0","tintindex":0},"south":{"uv":[10.25,10.375,10.375,10.5],"rotation":0,"texture":"#0","tintindex":0},"up":{"uv":[10.5,10.5,10.375,10.375],"rotation":0,"texture":"#0","tintindex":0},"west":{"uv":[10.375,10.25,10.5,10.375],"rotation":0,"texture":"#0","tintindex":0}}},{"name":"zahn2","from":[26.48,16.34,10.5930805],"to":[26.600002,16.7,10.83308],"rotation":{"angle":0.0,"axis":"x","origin":[8.0,8.3,7.7280803]},"faces":{"down":{"uv":[1.125,10.5,1.0,10.625],"rotation":0,"texture":"#0","tintindex":0},"east":{"uv":[0.75,10.5,0.875,10.625],"rotation":0,"texture":"#0","tintindex":0},"north":{"uv":[10.5,0.625,10.625,0.75],"rotation":0,"texture":"#0","tintindex":0},"south":{"uv":[10.5,0.75,10.625,0.875],"rotation":0,"texture":"#0","tintindex":0},"up":{"uv":[10.625,1.0,10.5,0.875],"rotation":0,"texture":"#0","tintindex":0},"west":{"uv":[0.875,10.5,1.0,10.625],"rotation":0,"texture":"#0","tintindex":0}}},{"name":"zahn1","from":[26.48,16.34,8.61308],"to":[26.600002,16.7,8.853081],"rotation":{"angle":0.0,"axis":"x","origin":[8.0,8.3,7.7280803]},"faces":{"down":{"uv":[10.625,0.5,10.5,0.625],"rotation":0,"texture":"#0","tintindex":0},"east":{"uv":[10.5,0.125,10.625,0.25],"rotation":0,"texture":"#0","tintindex":0},"north":{"uv":[0.125,10.5,0.25,10.625],"rotation":0,"texture":"#0","tintindex":0},"south":{"uv":[0.25,10.5,0.375,10.625],"rotation":0,"texture":"#0","tintindex":0},"up":{"uv":[0.625,10.625,0.5,10.5],"rotation":0,"texture":"#0","tintindex":0},"west":{"uv":[0.375,10.5,0.5,10.625],"rotation":0,"texture":"#0","tintindex":0}}}],"display":{"head":{"translation":[0.0,-6.4,0.0],"rotation":[0.0,0.0,0.0],"scale":[3.8095,3.8095,3.8095]}}}