{"textures":{"0":"modelengine:entity/cori","1":"modelengine:entity/fire"},"elements":[{"name":"cube","from":[5.8401737,10.728182,7.8876324],"to":[6.6546497,10.831196,8.129078],"rotation":{"angle":22.5,"axis":"z","origin":[6.2901974,11.185874,8.014791]},"faces":{"down":{"uv":[6.625,10.625,6.5,10.75],"rotation":0,"texture":"#0","tintindex":0},"east":{"uv":[6.25,10.625,6.375,10.75],"rotation":0,"texture":"#0","tintindex":0},"north":{"uv":[10.625,6.125,10.75,6.25],"rotation":0,"texture":"#0","tintindex":0},"south":{"uv":[10.625,6.25,10.75,6.375],"rotation":0,"texture":"#0","tintindex":0},"up":{"uv":[10.75,6.5,10.625,6.375],"rotation":0,"texture":"#0","tintindex":0},"west":{"uv":[6.375,10.625,6.5,10.75],"rotation":0,"texture":"#0","tintindex":0}}},{"name":"cube","from":[6.2046375,11.252774,7.895678],"to":[6.681092,11.516756,8.130686],"rotation":{"angle":-22.5,"axis":"z","origin":[6.2901974,11.185874,8.014791]},"faces":{"down":{"uv":[7.0,10.625,6.875,10.75],"rotation":0,"texture":"#0","tintindex":0},"east":{"uv":[6.625,10.625,6.75,10.75],"rotation":0,"texture":"#0","tintindex":0},"north":{"uv":[10.625,6.5,10.75,6.625],"rotation":0,"texture":"#0","tintindex":0},"south":{"uv":[10.625,6.625,10.75,6.75],"rotation":0,"texture":"#0","tintindex":0},"up":{"uv":[10.75,6.875,10.625,6.75],"rotation":0,"texture":"#0","tintindex":0},"west":{"uv":[6.75,10.625,6.875,10.75],"rotation":0,"texture":"#0","tintindex":0}}},{"name":"cube","from":[5.9243355,10.795556,7.960064],"to":[6.352502,11.455508,8.079176],"rotation":{"angle":22.5,"axis":"z","origin":[6.2901974,11.185874,8.014791]},"faces":{"down":{"uv":[7.375,10.625,7.25,10.75],"rotation":0,"texture":"#0","tintindex":0},"east":{"uv":[7.0,10.625,7.125,10.75],"rotation":0,"texture":"#0","tintindex":0},"north":{"uv":[10.625,6.875,10.75,7.0],"rotation":0,"texture":"#0","tintindex":0},"south":{"uv":[10.625,7.0,10.75,7.125],"rotation":0,"texture":"#0","tintindex":0},"up":{"uv":[10.75,7.25,10.625,7.125],"rotation":0,"texture":"#0","tintindex":0},"west":{"uv":[7.125,10.625,7.25,10.75],"rotation":0,"texture":"#0","tintindex":0}}},{"name":"cube","from":[5.849,11.294971,7.93592],"to":[6.3254538,11.494568,8.106543],"rotation":{"angle":0.0,"axis":"x","origin":[6.2901974,11.185874,8.014791]},"faces":{"down":{"uv":[7.75,10.625,7.625,10.75],"rotation":0,"texture":"#0","tintindex":0},"east":{"uv":[7.375,10.625,7.5,10.75],"rotation":0,"texture":"#0","tintindex":0},"north":{"uv":[10.625,7.25,10.75,7.375],"rotation":0,"texture":"#0","tintindex":0},"south":{"uv":[10.625,7.375,10.75,7.5],"rotation":0,"texture":"#0","tintindex":0},"up":{"uv":[10.75,7.625,10.625,7.5],"rotation":0,"texture":"#0","tintindex":0},"west":{"uv":[7.5,10.625,7.625,10.75],"rotation":0,"texture":"#0","tintindex":0}}},{"name":"cube","from":[6.4517536,10.353548,7.863488],"to":[6.747932,10.97123,8.162876],"rotation":{"angle":45.0,"axis":"z","origin":[6.2901974,11.185874,8.014791]},"faces":{"down":{"uv":[8.125,10.625,8.0,10.75],"rotation":0,"texture":"#0","tintindex":0},"east":{"uv":[7.75,10.625,7.875,10.75],"rotation":0,"texture":"#0","tintindex":0},"north":{"uv":[10.625,7.625,10.75,7.75],"rotation":0,"texture":"#0","tintindex":0},"south":{"uv":[10.625,7.75,10.75,7.875],"rotation":0,"texture":"#0","tintindex":0},"up":{"uv":[10.75,8.0,10.625,7.875],"rotation":0,"texture":"#0","tintindex":0},"west":{"uv":[7.875,10.625,8.0,10.75],"rotation":0,"texture":"#0","tintindex":0}}},{"name":"cube","from":[6.277004,10.826881,7.923044],"to":[6.6085877,11.293676,8.106543],"rotation":{"angle":22.5,"axis":"z","origin":[6.2901974,11.185874,8.014791]},"faces":{"down":{"uv":[8.5,10.625,8.375,10.75],"rotation":0,"texture":"#0","tintindex":0},"east":{"uv":[8.125,10.625,8.25,10.75],"rotation":0,"texture":"#0","tintindex":0},"north":{"uv":[10.625,8.0,10.75,8.125],"rotation":0,"texture":"#0","tintindex":0},"south":{"uv":[10.625,8.125,10.75,8.25],"rotation":0,"texture":"#0","tintindex":0},"up":{"uv":[10.75,8.375,10.625,8.25],"rotation":0,"texture":"#0","tintindex":0},"west":{"uv":[8.25,10.625,8.375,10.75],"rotation":0,"texture":"#0","tintindex":0}}},{"name":"cube","from":[5.5482616,11.327163,7.9681163],"to":[5.874758,11.462373,8.074347],"rotation":{"angle":0.0,"axis":"x","origin":[6.2901974,11.185874,8.014791]},"faces":{"down":{"uv":[8.875,10.625,8.75,10.75],"rotation":0,"texture":"#0","tintindex":0},"east":{"uv":[8.5,10.625,8.625,10.75],"rotation":0,"texture":"#0","tintindex":0},"north":{"uv":[10.625,8.375,10.75,8.5],"rotation":0,"texture":"#0","tintindex":0},"south":{"uv":[10.625,8.5,10.75,8.625],"rotation":0,"texture":"#0","tintindex":0},"up":{"uv":[10.75,8.75,10.625,8.625],"rotation":0,"texture":"#0","tintindex":0},"west":{"uv":[8.625,10.625,8.75,10.75],"rotation":0,"texture":"#0","tintindex":0}}},{"name":"cube","from":[5.911742,10.882778,7.99226],"to":[6.082364,11.768073,8.046986],"rotation":{"angle":45.0,"axis":"z","origin":[6.2901974,11.185874,8.014791]},"faces":{"down":{"uv":[9.25,10.625,9.125,10.75],"rotation":0,"texture":"#0","tintindex":0},"east":{"uv":[8.875,10.625,9.0,10.75],"rotation":0,"texture":"#0","tintindex":0},"north":{"uv":[10.625,8.75,10.75,8.875],"rotation":0,"texture":"#0","tintindex":0},"south":{"uv":[10.625,8.875,10.75,9.0],"rotation":0,"texture":"#0","tintindex":0},"up":{"uv":[10.75,9.125,10.625,9.0],"rotation":0,"texture":"#0","tintindex":0},"west":{"uv":[9.0,10.625,9.125,10.75],"rotation":0,"texture":"#0","tintindex":0}}},{"name":"tail","from":[6.06398,9.49802,6.2996],"to":[7.8747797,10.403721,9.700399],"rotation":{"angle":22.5,"axis":"z","origin":[5.6228294,9.5758705,8.0]},"faces":{"down":{"uv":[0.375,8.375,0.0,9.125],"rotation":0,"texture":"#0","tintindex":0},"east":{"uv":[8.75,8.25,9.5,8.5],"rotation":0,"texture":"#0","tintindex":0},"north":{"uv":[9.75,9.75,10.125,10.0],"rotation":0,"texture":"#0","tintindex":0},"south":{"uv":[9.875,0.0,10.25,0.25],"rotation":0,"texture":"#0","tintindex":0},"up":{"uv":[3.125,7.625,2.75,6.875],"rotation":0,"texture":"#0","tintindex":0},"west":{"uv":[9.0,8.5,9.75,8.75],"rotation":0,"texture":"#0","tintindex":0}}},{"name":"tail","from":[5.8239794,6.61802,5.6996],"to":[9.0747795,10.103721,10.3004],"rotation":{"angle":22.5,"axis":"z","origin":[5.6228294,9.5758705,8.0]},"faces":{"down":{"uv":[5.5,6.875,4.875,7.875],"rotation":0,"texture":"#0","tintindex":0},"east":{"uv":[6.125,0.875,7.125,1.625],"rotation":0,"texture":"#0","tintindex":0},"north":{"uv":[0.75,7.875,1.375,8.625],"rotation":0,"texture":"#0","tintindex":0},"south":{"uv":[1.375,7.875,2.0,8.625],"rotation":0,"texture":"#0","tintindex":0},"up":{"uv":[2.75,7.875,2.125,6.875],"rotation":0,"texture":"#0","tintindex":0},"west":{"uv":[6.5,2.25,7.5,3.0],"rotation":0,"texture":"#0","tintindex":0}}},{"name":"tail","from":[6.7202,7.21295,5.7644],"to":[9.7628,7.4910502,10.1546],"rotation":{"angle":22.5,"axis":"z","origin":[8.0,8.0,8.0]},"faces":{"down":{"uv":[8.625,7.0,8.125,7.875],"rotation":0,"texture":"#0","tintindex":0},"east":{"uv":[9.5,8.25,10.375,8.375],"rotation":0,"texture":"#0","tintindex":0},"north":{"uv":[10.125,8.125,10.625,8.25],"rotation":0,"texture":"#0","tintindex":0},"south":{"uv":[8.875,10.125,9.375,10.25],"rotation":0,"texture":"#0","tintindex":0},"up":{"uv":[7.5,9.0,7.0,8.125],"rotation":0,"texture":"#0","tintindex":0},"west":{"uv":[9.5,8.375,10.375,8.5],"rotation":0,"texture":"#0","tintindex":0}}}],"display":{"head":{"translation":[0.0,-6.4,0.0],"rotation":[0.0,0.0,0.0],"scale":[3.8095,3.8095,3.8095]}}}