{"textures":{"0":"modelengine:entity/cori","1":"modelengine:entity/fire"},"elements":[{"name":"cube","from":[9.081404,9.505655,7.921244],"to":[9.373808,9.542639,8.007925],"rotation":{"angle":-22.5,"axis":"z","origin":[8.091703,9.671454,7.966896]},"faces":{"down":{"uv":[0.625,10.625,0.5,10.75],"rotation":0,"texture":"#0","tintindex":0},"east":{"uv":[0.25,10.625,0.375,10.75],"rotation":0,"texture":"#0","tintindex":0},"north":{"uv":[10.625,0.125,10.75,0.25],"rotation":0,"texture":"#0","tintindex":0},"south":{"uv":[10.625,0.25,10.75,0.375],"rotation":0,"texture":"#0","tintindex":0},"up":{"uv":[10.75,0.5,10.625,0.375],"rotation":0,"texture":"#0","tintindex":0},"west":{"uv":[0.375,10.625,0.5,10.75],"rotation":0,"texture":"#0","tintindex":0}}},{"name":"cube","from":[9.081404,9.534096,7.9241333],"to":[9.176176,9.705147,8.008503],"rotation":{"angle":22.5,"axis":"z","origin":[8.091703,9.671454,7.966896]},"faces":{"down":{"uv":[1.0,10.625,0.875,10.75],"rotation":0,"texture":"#0","tintindex":0},"east":{"uv":[0.625,10.625,0.75,10.75],"rotation":0,"texture":"#0","tintindex":0},"north":{"uv":[10.625,0.5,10.75,0.625],"rotation":0,"texture":"#0","tintindex":0},"south":{"uv":[10.625,0.625,10.75,0.75],"rotation":0,"texture":"#0","tintindex":0},"up":{"uv":[10.75,0.875,10.625,0.75],"rotation":0,"texture":"#0","tintindex":0},"west":{"uv":[0.75,10.625,0.875,10.75],"rotation":0,"texture":"#0","tintindex":0}}},{"name":"cube","from":[9.081404,9.529843,7.947248],"to":[9.235119,9.766772,7.9900103],"rotation":{"angle":-22.5,"axis":"z","origin":[8.091703,9.671454,7.966896]},"faces":{"down":{"uv":[1.375,10.625,1.25,10.75],"rotation":0,"texture":"#0","tintindex":0},"east":{"uv":[1.0,10.625,1.125,10.75],"rotation":0,"texture":"#0","tintindex":0},"north":{"uv":[10.625,0.875,10.75,1.0],"rotation":0,"texture":"#0","tintindex":0},"south":{"uv":[10.625,1.0,10.75,1.125],"rotation":0,"texture":"#0","tintindex":0},"up":{"uv":[10.75,1.25,10.625,1.125],"rotation":0,"texture":"#0","tintindex":0},"west":{"uv":[1.125,10.625,1.25,10.75],"rotation":0,"texture":"#0","tintindex":0}}},{"name":"cube","from":[9.081404,9.707073,7.93858],"to":[9.252455,9.77873,7.999835],"rotation":{"angle":-45.0,"axis":"z","origin":[8.091703,9.671454,7.966896]},"faces":{"down":{"uv":[1.75,10.625,1.625,10.75],"rotation":0,"texture":"#0","tintindex":0},"east":{"uv":[1.375,10.625,1.5,10.75],"rotation":0,"texture":"#0","tintindex":0},"north":{"uv":[10.625,1.25,10.75,1.375],"rotation":0,"texture":"#0","tintindex":0},"south":{"uv":[10.625,1.375,10.75,1.5],"rotation":0,"texture":"#0","tintindex":0},"up":{"uv":[10.75,1.625,10.625,1.5],"rotation":0,"texture":"#0","tintindex":0},"west":{"uv":[1.5,10.625,1.625,10.75],"rotation":0,"texture":"#0","tintindex":0}}},{"name":"cube","from":[9.081404,9.373449,7.9125767],"to":[9.187735,9.595203,8.02006],"rotation":{"angle":0.0,"axis":"x","origin":[8.091703,9.671454,7.966896]},"faces":{"down":{"uv":[2.125,10.625,2.0,10.75],"rotation":0,"texture":"#0","tintindex":0},"east":{"uv":[1.75,10.625,1.875,10.75],"rotation":0,"texture":"#0","tintindex":0},"north":{"uv":[10.625,1.625,10.75,1.75],"rotation":0,"texture":"#0","tintindex":0},"south":{"uv":[10.625,1.75,10.75,1.875],"rotation":0,"texture":"#0","tintindex":0},"up":{"uv":[10.75,2.0,10.625,1.875],"rotation":0,"texture":"#0","tintindex":0},"west":{"uv":[1.875,10.625,2.0,10.75],"rotation":0,"texture":"#0","tintindex":0}}},{"name":"cube","from":[9.081404,9.54109,7.9339576],"to":[9.200445,9.7086735,7.999835],"rotation":{"angle":-22.5,"axis":"z","origin":[8.091703,9.671454,7.966896]},"faces":{"down":{"uv":[2.5,10.625,2.375,10.75],"rotation":0,"texture":"#0","tintindex":0},"east":{"uv":[2.125,10.625,2.25,10.75],"rotation":0,"texture":"#0","tintindex":0},"north":{"uv":[10.625,2.0,10.75,2.125],"rotation":0,"texture":"#0","tintindex":0},"south":{"uv":[10.625,2.125,10.75,2.25],"rotation":0,"texture":"#0","tintindex":0},"up":{"uv":[10.75,2.375,10.625,2.25],"rotation":0,"texture":"#0","tintindex":0},"west":{"uv":[2.25,10.625,2.375,10.75],"rotation":0,"texture":"#0","tintindex":0}}},{"name":"cube","from":[9.081404,9.71863,7.950139],"to":[9.198619,9.767172,7.9882765],"rotation":{"angle":-45.0,"axis":"z","origin":[8.091703,9.671454,7.966896]},"faces":{"down":{"uv":[2.875,10.625,2.75,10.75],"rotation":0,"texture":"#0","tintindex":0},"east":{"uv":[2.5,10.625,2.625,10.75],"rotation":0,"texture":"#0","tintindex":0},"north":{"uv":[10.625,2.375,10.75,2.5],"rotation":0,"texture":"#0","tintindex":0},"south":{"uv":[10.625,2.5,10.75,2.625],"rotation":0,"texture":"#0","tintindex":0},"up":{"uv":[10.75,2.75,10.625,2.625],"rotation":0,"texture":"#0","tintindex":0},"west":{"uv":[2.625,10.625,2.75,10.75],"rotation":0,"texture":"#0","tintindex":0}}},{"name":"cube","from":[9.081404,9.563448,7.9588065],"to":[9.142658,9.881277,7.978454],"rotation":{"angle":0.0,"axis":"x","origin":[8.091703,9.671454,7.966896]},"faces":{"down":{"uv":[3.25,10.625,3.125,10.75],"rotation":0,"texture":"#0","tintindex":0},"east":{"uv":[2.875,10.625,3.0,10.75],"rotation":0,"texture":"#0","tintindex":0},"north":{"uv":[10.625,2.75,10.75,2.875],"rotation":0,"texture":"#0","tintindex":0},"south":{"uv":[10.625,2.875,10.75,3.0],"rotation":0,"texture":"#0","tintindex":0},"up":{"uv":[10.75,3.125,10.625,3.0],"rotation":0,"texture":"#0","tintindex":0},"west":{"uv":[3.0,10.625,3.125,10.75],"rotation":0,"texture":"#0","tintindex":0}}},{"name":"cube","from":[9.081404,9.217251,7.1372],"to":[10.294904,9.42275,8.8628],"rotation":{"angle":-22.5,"axis":"z","origin":[8.0,8.0,8.0]},"faces":{"down":{"uv":[2.875,9.875,2.625,10.25],"rotation":0,"texture":"#0","tintindex":0},"east":{"uv":[9.625,10.25,10.0,10.375],"rotation":0,"texture":"#0","tintindex":0},"north":{"uv":[10.375,4.875,10.625,5.0],"rotation":0,"texture":"#0","tintindex":0},"south":{"uv":[10.375,5.0,10.625,5.125],"rotation":0,"texture":"#0","tintindex":0},"up":{"uv":[10.125,2.5,9.875,2.125],"rotation":0,"texture":"#0","tintindex":0},"west":{"uv":[10.0,10.25,10.375,10.375],"rotation":0,"texture":"#0","tintindex":0}}},{"name":"cube","from":[9.081404,7.2372503,7.0172],"to":[11.524904,9.30275,8.9828005],"rotation":{"angle":-22.5,"axis":"z","origin":[8.0,8.0,8.0]},"faces":{"down":{"uv":[9.625,2.5,9.125,2.875],"rotation":0,"texture":"#0","tintindex":0},"east":{"uv":[2.625,9.5,3.0,9.875],"rotation":0,"texture":"#0","tintindex":0},"north":{"uv":[8.625,9.0,9.125,9.375],"rotation":0,"texture":"#0","tintindex":0},"south":{"uv":[1.875,9.125,2.375,9.5],"rotation":0,"texture":"#0","tintindex":0},"up":{"uv":[9.625,2.5,9.125,2.125],"rotation":0,"texture":"#0","tintindex":0},"west":{"uv":[3.0,9.5,3.375,9.875],"rotation":0,"texture":"#0","tintindex":0}}}],"display":{"head":{"translation":[0.0,-6.4,0.0],"rotation":[0.0,0.0,0.0],"scale":[3.8095,3.8095,3.8095]}}}