{"textures":{"0":"modelengine:entity/cori","1":"modelengine:entity/fire"},"elements":[{"name":"cube","from":[10.869703,3.6945746,7.1705027],"to":[12.203203,5.1660748,8.596102],"rotation":{"angle":-45.0,"axis":"z","origin":[9.832994,5.2133245,7.8833027]},"faces":{"down":{"uv":[2.875,10.25,2.625,10.5],"rotation":0,"texture":"#0","tintindex":0},"east":{"uv":[0.125,10.25,0.375,10.5],"rotation":0,"texture":"#0","tintindex":0},"north":{"uv":[10.25,0.0,10.5,0.25],"rotation":0,"texture":"#0","tintindex":0},"south":{"uv":[1.625,10.25,1.875,10.5],"rotation":0,"texture":"#0","tintindex":0},"up":{"uv":[10.5,2.75,10.25,2.5],"rotation":0,"texture":"#0","tintindex":0},"west":{"uv":[2.375,10.25,2.625,10.5],"rotation":0,"texture":"#0","tintindex":0}}},{"name":"cube","from":[10.869703,5.1660748,7.2905025],"to":[11.423203,5.226074,8.476103],"rotation":{"angle":-45.0,"axis":"z","origin":[9.832994,5.2133245,7.8833027]},"faces":{"down":{"uv":[5.875,10.375,5.75,10.625],"rotation":0,"texture":"#0","tintindex":0},"east":{"uv":[10.375,5.375,10.625,5.5],"rotation":0,"texture":"#0","tintindex":0},"north":{"uv":[10.875,1.875,11.0,2.0],"rotation":0,"texture":"#0","tintindex":0},"south":{"uv":[2.0,10.875,2.125,11.0],"rotation":0,"texture":"#0","tintindex":0},"up":{"uv":[5.75,10.625,5.625,10.375],"rotation":0,"texture":"#0","tintindex":0},"west":{"uv":[10.375,5.5,10.625,5.625],"rotation":0,"texture":"#0","tintindex":0}}}],"display":{"head":{"translation":[0.0,-6.4,0.0],"rotation":[0.0,0.0,0.0],"scale":[3.8095,3.8095,3.8095]}}}