{"textures":{"0":"modelengine:entity/cori","1":"modelengine:entity/fire"},"elements":[{"name":"cube","from":[16.512968,16.639984,9.854],"to":[18.030968,16.831982,10.304001],"rotation":{"angle":0.0,"axis":"x","origin":[8.682968,8.917982,8.477]},"faces":{"down":{"uv":[10.625,5.75,10.25,5.875],"rotation":0,"texture":"#0","tintindex":0},"east":{"uv":[10.5,1.0,10.625,1.125],"rotation":0,"texture":"#0","tintindex":0},"north":{"uv":[5.125,10.25,5.5,10.375],"rotation":0,"texture":"#0","tintindex":0},"south":{"uv":[5.5,10.25,5.875,10.375],"rotation":0,"texture":"#0","tintindex":0},"up":{"uv":[10.625,5.75,10.25,5.625],"rotation":0,"texture":"#0","tintindex":0},"west":{"uv":[1.125,10.5,1.25,10.625],"rotation":0,"texture":"#0","tintindex":0}}},{"name":"cube","from":[17.070051,16.766563,9.8689995],"to":[17.56205,17.654564,10.306999],"rotation":{"angle":45.0,"axis":"z","origin":[17.15105,17.984564,10.394]},"faces":{"down":{"uv":[1.625,10.5,1.5,10.625],"rotation":0,"texture":"#0","tintindex":0},"east":{"uv":[1.25,10.5,1.375,10.625],"rotation":0,"texture":"#0","tintindex":0},"north":{"uv":[10.5,1.125,10.625,1.25],"rotation":0,"texture":"#0","tintindex":0},"south":{"uv":[10.5,1.25,10.625,1.375],"rotation":0,"texture":"#0","tintindex":0},"up":{"uv":[10.625,1.5,10.5,1.375],"rotation":0,"texture":"#0","tintindex":0},"west":{"uv":[1.375,10.5,1.5,10.625],"rotation":0,"texture":"#0","tintindex":0}}},{"name":"cube","from":[16.669827,16.765549,9.989],"to":[17.467827,17.99555,10.211],"rotation":{"angle":0.0,"axis":"x","origin":[16.924828,17.503551,10.166]},"faces":{"down":{"uv":[1.75,10.5,1.625,10.625],"rotation":0,"texture":"#0","tintindex":0},"east":{"uv":[4.625,9.875,4.75,10.125],"rotation":0,"texture":"#0","tintindex":0},"north":{"uv":[4.125,9.875,4.25,10.125],"rotation":0,"texture":"#0","tintindex":0},"south":{"uv":[6.625,10.0,6.75,10.25],"rotation":0,"texture":"#0","tintindex":0},"up":{"uv":[10.625,1.625,10.5,1.5],"rotation":0,"texture":"#0","tintindex":0},"west":{"uv":[0.625,10.125,0.75,10.375],"rotation":0,"texture":"#0","tintindex":0}}},{"name":"cube","from":[16.62077,17.70694,9.944],"to":[17.50877,18.07894,10.262001],"rotation":{"angle":-22.5,"axis":"z","origin":[17.37077,17.72794,10.394]},"faces":{"down":{"uv":[2.125,10.5,2.0,10.625],"rotation":0,"texture":"#0","tintindex":0},"east":{"uv":[1.75,10.5,1.875,10.625],"rotation":0,"texture":"#0","tintindex":0},"north":{"uv":[10.5,1.625,10.625,1.75],"rotation":0,"texture":"#0","tintindex":0},"south":{"uv":[10.5,1.75,10.625,1.875],"rotation":0,"texture":"#0","tintindex":0},"up":{"uv":[10.625,2.0,10.5,1.875],"rotation":0,"texture":"#0","tintindex":0},"west":{"uv":[1.875,10.5,2.0,10.625],"rotation":0,"texture":"#0","tintindex":0}}},{"name":"cube","from":[17.771168,16.218098,9.809],"to":[18.32317,17.346098,10.367001],"rotation":{"angle":22.5,"axis":"z","origin":[18.047169,17.322098,10.1779995]},"faces":{"down":{"uv":[10.625,2.25,10.5,2.375],"rotation":0,"texture":"#0","tintindex":0},"east":{"uv":[4.125,10.125,4.25,10.375],"rotation":0,"texture":"#0","tintindex":0},"north":{"uv":[2.125,10.125,2.25,10.375],"rotation":0,"texture":"#0","tintindex":0},"south":{"uv":[4.625,10.125,4.75,10.375],"rotation":0,"texture":"#0","tintindex":0},"up":{"uv":[10.625,2.25,10.5,2.125],"rotation":0,"texture":"#0","tintindex":0},"west":{"uv":[0.0,10.375,0.125,10.625],"rotation":0,"texture":"#0","tintindex":0}}},{"name":"cube","from":[17.327122,16.823942,9.92],"to":[17.94512,17.693943,10.262001],"rotation":{"angle":0.0,"axis":"x","origin":[16.98212,17.561943,10.3220005]},"faces":{"down":{"uv":[2.875,10.5,2.75,10.625],"rotation":0,"texture":"#0","tintindex":0},"east":{"uv":[2.5,10.5,2.625,10.625],"rotation":0,"texture":"#0","tintindex":0},"north":{"uv":[2.375,10.5,2.5,10.625],"rotation":0,"texture":"#0","tintindex":0},"south":{"uv":[10.5,2.5,10.625,2.625],"rotation":0,"texture":"#0","tintindex":0},"up":{"uv":[10.625,2.75,10.5,2.625],"rotation":0,"texture":"#0","tintindex":0},"west":{"uv":[2.625,10.5,2.75,10.625],"rotation":0,"texture":"#0","tintindex":0}}},{"name":"cube","from":[16.222017,18.147015,10.004],"to":[16.810017,18.399014,10.202],"rotation":{"angle":-22.5,"axis":"z","origin":[16.486015,18.273014,10.087999]},"faces":{"down":{"uv":[3.25,10.5,3.125,10.625],"rotation":0,"texture":"#0","tintindex":0},"east":{"uv":[2.875,10.5,3.0,10.625],"rotation":0,"texture":"#0","tintindex":0},"north":{"uv":[10.5,2.75,10.625,2.875],"rotation":0,"texture":"#0","tintindex":0},"south":{"uv":[10.5,2.875,10.625,3.0],"rotation":0,"texture":"#0","tintindex":0},"up":{"uv":[10.625,3.125,10.5,3.0],"rotation":0,"texture":"#0","tintindex":0},"west":{"uv":[3.0,10.5,3.125,10.625],"rotation":0,"texture":"#0","tintindex":0}}},{"name":"cube","from":[16.609827,16.765549,10.049],"to":[16.927826,18.41555,10.151],"rotation":{"angle":22.5,"axis":"z","origin":[16.924828,17.503551,10.166]},"faces":{"down":{"uv":[3.375,10.5,3.25,10.625],"rotation":0,"texture":"#0","tintindex":0},"east":{"uv":[1.25,5.75,1.375,6.125],"rotation":0,"texture":"#0","tintindex":0},"north":{"uv":[3.875,5.25,4.0,5.625],"rotation":0,"texture":"#0","tintindex":0},"south":{"uv":[1.875,8.625,2.0,9.0],"rotation":0,"texture":"#0","tintindex":0},"up":{"uv":[10.625,3.25,10.5,3.125],"rotation":0,"texture":"#0","tintindex":0},"west":{"uv":[2.625,9.125,2.75,9.5],"rotation":0,"texture":"#0","tintindex":0}}},{"name":"cube","from":[15.740002,12.44,6.59],"to":[19.64,16.7,13.7],"rotation":{"angle":0.0,"axis":"x","origin":[8.0,8.0,8.0]},"faces":{"down":{"uv":[0.875,2.875,0.0,4.375],"rotation":0,"texture":"#0","tintindex":0},"east":{"uv":[2.0,1.375,3.5,2.25],"rotation":0,"texture":"#0","tintindex":0},"north":{"uv":[1.25,6.125,2.125,7.0],"rotation":0,"texture":"#0","tintindex":0},"south":{"uv":[6.125,6.0,7.0,6.875],"rotation":0,"texture":"#0","tintindex":0},"up":{"uv":[2.875,3.75,2.0,2.25],"rotation":0,"texture":"#0","tintindex":0},"west":{"uv":[2.25,0.0,3.75,0.875],"rotation":0,"texture":"#0","tintindex":0}}},{"name":"cube","from":[15.8,12.5,6.47],"to":[19.505001,16.16,6.95],"rotation":{"angle":0.0,"axis":"x","origin":[8.0,8.0,8.0]},"faces":{"down":{"uv":[10.5,0.5,9.75,0.625],"rotation":0,"texture":"#0","tintindex":0},"east":{"uv":[4.25,9.625,4.375,10.375],"rotation":0,"texture":"#0","tintindex":0},"north":{"uv":[0.0,7.0,0.75,7.75],"rotation":0,"texture":"#0","tintindex":0},"south":{"uv":[7.0,0.0,7.75,0.75],"rotation":0,"texture":"#0","tintindex":0},"up":{"uv":[10.375,9.0,9.625,8.875],"rotation":0,"texture":"#0","tintindex":0},"west":{"uv":[8.0,9.625,8.125,10.375],"rotation":0,"texture":"#0","tintindex":0}}},{"name":"cube","from":[15.2051,12.803301,6.7928],"to":[20.6357,16.297401,13.529],"rotation":{"angle":0.0,"axis":"x","origin":[9.929001,13.1219,13.529]},"faces":{"down":{"uv":[2.25,0.0,1.125,1.375],"rotation":0,"texture":"#0","tintindex":0},"east":{"uv":[4.75,0.875,6.125,1.625],"rotation":0,"texture":"#0","tintindex":0},"north":{"uv":[5.375,3.0,6.5,3.75],"rotation":0,"texture":"#0","tintindex":0},"south":{"uv":[4.125,5.625,5.25,6.375],"rotation":0,"texture":"#0","tintindex":0},"up":{"uv":[1.125,1.375,0.0,0.0],"rotation":0,"texture":"#0","tintindex":0},"west":{"uv":[0.0,5.0,1.375,5.75],"rotation":0,"texture":"#0","tintindex":0}}},{"name":"cube","from":[15.445101,13.043301,6.6577997],"to":[20.320702,15.9974,13.6640005],"rotation":{"angle":0.0,"axis":"x","origin":[9.929001,13.1219,13.529]},"faces":{"down":{"uv":[2.0,1.375,1.0,2.875],"rotation":0,"texture":"#0","tintindex":0},"east":{"uv":[4.0,5.0,5.5,5.625],"rotation":0,"texture":"#0","tintindex":0},"north":{"uv":[6.625,1.625,7.625,2.25],"rotation":0,"texture":"#0","tintindex":0},"south":{"uv":[6.75,3.875,7.75,4.5],"rotation":0,"texture":"#0","tintindex":0},"up":{"uv":[1.0,2.875,0.0,1.375],"rotation":0,"texture":"#0","tintindex":0},"west":{"uv":[5.125,1.625,6.625,2.25],"rotation":0,"texture":"#0","tintindex":0}}},{"name":"cube","from":[15.83,12.5,13.52],"to":[19.445,16.475,13.88],"rotation":{"angle":0.0,"axis":"x","origin":[8.0,8.0,8.0]},