{"textures":{"0":"modelengine:entity/sky"},"elements":[{"from":[9.494143,8.099828,9.575531],"to":[10.637,9.383942,10.718389],"rotation":{"angle":0.0,"axis":"y","origin":[-5.134429,-0.872921,6.0326743]},"faces":{"east":{"uv":[6.375,10.0,6.625,10.25],"rotation":0,"texture":"#0","tintindex":0},"south":{"uv":[10.0,7.25,10.25,7.5],"rotation":0,"texture":"#0","tintindex":0},"north":{"uv":[10.0,6.125,10.25,6.375],"rotation":0,"texture":"#0","tintindex":0},"west":{"uv":[7.5,10.0,7.75,10.25],"rotation":0,"texture":"#0","tintindex":0},"up":{"uv":[8.0,10.25,7.75,10.0],"rotation":0,"texture":"#0","tintindex":0},"down":{"uv":[8.875,10.0,8.625,10.25],"rotation":0,"texture":"#0","tintindex":0}}},{"from":[9.494143,8.099828,5.289817],"to":[10.637,9.383942,6.4326744],"rotation":{"angle":0.0,"axis":"y","origin":[-5.134429,-0.872921,6.0326743]},"faces":{"east":{"uv":[9.75,10.0,10.0,10.25],"rotation":0,"texture":"#0","tintindex":0},"south":{"uv":[10.0,10.0,10.25,10.25],"rotation":0,"texture":"#0","tintindex":0},"north":{"uv":[10.0,9.375,10.25,9.625],"rotation":0,"texture":"#0","tintindex":0},"west":{"uv":[0.375,10.125,0.625,10.375],"rotation":0,"texture":"#0","tintindex":0},"up":{"uv":[2.125,10.375,1.875,10.125],"rotation":0,"texture":"#0","tintindex":0},"down":{"uv":[10.375,2.125,10.125,2.375],"rotation":0,"texture":"#0","tintindex":0}}}],"display":{"head":{"translation":[0.0,-6.4,0.0],"scale":[4.0,4.0,4.0]}}}