{"textures":{"0":"modelengine:entity/sky"},"elements":[{"from":[8.3714285,10.7593775,9.249302],"to":[9.514286,11.722464,10.563587],"rotation":{"angle":0.0,"axis":"y","origin":[-5.028571,-0.4124174,6.6207304]},"faces":{"east":{"uv":[3.875,7.125,4.125,7.375],"rotation":0,"texture":"#0","tintindex":0},"south":{"uv":[7.5,3.625,7.75,3.875],"rotation":0,"texture":"#0","tintindex":0},"north":{"uv":[5.125,2.625,5.375,2.875],"rotation":0,"texture":"#0","tintindex":0},"west":{"uv":[3.25,8.25,3.5,8.5],"rotation":0,"texture":"#0","tintindex":0},"up":{"uv":[3.75,10.125,3.5,9.875],"rotation":0,"texture":"#0","tintindex":0},"down":{"uv":[4.125,9.875,3.875,10.125],"rotation":0,"texture":"#0","tintindex":0}}},{"from":[8.3714285,10.7593775,6.5064445],"to":[9.514286,11.722464,7.82073],"rotation":{"angle":0.0,"axis":"y","origin":[-5.028571,-0.4124174,6.6207304]},"faces":{"east":{"uv":[9.875,4.75,10.125,5.0],"rotation":0,"texture":"#0","tintindex":0},"south":{"uv":[4.875,9.875,5.125,10.125],"rotation":0,"texture":"#0","tintindex":0},"north":{"uv":[4.375,9.875,4.625,10.125],"rotation":0,"texture":"#0","tintindex":0},"west":{"uv":[9.875,6.5,10.125,6.75],"rotation":0,"texture":"#0","tintindex":0},"up":{"uv":[10.125,7.0,9.875,6.75],"rotation":0,"texture":"#0","tintindex":0},"down":{"uv":[10.125,7.0,9.875,7.25],"rotation":0,"texture":"#0","tintindex":0}}},{"from":[8.485714,11.159378,9.363587],"to":[9.428572,11.893892,10.449302],"rotation":{"angle":0.0,"axis":"y","origin":[-5.028571,-0.4124174,6.6207304]},"faces":{"east":{"uv":[6.75,8.625,7.0,8.75],"rotation":0,"texture":"#0","tintindex":0},"south":{"uv":[4.875,9.125,5.125,9.25],"rotation":0,"texture":"#0","tintindex":0},"north":{"uv":[6.75,4.5,7.0,4.625],"rotation":0,"texture":"#0","tintindex":0},"west":{"uv":[9.125,6.5,9.375,6.625],"rotation":0,"texture":"#0","tintindex":0},"up":{"uv":[10.125,9.375,9.875,9.125],"rotation":0,"texture":"#0","tintindex":0},"down":{"uv":[1.875,10.0,1.625,10.25],"rotation":0,"texture":"#0","tintindex":0}}},{"from":[8.485714,11.159378,6.6207304],"to":[9.428572,11.893892,7.7064447],"rotation":{"angle":0.0,"axis":"y","origin":[-5.028571,-0.4124174,6.6207304]},"faces":{"east":{"uv":[6.625,10.25,6.875,10.375],"rotation":0,"texture":"#0","tintindex":0},"south":{"uv":[7.75,10.25,8.0,10.375],"rotation":0,"texture":"#0","tintindex":0},"north":{"uv":[3.625,10.25,3.875,10.375],"rotation":0,"texture":"#0","tintindex":0},"west":{"uv":[10.25,10.0,10.5,10.125],"rotation":0,"texture":"#0","tintindex":0},"up":{"uv":[10.25,2.75,10.0,2.5],"rotation":0,"texture":"#0","tintindex":0},"down":{"uv":[3.125,10.0,2.875,10.25],"rotation":0,"texture":"#0","tintindex":0}}},{"from":[8.714286,10.951995,7.735016],"to":[9.171429,11.465641,9.506445],"rotation":{"angle":0.0,"axis":"y","origin":[-5.028571,-0.4124174,6.6207304]},"faces":{"east":{"uv":[7.875,5.0,8.25,5.125],"rotation":0,"texture":"#0","tintindex":0},"south":{"uv":[7.0,0.75,7.125,0.875],"rotation":0,"texture":"#0","tintindex":0},"north":{"uv":[4.0,3.25,4.125,3.375],"rotation":0,"texture":"#0","tintindex":0},"west":{"uv":[8.5,1.125,8.875,1.25],"rotation":0,"texture":"#0","tintindex":0},"up":{"uv":[4.125,3.25,4.0,2.875],"rotation":0,"texture":"#0","tintindex":0},"down":{"uv":[4.125,4.375,4.0,4.75],"rotation":0,"texture":"#0","tintindex":0}}},{"from":[8.657143,6.778623,5.82073],"to":[9.228572,11.301595,11.335016],"rotation":{"angle":0.0,"axis":"y","origin":[-5.028571,-0.4124174,6.6207304]},"faces":{"east":{"uv":[2.875,3.375,4.125,4.375],"rotation":0,"texture":"#0","tintindex":0},"south":{"uv":[6.75,9.25,6.875,10.25],"rotation":0,"texture":"#0","tintindex":0},"north":{"uv":[3.75,9.25,3.875,10.25],"rotation":0,"texture":"#0","tintindex":0},"west":{"uv":[3.5,0.875,4.75,1.875],"rotation":0,"texture":"#0","tintindex":0},"up":{"uv":[7.5,10.25,7.375,9.0],"rotation":0,"texture":"#0","tintindex":0},"down":{"uv":[0.125,9.125,0.0,10.375],"rotation":0,"texture":"#0","tintindex":0}}},{"from":[8.742857,6.538247,5.8999996],"to":[9.114285,11.448048,11.242857],"rotation":{"angle":0.0,"axis":"y","origin":[8.0,8.362333,8.0]},"faces":{"east":{"uv":[0.875,2.875,2.0,4.0],"rotation":0,"texture":"#0","tintindex":0},"south":{"uv":[0.25,9.125,0.375,10.25],"rotation":0,"texture":"#0","tintindex":0},"north":{"uv":[0.125,9.125,0.25,10.25],"rotation":0,"texture":"#0","tintindex":0},"west":{"uv":[2.875,2.25,4.0,3.375],"rotation":0,"texture":"#0","tintindex":0},"up":{"uv":[2.5,10.25,2.375,9.125],"rotation":0,"texture":"#0","tintindex":0},"down":{"uv":[2.625,9.125,2.5,10.25],"rotation":0,"texture":"#0","tintindex":0}}}],"display":{"head":{"translation":[0.0,-6.4,0.0],"scale":[4.0,4.0,4.0]}}}