{"textures":{"0":"modelengine:entity/sky"},"elements":[{"name":"brille","from":[8.389999,10.8973465,9.311768],"to":[9.59,11.9085865,10.691767],"rotation":{"angle":0.0,"axis":"x","origin":[-5.6800003,-0.83303785,6.5517664]},"faces":{"down":{"uv":[4.125,9.875,3.875,10.125],"rotation":0,"texture":"#0","tintindex":0},"east":{"uv":[3.875,7.125,4.125,7.375],"rotation":0,"texture":"#0","tintindex":0},"north":{"uv":[5.125,2.625,5.375,2.875],"rotation":0,"texture":"#0","tintindex":0},"south":{"uv":[7.5,3.625,7.75,3.875],"rotation":0,"texture":"#0","tintindex":0},"up":{"uv":[3.75,10.125,3.5,9.875],"rotation":0,"texture":"#0","tintindex":0},"west":{"uv":[3.25,8.25,3.5,8.5],"rotation":0,"texture":"#0","tintindex":0}}},{"name":"brille","from":[8.389999,10.8973465,6.4317665],"to":[9.59,11.9085865,7.811767],"rotation":{"angle":0.0,"axis":"x","origin":[-5.6800003,-0.83303785,6.5517664]},"faces":{"down":{"uv":[10.125,7.0,9.875,7.25],"rotation":0,"texture":"#0","tintindex":0},"east":{"uv":[9.875,4.75,10.125,5.0],"rotation":0,"texture":"#0","tintindex":0},"north":{"uv":[4.375,9.875,4.625,10.125],"rotation":0,"texture":"#0","tintindex":0},"south":{"uv":[4.875,9.875,5.125,10.125],"rotation":0,"texture":"#0","tintindex":0},"up":{"uv":[10.125,7.0,9.875,6.75],"rotation":0,"texture":"#0","tintindex":0},"west":{"uv":[9.875,6.5,10.125,6.75],"rotation":0,"texture":"#0","tintindex":0}}},{"name":"brille","from":[8.51,11.317346,9.4317665],"to":[9.5,12.088586,10.571767],"rotation":{"angle":0.0,"axis":"x","origin":[-5.6800003,-0.83303785,6.5517664]},"faces":{"down":{"uv":[1.875,10.0,1.625,10.25],"rotation":0,"texture":"#0","tintindex":0},"east":{"uv":[6.75,8.625,7.0,8.75],"rotation":0,"texture":"#0","tintindex":0},"north":{"uv":[6.75,4.5,7.0,4.625],"rotation":0,"texture":"#0","tintindex":0},"south":{"uv":[4.875,9.125,5.125,9.25],"rotation":0,"texture":"#0","tintindex":0},"up":{"uv":[10.125,9.375,9.875,9.125],"rotation":0,"texture":"#0","tintindex":0},"west":{"uv":[9.125,6.5,9.375,6.625],"rotation":0,"texture":"#0","tintindex":0}}},{"name":"brille","from":[8.51,11.317346,6.5517664],"to":[9.5,12.088586,7.6917667],"rotation":{"angle":0.0,"axis":"x","origin":[-5.6800003,-0.83303785,6.5517664]},"faces":{"down":{"uv":[3.125,10.0,2.875,10.25],"rotation":0,"texture":"#0","tintindex":0},"east":{"uv":[6.625,10.25,6.875,10.375],"rotation":0,"texture":"#0","tintindex":0},"north":{"uv":[3.625,10.25,3.875,10.375],"rotation":0,"texture":"#0","tintindex":0},"south":{"uv":[7.75,10.25,8.0,10.375],"rotation":0,"texture":"#0","tintindex":0},"up":{"uv":[10.25,2.75,10.0,2.5],"rotation":0,"texture":"#0","tintindex":0},"west":{"uv":[10.25,10.0,10.5,10.125],"rotation":0,"texture":"#0","tintindex":0}}},{"name":"brille","from":[8.75,11.099594,7.721767],"to":[9.23,11.638923,9.581767],"rotation":{"angle":0.0,"axis":"x","origin":[-5.6800003,-0.83303785,6.5517664]},"faces":{"down":{"uv":[4.125,4.375,4.0,4.75],"rotation":0,"texture":"#0","tintindex":0},"east":{"uv":[7.875,5.0,8.25,5.125],"rotation":0,"texture":"#0","tintindex":0},"north":{"uv":[4.0,3.25,4.125,3.375],"rotation":0,"texture":"#0","tintindex":0},"south":{"uv":[7.0,0.75,7.125,0.875],"rotation":0,"texture":"#0","tintindex":0},"up":{"uv":[4.125,3.25,4.0,2.875],"rotation":0,"texture":"#0","tintindex":0},"west":{"uv":[8.5,1.125,8.875,1.25],"rotation":0,"texture":"#0","tintindex":0}}},{"name":"brille","from":[8.69,6.717554,5.711767],"to":[9.29,11.466674,11.501767],"rotation":{"angle":0.0,"axis":"x","origin":[-5.6800003,-0.83303785,6.5517664]},"faces":{"down":{"uv":[0.125,9.125,0.0,10.375],"rotation":0,"texture":"#0","tintindex":0},"east":{"uv":[2.875,3.375,4.125,4.375],"rotation":0,"texture":"#0","tintindex":0},"north":{"uv":[3.75,9.25,3.875,10.25],"rotation":0,"texture":"#0","tintindex":0},"south":{"uv":[6.75,9.25,6.875,10.25],"rotation":0,"texture":"#0","tintindex":0},"up":{"uv":[7.5,10.25,7.375,9.0],"rotation":0,"texture":"#0","tintindex":0},"west":{"uv":[3.5,0.875,4.75,1.875],"rotation":0,"texture":"#0","tintindex":0}}},{"name":"brille","from":[8.780001,6.465159,5.795],"to":[9.17,11.62045,11.405001],"rotation":{"angle":0.0,"axis":"x","origin":[8.0,8.380449,8.0]},"faces":{"down":{"uv":[2.625,9.125,2.5,10.25],"rotation":0,"texture":"#0","tintindex":0},"east":{"uv":[0.875,2.875,2.0,4.0],"rotation":0,"texture":"#0","tintindex":0},"north":{"uv":[0.125,9.125,0.25,10.25],"rotation":0,"texture":"#0","tintindex":0},"south":{"uv":[0.25,9.125,0.375,10.25],"rotation":0,"texture":"#0","tintindex":0},"up":{"uv":[2.5,10.25,2.375,9.125],"rotation":0,"texture":"#0","tintindex":0},"west":{"uv":[2.875,2.25,4.0,3.375],"rotation":0,"texture":"#0","tintindex":0}}}],"display":{"head":{"translation":[0.0,-6.4,0.0],"rotation":[0.0,0.0,0.0],"scale":[3.8095,3.8095,3.8095]}}}