{"textures":{"0":"modelengine:entity/sky"},"elements":[{"from":[8.585143,7.423714,8.557143],"to":[9.132857,7.9022856,9.233429],"rotation":{"angle":0.0,"axis":"y","origin":[8.859,7.548714,8.831]},"faces":{"east":{"uv":[10.75,3.75,10.875,3.875],"rotation":0,"texture":"#0","tintindex":0},"south":{"uv":[3.875,10.75,4.0,10.875],"rotation":0,"texture":"#0","tintindex":0},"north":{"uv":[3.75,10.75,3.875,10.875],"rotation":0,"texture":"#0","tintindex":0},"west":{"uv":[10.75,3.875,10.875,4.0],"rotation":0,"texture":"#0","tintindex":0},"up":{"uv":[4.125,10.875,4.0,10.75],"rotation":0,"texture":"#0","tintindex":0},"down":{"uv":[10.875,4.0,10.75,4.125],"rotation":0,"texture":"#0","tintindex":0}}},{"from":[8.585143,7.423714,8.009429],"to":[9.294857,7.9665713,8.557143],"rotation":{"angle":0.0,"axis":"y","origin":[7.8754287,8.0,8.009429]},"faces":{"east":{"uv":[10.75,5.25,10.875,5.375],"rotation":0,"texture":"#0","tintindex":0},"south":{"uv":[5.375,10.75,5.5,10.875],"rotation":0,"texture":"#0","tintindex":0},"north":{"uv":[5.25,10.75,5.375,10.875],"rotation":0,"texture":"#0","tintindex":0},"west":{"uv":[10.75,5.375,10.875,5.5],"rotation":0,"texture":"#0","tintindex":0},"up":{"uv":[5.625,10.875,5.5,10.75],"rotation":0,"texture":"#0","tintindex":0},"down":{"uv":[10.875,5.5,10.75,5.625],"rotation":0,"texture":"#0","tintindex":0}}},{"from":[8.585143,7.423714,7.4],"to":[9.132857,7.9022856,8.076285],"rotation":{"angle":0.0,"axis":"y","origin":[8.859,7.548714,7.673857]},"faces":{"east":{"uv":[10.75,4.875,10.875,5.0],"rotation":0,"texture":"#0","tintindex":0},"south":{"uv":[5.0,10.75,5.125,10.875],"rotation":0,"texture":"#0","tintindex":0},"north":{"uv":[4.875,10.75,5.0,10.875],"rotation":0,"texture":"#0","tintindex":0},"west":{"uv":[10.75,5.0,10.875,5.125],"rotation":0,"texture":"#0","tintindex":0},"up":{"uv":[5.25,10.875,5.125,10.75],"rotation":0,"texture":"#0","tintindex":0},"down":{"uv":[10.875,5.125,10.75,5.25],"rotation":0,"texture":"#0","tintindex":0}}}],"display":{"head":{"translation":[0.0,-6.4,0.0],"scale":[4.0,4.0,4.0]}}}