{"textures":{"0":"modelengine:entity/sky"},"elements":[{"from":[9.028,7.480857,8.685715],"to":[9.318571,7.645143,9.047714],"rotation":{"angle":0.0,"axis":"y","origin":[8.859,7.548714,8.831]},"faces":{"east":{"uv":[10.75,4.125,10.875,4.25],"rotation":0,"texture":"#0","tintindex":0},"south":{"uv":[4.25,10.75,4.375,10.875],"rotation":0,"texture":"#0","tintindex":0},"north":{"uv":[4.125,10.75,4.25,10.875],"rotation":0,"texture":"#0","tintindex":0},"west":{"uv":[10.75,4.25,10.875,4.375],"rotation":0,"texture":"#0","tintindex":0},"up":{"uv":[4.5,10.875,4.375,10.75],"rotation":0,"texture":"#0","tintindex":0},"down":{"uv":[10.875,4.375,10.75,4.5],"rotation":0,"texture":"#0","tintindex":0}}},{"from":[8.97404,7.480857,7.5284286],"to":[9.264611,7.645143,7.833286],"rotation":{"angle":0.0,"axis":"y","origin":[9.190754,7.548714,7.6237144]},"faces":{"east":{"uv":[10.75,4.5,10.875,4.625],"rotation":0,"texture":"#0","tintindex":0},"south":{"uv":[4.625,10.75,4.75,10.875],"rotation":0,"texture":"#0","tintindex":0},"north":{"uv":[4.5,10.75,4.625,10.875],"rotation":0,"texture":"#0","tintindex":0},"west":{"uv":[10.75,4.625,10.875,4.75],"rotation":0,"texture":"#0","tintindex":0},"up":{"uv":[4.875,10.875,4.75,10.75],"rotation":0,"texture":"#0","tintindex":0},"down":{"uv":[10.875,4.75,10.75,4.875],"rotation":0,"texture":"#0","tintindex":0}}},{"from":[9.156571,7.480857,8.1380005],"to":[9.480572,7.709429,8.428572],"rotation":{"angle":0.0,"axis":"y","origin":[7.8754287,8.0,8.009429]},"faces":{"east":{"uv":[10.75,5.625,10.875,5.75],"rotation":0,"texture":"#0","tintindex":0},"south":{"uv":[5.75,10.75,5.875,10.875],"rotation":0,"texture":"#0","tintindex":0},"north":{"uv":[5.625,10.75,5.75,10.875],"rotation":0,"texture":"#0","tintindex":0},"west":{"uv":[10.75,5.75,10.875,5.875],"rotation":0,"texture":"#0","tintindex":0},"up":{"uv":[6.0,10.875,5.875,10.75],"rotation":0,"texture":"#0","tintindex":0},"down":{"uv":[10.875,5.875,10.75,6.0],"rotation":0,"texture":"#0","tintindex":0}}}],"display":{"head":{"translation":[0.0,-6.4,0.0],"scale":[4.0,4.0,4.0]}}}