{"textures":{"0":"modelengine:entity/sky"},"elements":[{"name":"cube","from":[9.0794,7.4549,8.719999],"to":[9.3845005,7.6274,9.1001],"rotation":{"angle":0.0,"axis":"x","origin":[8.90195,7.5261497,8.87255]},"faces":{"down":{"uv":[10.875,4.375,10.75,4.5],"rotation":0,"texture":"#0","tintindex":0},"east":{"uv":[10.75,4.125,10.875,4.25],"rotation":0,"texture":"#0","tintindex":0},"north":{"uv":[4.125,10.75,4.25,10.875],"rotation":0,"texture":"#0","tintindex":0},"south":{"uv":[4.25,10.75,4.375,10.875],"rotation":0,"texture":"#0","tintindex":0},"up":{"uv":[4.5,10.875,4.375,10.75],"rotation":0,"texture":"#0","tintindex":0},"west":{"uv":[10.75,4.25,10.875,4.375],"rotation":0,"texture":"#0","tintindex":0}}},{"name":"cube","from":[9.022741,7.4549,7.5048504],"to":[9.327843,7.6274,7.82495],"rotation":{"angle":0.0,"axis":"x","origin":[9.250292,7.5261497,7.6049004]},"faces":{"down":{"uv":[10.875,4.75,10.75,4.875],"rotation":0,"texture":"#0","tintindex":0},"east":{"uv":[10.75,4.5,10.875,4.625],"rotation":0,"texture":"#0","tintindex":0},"north":{"uv":[4.5,10.75,4.625,10.875],"rotation":0,"texture":"#0","tintindex":0},"south":{"uv":[4.625,10.75,4.75,10.875],"rotation":0,"texture":"#0","tintindex":0},"up":{"uv":[4.875,10.875,4.75,10.75],"rotation":0,"texture":"#0","tintindex":0},"west":{"uv":[10.75,4.625,10.875,4.75],"rotation":0,"texture":"#0","tintindex":0}}},{"name":"cube","from":[9.2144,7.4549,8.144899],"to":[9.5546,7.6949,8.45],"rotation":{"angle":0.0,"axis":"x","origin":[7.8691998,8.0,8.0099]},"faces":{"down":{"uv":[10.875,5.875,10.75,6.0],"rotation":0,"texture":"#0","tintindex":0},"east":{"uv":[10.75,5.625,10.875,5.75],"rotation":0,"texture":"#0","tintindex":0},"north":{"uv":[5.625,10.75,5.75,10.875],"rotation":0,"texture":"#0","tintindex":0},"south":{"uv":[5.75,10.75,5.875,10.875],"rotation":0,"texture":"#0","tintindex":0},"up":{"uv":[6.0,10.875,5.875,10.75],"rotation":0,"texture":"#0","tintindex":0},"west":{"uv":[10.75,5.75,10.875,5.875],"rotation":0,"texture":"#0","tintindex":0}}}],"display":{"head":{"translation":[0.0,-6.4,0.0],"rotation":[0.0,0.0,0.0],"scale":[3.8095,3.8095,3.8095]}}}