{"textures":{"0":"modelengine:entity/sky"},"elements":[{"from":[8.009811,8.790443,6.6653256],"to":[10.438383,9.047266,10.03904],"rotation":{"angle":0.0,"axis":"y","origin":[-4.361617,-2.4455566,6.87104]},"faces":{"east":{"uv":[6.25,5.875,7.0,6.0],"rotation":0,"texture":"#0","tintindex":0},"south":{"uv":[7.125,1.5,7.625,1.625],"rotation":0,"texture":"#0","tintindex":0},"north":{"uv":[5.0,4.875,5.5,5.0],"rotation":0,"texture":"#0","tintindex":0},"west":{"uv":[9.5,9.0,10.25,9.125],"rotation":0,"texture":"#0","tintindex":0},"up":{"uv":[3.25,9.0,2.75,8.25],"rotation":0,"texture":"#0","tintindex":0},"down":{"uv":[8.75,2.875,8.25,3.625],"rotation":0,"texture":"#0","tintindex":0}}},{"from":[7.78124,8.469415,6.2127542],"to":[10.638383,8.854649,10.368183],"rotation":{"angle":0.0,"axis":"y","origin":[-4.361617,-2.4455566,6.87104]},"faces":{"east":{"uv":[9.5,0.375,10.375,0.5],"rotation":0,"texture":"#0","tintindex":0},"south":{"uv":[2.875,9.875,3.5,10.0],"rotation":0,"texture":"#0","tintindex":0},"north":{"uv":[9.875,2.75,10.5,2.875],"rotation":0,"texture":"#0","tintindex":0},"west":{"uv":[9.5,6.375,10.375,6.5],"rotation":0,"texture":"#0","tintindex":0},"up":{"uv":[1.375,7.875,0.75,7.0],"rotation":0,"texture":"#0","tintindex":0},"down":{"uv":[2.0,7.0,1.375,7.875],"rotation":0,"texture":"#0","tintindex":0}}},{"from":[7.1915255,4.613861,5.7655315],"to":[11.225526,8.57407,10.826926],"rotation":{"angle":0.0,"axis":"y","origin":[9.008526,6.272937,8.296228]},"faces":{"east":{"uv":[2.875,4.375,4.0,5.25],"rotation":0,"texture":"#0","tintindex":0},"south":{"uv":[2.25,6.0,3.125,6.875],"rotation":0,"texture":"#0","tintindex":0},"north":{"uv":[5.875,3.75,6.75,4.625],"rotation":0,"texture":"#0","tintindex":0},"west":{"uv":[5.0,0.0,6.125,0.875],"rotation":0,"texture":"#0","tintindex":0},"up":{"uv":[2.25,6.125,1.375,5.0],"rotation":0,"texture":"#0","tintindex":0},"down":{"uv":[5.875,3.75,5.0,4.875],"rotation":0,"texture":"#0","tintindex":0}}},{"from":[5.2486687,6.28321,10.220069],"to":[6.5969543,7.2257495,10.220069],"rotation":{"angle":22.5,"axis":"y","origin":[9.008526,6.52976,8.296228]},"faces":{"east":{"uv":[0.0,0.0,0.0,0.25],"rotation":0,"texture":"#0","tintindex":0},"south":{"uv":[10.0,3.625,10.25,3.875],"rotation":0,"texture":"#0","tintindex":0},"north":{"uv":[3.125,10.0,3.375,10.25],"rotation":0,"texture":"#0","tintindex":0},"west":{"uv":[0.0,0.0,0.0,0.25],"rotation":0,"texture":"#0","tintindex":0},"up":{"uv":[0.25,0.0,0.0,0.0],"rotation":0,"texture":"#0","tintindex":0},"down":{"uv":[0.25,0.0,0.0,0.0],"rotation":0,"texture":"#0","tintindex":0}}},{"from":[7.2237144,6.2671585,6.026615],"to":[8.5720005,7.209698,6.026615],"rotation":{"angle":-22.5,"axis":"y","origin":[9.412143,5.759291,4.858615]},"faces":{"east":{"uv":[0.0,0.0,0.0,0.25],"rotation":0,"texture":"#0","tintindex":0},"south":{"uv":[5.375,10.0,5.625,10.25],"rotation":0,"texture":"#0","tintindex":0},"north":{"uv":[5.125,10.0,5.375,10.25],"rotation":0,"texture":"#0","tintindex":0},"west":{"uv":[0.0,0.0,0.0,0.25],"rotation":0,"texture":"#0","tintindex":0},"up":{"uv":[0.25,0.0,0.0,0.0],"rotation":0,"texture":"#0","tintindex":0},"down":{"uv":[0.25,0.0,0.0,0.0],"rotation":0,"texture":"#0","tintindex":0}}},{"from":[7.362954,4.8064785,5.6421027],"to":[10.8826685,8.253041,10.991497],"rotation":{"angle":0.0,"axis":"y","origin":[9.008526,6.272937,8.296228]},"faces":{"east":{"uv":[2.25,5.25,3.375,6.0],"rotation":0,"texture":"#0","tintindex":0},"south":{"uv":[6.25,6.875,7.0,7.625],"rotation":0,"texture":"#0","tintindex":0},"north":{"uv":[5.5,6.875,6.25,7.625],"rotation":0,"texture":"#0","tintindex":0},"west":{"uv":[5.375,2.25,6.5,3.0],"rotation":0,"texture":"#0","tintindex":0},"up":{"uv":[6.25,6.0,5.5,4.875],"rotation":0,"texture":"#0","tintindex":0},"down":{"uv":[4.125,5.625,3.375,6.75],"rotation":0,"texture":"#0","tintindex":0}}},{"from":[6.334383,5.512741,6.7941027],"to":[8.254097,6.7763095,9.798354],"rotation":{"angle":22.5,"axis":"z","origin":[7.29424,6.272937,8.296228]},"faces":{"east":{"uv":[2.25,5.0,2.875,5.25],"rotation":0,"texture":"#0","tintindex":0},"south":{"uv":[5.875,4.625,6.25,4.875],"rotation":0,"texture":"#0","tintindex":0},"north":{"uv":[4.75,1.625,5.125,1.875],"rotation":0,"texture":"#0","tintindex":0},"west":{"uv":[9.0,8.75,9.625,9.0],"rotation":0,"texture":"#0","tintindex":0},"up":{"uv":[0.75,9.0,0.375,8.375],"rotation":0,"texture":"#0","tintindex":0},"down":{"uv":[8.875,0.5,8.5,1.125],"rotation":0,"texture":"#0","tintindex":0}}},{"from":[7.120097,6.655603,8.361646],"to":[7.61124,10.018699,8.835611],"rotation":{"angle":22.5,"axis":"z","origin":[8.287097,10.807466,10.3652]},"faces":{"east":{"uv":[9.625,0.5,9.75,1.25],"rotation":0,"texture":"#0","tintindex":0},"south":{"uv":[0.875,9.625,1.0,10.375],"rotation":0,"texture":"#0","tintindex":0},"north":{"uv":[2.125,6.125,2.25,6.875],"rotation":0,"texture":"#0","tintindex":0},"west":{"uv":[1.0,9.625,1.125,10.375],"rotation":0,"texture":"#0","tintindex":0},"up":{"uv":[7.875,4.5,7.75,4.375],"rotation":0,"texture":"#0","tintindex":0},"down":{"uv":[8.25,2.875,8.125,3.0],"rotation":0,"texture":"#0","tintindex":0}}},{"from":[8.168715,6.3184524,7.7527313],"to":[8.659857,9.681548,8.226697],"rotation":{"angle":22.5,"axis":"z","origin":[8.0,8.0,8.0]},"faces":{"east":{"uv":[1.25,9.625,1.375,10.375],"rotation":0,"texture":"#0","tintindex":0},"south":{"uv":[1.375,9.625,1.5,10.375],"rotation":0,"texture":"#0","tintindex":0},"north":{"uv":[1.125,9.625,1.25,10.375],"rotation":0,"texture":"#0","tintindex":0},"west":{"uv":[1.5,9.625,1.625,10.375],"rotation":0,"texture":"#0","tintindex":0},"up":{"uv":[8.75,7.875,8.625,7.75],"rotation":0,"texture":"#0","tintindex":0},"down":{"uv":[2.0,9.0,1.875,9.125],"rotation":0,"texture":"#0","tintindex":0}}}],"display":{"head":{"translation":[0.0,-6.4,0.0],"scale":[4.0,4.0,4.0]}}}