{"textures":{"0":"modelengine:entity/sky"},"elements":[{"from":[22.50143,17.230505,8.464914],"to":[25.097143,17.85683,10.9203205],"rotation":{"angle":-22.5,"axis":"z","origin":[23.91357,17.447361,9.486903]},"faces":{"east":{"uv":[8.25,2.125,8.75,2.25],"rotation":0,"texture":"#0","tintindex":0},"south":{"uv":[9.875,3.0,10.5,3.125],"rotation":0,"texture":"#0","tintindex":0},"north":{"uv":[9.875,2.875,10.5,3.0],"rotation":0,"texture":"#0","tintindex":0},"west":{"uv":[9.875,5.0,10.375,5.125],"rotation":0,"texture":"#0","tintindex":0},"up":{"uv":[2.875,1.375,2.25,0.875],"rotation":0,"texture":"#0","tintindex":0},"down":{"uv":[3.5,0.875,2.875,1.375],"rotation":0,"texture":"#0","tintindex":0}}},{"from":[22.787144,16.139008,8.135772],"to":[25.782858,17.471598,11.208321],"rotation":{"angle":0.0,"axis":"y","origin":[9.665714,13.677361,11.832458]},"faces":{"east":{"uv":[9.125,4.625,9.75,4.875],"rotation":0,"texture":"#0","tintindex":0},"south":{"uv":[9.125,4.875,9.75,5.125],"rotation":0,"texture":"#0","tintindex":0},"north":{"uv":[9.125,4.375,9.75,4.625],"rotation":0,"texture":"#0","tintindex":0},"west":{"uv":[9.125,5.125,9.75,5.375],"rotation":0,"texture":"#0","tintindex":0},"up":{"uv":[8.5,5.0,7.875,4.375],"rotation":0,"texture":"#0","tintindex":0},"down":{"uv":[8.75,2.25,8.125,2.875],"rotation":0,"texture":"#0","tintindex":0}}},{"from":[25.015715,16.333551,10.89584],"to":[25.835144,16.986523,11.245966],"rotation":{"angle":0.0,"axis":"y","origin":[9.665714,13.677361,11.832458]},"faces":{"east":{"uv":[10.375,8.5,10.5,8.625],"rotation":0,"texture":"#0","tintindex":0},"south":{"uv":[8.625,10.375,8.75,10.5],"rotation":0,"texture":"#0","tintindex":0},"north":{"uv":[8.5,10.375,8.625,10.5],"rotation":0,"texture":"#0","tintindex":0},"west":{"uv":[10.375,8.625,10.5,8.75],"rotation":0,"texture":"#0","tintindex":0},"up":{"uv":[8.875,10.5,8.75,10.375],"rotation":0,"texture":"#0","tintindex":0},"down":{"uv":[10.5,8.75,10.375,8.875],"rotation":0,"texture":"#0","tintindex":0}}},{"from":[25.187143,16.076729,10.89584],"to":[25.835144,16.344467,11.245966],"rotation":{"angle":0.0,"axis":"y","origin":[9.665714,13.677361,11.832458]},"faces":{"east":{"uv":[10.375,8.875,10.5,9.0],"rotation":0,"texture":"#0","tintindex":0},"south":{"uv":[9.0,10.375,9.125,10.5],"rotation":0,"texture":"#0","tintindex":0},"north":{"uv":[8.875,10.375,9.0,10.5],"rotation":0,"texture":"#0","tintindex":0},"west":{"uv":[9.125,10.375,9.25,10.5],"rotation":0,"texture":"#0","tintindex":0},"up":{"uv":[9.375,10.5,9.25,10.375],"rotation":0,"texture":"#0","tintindex":0},"down":{"uv":[9.5,10.375,9.375,10.5],"rotation":0,"texture":"#0","tintindex":0}}},{"from":[25.015715,16.333551,8.098125],"to":[25.835144,16.986523,8.448252],"rotation":{"angle":0.0,"axis":"y","origin":[9.665714,13.677361,11.832458]},"faces":{"east":{"uv":[9.625,10.375,9.75,10.5],"rotation":0,"texture":"#0","tintindex":0},"south":{"uv":[9.75,10.375,9.875,10.5],"rotation":0,"texture":"#0","tintindex":0},"north":{"uv":[9.5,10.375,9.625,10.5],"rotation":0,"texture":"#0","tintindex":0},"west":{"uv":[10.375,9.75,10.5,9.875],"rotation":0,"texture":"#0","tintindex":0},"up":{"uv":[10.0,10.5,9.875,10.375],"rotation":0,"texture":"#0","tintindex":0},"down":{"uv":[10.5,9.875,10.375,10.0],"rotation":0,"texture":"#0","tintindex":0}}},{"from":[25.187143,16.076729,8.098125],"to":[25.835144,16.344467,8.448252],"rotation":{"angle":0.0,"axis":"y","origin":[9.665714,13.677361,11.832458]},"faces":{"east":{"uv":[10.125,10.375,10.25,10.5],"rotation":0,"texture":"#0","tintindex":0},"south":{"uv":[10.25,10.375,10.375,10.5],"rotation":0,"texture":"#0","tintindex":0},"north":{"uv":[10.0,10.375,10.125,10.5],"rotation":0,"texture":"#0","tintindex":0},"west":{"uv":[10.375,10.25,10.5,10.375],"rotation":0,"texture":"#0","tintindex":0},"up":{"uv":[10.5,10.5,10.375,10.375],"rotation":0,"texture":"#0","tintindex":0},"down":{"uv":[10.625,0.0,10.5,0.125],"rotation":0,"texture":"#0","tintindex":0}}},{"from":[25.6,15.942858,10.469601],"to":[25.714287,16.285715,10.698172],"rotation":{"angle":0.0,"axis":"y","origin":[8.0,8.285714,7.741029]},"faces":{"east":{"uv":[0.75,10.5,0.875,10.625],"rotation":0,"texture":"#0","tintindex":0},"south":{"uv":[10.5,0.75,10.625,0.875],"rotation":0,"texture":"#0","tintindex":0},"north":{"uv":[10.5,0.625,10.625,0.75],"rotation":0,"texture":"#0","tintindex":0},"west":{"uv":[0.875,10.5,1.0,10.625],"rotation":0,"texture":"#0","tintindex":0},"up":{"uv":[10.625,1.0,10.5,0.875],"rotation":0,"texture":"#0","tintindex":0},"down":{"uv":[1.125,10.5,1.0,10.625],"rotation":0,"texture":"#0","tintindex":0}}},{"from":[25.6,15.942858,8.583886],"to":[25.714287,16.285715,8.812457],"rotation":{"angle":0.0,"axis":"y","origin":[8.0,8.285714,7.741029]},"faces":{"east":{"uv":[10.5,0.125,10.625,0.25],"rotation":0,"texture":"#0","tintindex":0},"south":{"uv":[0.25,10.5,0.375,10.625],"rotation":0,"texture":"#0","tintindex":0},"north":{"uv":[0.125,10.5,0.25,10.625],"rotation":0,"texture":"#0","tintindex":0},"west":{"uv":[0.375,10.5,0.5,10.625],"rotation":0,"texture":"#0","tintindex":0},"up":{"uv":[0.625,10.625,0.5,10.5],"rotation":0,"texture":"#0","tintindex":0},"down":{"uv":[10.625,0.5,10.5,0.625],"rotation":0,"texture":"#0","tintindex":0}}}],"display":{"head":{"translation":[0.0,-6.4,0.0],"scale":[4.0,4.0,4.0]}}}