{"textures":{"0":"modelengine:entity/sky"},"elements":[{"from":[6.7017493,6.7538614,5.892234],"to":[7.909178,8.573772,7.3742],"rotation":{"angle":-45.0,"axis":"z","origin":[5.9578924,7.8119183,5.1330457]},"faces":{"east":{"uv":[9.125,6.125,9.5,6.5],"rotation":0,"texture":"#0","tintindex":0},"south":{"uv":[5.25,5.625,5.5,6.0],"rotation":0,"texture":"#0","tintindex":0},"north":{"uv":[5.125,2.25,5.375,2.625],"rotation":0,"texture":"#0","tintindex":0},"west":{"uv":[7.5,9.125,7.875,9.5],"rotation":0,"texture":"#0","tintindex":0},"up":{"uv":[4.125,7.125,3.875,6.75],"rotation":0,"texture":"#0","tintindex":0},"down":{"uv":[7.0,8.25,6.75,8.625],"rotation":0,"texture":"#0","tintindex":0}}},{"from":[5.507758,8.52273,6.54252],"to":[5.8502955,9.090158,6.8004856],"rotation":{"angle":22.5,"axis":"z","origin":[5.9578924,7.8119183,8.190188]},"faces":{"east":{"uv":[7.75,10.375,7.875,10.5],"rotation":0,"texture":"#0","tintindex":0},"south":{"uv":[10.375,7.75,10.5,7.875],"rotation":0,"texture":"#0","tintindex":0},"north":{"uv":[10.375,7.625,10.5,7.75],"rotation":0,"texture":"#0","tintindex":0},"west":{"uv":[7.875,10.375,8.0,10.5],"rotation":0,"texture":"#0","tintindex":0},"up":{"uv":[10.5,8.0,10.375,7.875],"rotation":0,"texture":"#0","tintindex":0},"down":{"uv":[8.125,10.375,8.0,10.5],"rotation":0,"texture":"#0","tintindex":0}}},{"from":[5.287463,7.29961,6.293606],"to":[6.669178,8.220641,6.993857],"rotation":{"angle":-45.0,"axis":"z","origin":[5.9578924,7.8119183,8.190188]},"faces":{"east":{"uv":[3.625,9.25,3.75,9.5],"rotation":0,"texture":"#0","tintindex":0},"south":{"uv":[6.125,10.0,6.375,10.25],"rotation":0,"texture":"#0","tintindex":0},"north":{"uv":[5.875,10.0,6.125,10.25],"rotation":0,"texture":"#0","tintindex":0},"west":{"uv":[6.875,9.25,7.0,9.5],"rotation":0,"texture":"#0","tintindex":0},"up":{"uv":[10.625,0.5,10.375,0.375],"rotation":0,"texture":"#0","tintindex":0},"down":{"uv":[1.125,10.375,0.875,10.5],"rotation":0,"texture":"#0","tintindex":0}}},{"from":[5.9141006,7.064596,6.108463],"to":[7.4072437,8.5421295,7.179],"rotation":{"angle":-45.0,"axis":"z","origin":[5.9578924,7.8119183,8.190188]},"faces":{"east":{"uv":[9.625,2.75,9.875,3.125],"rotation":0,"texture":"#0","tintindex":0},"south":{"uv":[0.75,9.25,1.125,9.625],"rotation":0,"texture":"#0","tintindex":0},"north":{"uv":[9.25,0.5,9.625,0.875],"rotation":0,"texture":"#0","tintindex":0},"west":{"uv":[9.625,3.125,9.875,3.5],"rotation":0,"texture":"#0","tintindex":0},"up":{"uv":[4.25,9.875,3.875,9.625],"rotation":0,"texture":"#0","tintindex":0},"down":{"uv":[5.25,9.625,4.875,9.875],"rotation":0,"texture":"#0","tintindex":0}}},{"from":[5.5719643,8.694159,6.583663],"to":[5.78609,9.247301,6.7593427],"rotation":{"angle":22.5,"axis":"z","origin":[5.9578924,7.8119183,8.190188]},"faces":{"east":{"uv":[8.125,10.375,8.25,10.5],"rotation":0,"texture":"#0","tintindex":0},"south":{"uv":[8.25,10.375,8.375,10.5],"rotation":0,"texture":"#0","tintindex":0},"north":{"uv":[10.375,8.0,10.5,8.125],"rotation":0,"texture":"#0","tintindex":0},"west":{"uv":[10.375,8.25,10.5,8.375],"rotation":0,"texture":"#0","tintindex":0},"up":{"uv":[8.5,10.5,8.375,10.375],"rotation":0,"texture":"#0","tintindex":0},"down":{"uv":[10.5,8.375,10.375,8.5],"rotation":0,"texture":"#0","tintindex":0}}},{"from":[6.5998154,6.8506303,5.888463],"to":[7.807244,8.670542,7.3704286],"rotation":{"angle":-45.0,"axis":"z","origin":[5.9578924,7.8119183,5.1330457]},"faces":{"east":{"uv":[1.5,9.25,1.875,9.625],"rotation":0,"texture":"#0","tintindex":0},"south":{"uv":[6.5,9.625,6.75,10.0],"rotation":0,"texture":"#0","tintindex":0},"north":{"uv":[6.25,9.625,6.5,10.0],"rotation":0,"texture":"#0","tintindex":0},"west":{"uv":[4.875,9.25,5.25,9.625],"rotation":0,"texture":"#0","tintindex":0},"up":{"uv":[7.75,10.0,7.5,9.625],"rotation":0,"texture":"#0","tintindex":0},"down":{"uv":[8.0,9.625,7.75,10.0],"rotation":0,"texture":"#0","tintindex":0}}},{"from":[5.379347,8.294159,6.460234],"to":[6.000858,8.8473015,6.8827715],"rotation":{"angle":22.5,"axis":"z","origin":[5.9578924,7.8119183,8.190188]},"faces":{"east":{"uv":[10.375,7.125,10.5,7.25],"rotation":0,"texture":"#0","tintindex":0},"south":{"uv":[7.25,10.375,7.375,10.5],"rotation":0,"texture":"#0","tintindex":0},"north":{"uv":[7.125,10.375,7.25,10.5],"rotation":0,"texture":"#0","tintindex":0},"west":{"uv":[7.375,10.375,7.5,10.5],"rotation":0,"texture":"#0","tintindex":0},"up":{"uv":[7.625,10.5,7.5,10.375],"rotation":0,"texture":"#0","tintindex":0},"down":{"uv":[7.75,10.375,7.625,10.5],"rotation":0,"texture":"#0","tintindex":0}}},{"from":[8.373428,5.4730835,5.727663],"to":[9.866571,7.7424345,7.4976287],"rotation":{"angle":-45.0,"axis":"z","origin":[8.0,9.111782,7.31156]},"faces":{"east":{"uv":[8.625,7.25,9.0,7.75],"rotation":0,"texture":"#0","tintindex":0},"south":{"uv":[8.625,8.5,9.0,9.0],"rotation":0,"texture":"#0","tintindex":0},"north":{"uv":[4.875,6.375,5.25,6.875],"rotation":0,"texture":"#0","tintindex":0},"west":{"uv":[8.75,2.125,9.125,2.625],"rotation":0,"texture":"#0","tintindex":0},"up":{"uv":[9.5,8.125,9.125,7.75],"rotation":0,"texture":"#0","tintindex":0},"down":{"uv":[8.25,9.125,7.875,9.5],"rotation":0,"texture":"#0","tintindex":0}}}],"display":{"head":{"translation":[0.0,-6.4,0.0],"scale":[4.0,4.0,4.0]}}}