{"textures":{"0":"modelengine:entity/sky"},"elements":[{"name":"ohr 1","from":[6.636837,6.6915545,5.786846],"to":[7.904637,8.602461,7.34291],"rotation":{"angle":-45.0,"axis":"z","origin":[5.855787,7.802514,4.989698]},"faces":{"down":{"uv":[7.0,8.25,6.75,8.625],"rotation":0,"texture":"#0","tintindex":0},"east":{"uv":[9.125,6.125,9.5,6.5],"rotation":0,"texture":"#0","tintindex":0},"north":{"uv":[5.125,2.25,5.375,2.625],"rotation":0,"texture":"#0","tintindex":0},"south":{"uv":[5.25,5.625,5.5,6.0],"rotation":0,"texture":"#0","tintindex":0},"up":{"uv":[4.125,7.125,3.875,6.75],"rotation":0,"texture":"#0","tintindex":0},"west":{"uv":[7.5,9.125,7.875,9.5],"rotation":0,"texture":"#0","tintindex":0}}},{"name":"ohr 1","from":[5.3831463,8.548866,6.469646],"to":[5.7428102,9.144667,6.74051],"rotation":{"angle":22.5,"axis":"z","origin":[5.855787,7.802514,8.1996975]},"faces":{"down":{"uv":[8.125,10.375,8.0,10.5],"rotation":0,"texture":"#0","tintindex":0},"east":{"uv":[7.75,10.375,7.875,10.5],"rotation":0,"texture":"#0","tintindex":0},"north":{"uv":[10.375,7.625,10.5,7.75],"rotation":0,"texture":"#0","tintindex":0},"south":{"uv":[10.375,7.75,10.5,7.875],"rotation":0,"texture":"#0","tintindex":0},"up":{"uv":[10.5,8.0,10.375,7.875],"rotation":0,"texture":"#0","tintindex":0},"west":{"uv":[7.875,10.375,8.0,10.5],"rotation":0,"texture":"#0","tintindex":0}}},{"name":"ohr 1","from":[5.1518364,7.2645903,6.208286],"to":[6.602637,8.231673,6.94355],"rotation":{"angle":-45.0,"axis":"z","origin":[5.855787,7.802514,8.1996975]},"faces":{"down":{"uv":[1.125,10.375,0.875,10.5],"rotation":0,"texture":"#0","tintindex":0},"east":{"uv":[3.625,9.25,3.75,9.5],"rotation":0,"texture":"#0","tintindex":0},"north":{"uv":[5.875,10.0,6.125,10.25],"rotation":0,"texture":"#0","tintindex":0},"south":{"uv":[6.125,10.0,6.375,10.25],"rotation":0,"texture":"#0","tintindex":0},"up":{"uv":[10.625,0.5,10.375,0.375],"rotation":0,"texture":"#0","tintindex":0},"west":{"uv":[6.875,9.25,7.0,9.5],"rotation":0,"texture":"#0","tintindex":0}}},{"name":"ohr 1","from":[5.809806,7.0178256,6.0138855],"to":[7.3776064,8.569236,7.13795],"rotation":{"angle":-45.0,"axis":"z","origin":[5.855787,7.802514,8.1996975]},"faces":{"down":{"uv":[5.25,9.625,4.875,9.875],"rotation":0,"texture":"#0","tintindex":0},"east":{"uv":[9.625,2.75,9.875,3.125],"rotation":0,"texture":"#0","tintindex":0},"north":{"uv":[9.25,0.5,9.625,0.875],"rotation":0,"texture":"#0","tintindex":0},"south":{"uv":[0.75,9.25,1.125,9.625],"rotation":0,"texture":"#0","tintindex":0},"up":{"uv":[4.25,9.875,3.875,9.625],"rotation":0,"texture":"#0","tintindex":0},"west":{"uv":[9.625,3.125,9.875,3.5],"rotation":0,"texture":"#0","tintindex":0}}},{"name":"ohr 1","from":[5.4505625,8.728867,6.512846],"to":[5.675394,9.309667,6.6973095],"rotation":{"angle":22.5,"axis":"z","origin":[5.855787,7.802514,8.1996975]},"faces":{"down":{"uv":[10.5,8.375,10.375,8.5],"rotation":0,"texture":"#0","tintindex":0},"east":{"uv":[8.125,10.375,8.25,10.5],"rotation":0,"texture":"#0","tintindex":0},"north":{"uv":[10.375,8.0,10.5,8.125],"rotation":0,"texture":"#0","tintindex":0},"south":{"uv":[8.25,10.375,8.375,10.5],"rotation":0,"texture":"#0","tintindex":0},"up":{"uv":[8.5,10.5,8.375,10.375],"rotation":0,"texture":"#0","tintindex":0},"west":{"uv":[10.375,8.25,10.5,8.375],"rotation":0,"texture":"#0","tintindex":0}}},{"name":"ohr 1","from":[6.529806,6.7931623,5.782886],"to":[7.797606,8.704068,7.3389497],"rotation":{"angle":-45.0,"axis":"z","origin":[5.855787,7.802514,4.989698]},"faces":{"down":{"uv":[8.0,9.625,7.75,10.0],"rotation":0,"texture":"#0","tintindex":0},"east":{"uv":[1.5,9.25,1.875,9.625],"rotation":0,"texture":"#0","tintindex":0},"north":{"uv":[6.25,9.625,6.5,10.0],"rotation":0,"texture":"#0","tintindex":0},"south":{"uv":[6.5,9.625,6.75,10.0],"rotation":0,"texture":"#0","tintindex":0},"up":{"uv":[7.75,10.0,7.5,9.625],"rotation":0,"texture":"#0","tintindex":0},"west":{"uv":[4.875,9.25,5.25,9.625],"rotation":0,"texture":"#0","tintindex":0}}},{"name":"ohr 1","from":[5.2483144,8.3088665,6.383246],"to":[5.900901,8.889666,6.82691],"rotation":{"angle":22.5,"axis":"z","origin":[5.855787,7.802514,8.1996975]},"faces":{"down":{"uv":[7.75,10.375,7.625,10.5],"rotation":0,"texture":"#0","tintindex":0},"east":{"uv":[10.375,7.125,10.5,7.25],"rotation":0,"texture":"#0","tintindex":0},"north":{"uv":[7.125,10.375,7.25,10.5],"rotation":0,"texture":"#0","tintindex":0},"south":{"uv":[7.25,10.375,7.375,10.5],"rotation":0,"texture":"#0","tintindex":0},"up":{"uv":[7.625,10.5,7.5,10.375],"rotation":0,"texture":"#0","tintindex":0},"west":{"uv":[7.375,10.375,7.5,10.5],"rotation":0,"texture":"#0","tintindex":0}}},{"name":"ohr 1","from":[8.3921,5.346738,5.614046],"to":[9.9599,7.7295556,7.47251],"rotation":{"angle":-45.0,"axis":"z","origin":[8.0,9.167371,7.2771378]},"faces":{"down":{"uv":[8.25,9.125,7.875,9.5],"rotation":0,"texture":"#0","tintindex":0},"east":{"uv":[8.625,7.25,9.0,7.75],"rotation":0,"texture":"#0","tintindex":0},"north":{"uv":[4.875,6.375,5.25,6.875],"rotation":0,"texture":"#0","tintindex":0},"south":{"uv":[8.625,8.5,9.0,9.0],"rotation":0,"texture":"#0","tintindex":0},"up":{"uv":[9.5,8.125,9.125,7.75],"rotation":0,"texture":"#0","tintindex":0},"west":{"uv":[8.75,2.125,9.125,2.625],"rotation":0,"texture":"#0","tintindex":0}}}],"display":{"head":{"translation":[0.0,-6.4,0.0],"rotation":[0.0,0.0,0.0],"scale":[3.8095,3.8095,3.8095]}}}