{"textures":{"0":"modelengine:entity/sky"},"elements":[{"name":"ohr 2","from":[5.2483144,8.3088665,3.173246],"to":[5.900901,8.8896675,3.6169097],"rotation":{"angle":22.5,"axis":"z","origin":[5.8557873,7.802514,4.989698]},"faces":{"down":{"uv":[9.75,10.125,9.625,10.25],"rotation":0,"texture":"#0","tintindex":0},"east":{"uv":[5.125,9.875,5.25,10.0],"rotation":0,"texture":"#0","tintindex":0},"north":{"uv":[3.125,9.0,3.25,9.125],"rotation":0,"texture":"#0","tintindex":0},"south":{"uv":[3.375,10.0,3.5,10.125],"rotation":0,"texture":"#0","tintindex":0},"up":{"uv":[3.75,10.25,3.625,10.125],"rotation":0,"texture":"#0","tintindex":0},"west":{"uv":[8.875,10.0,9.0,10.125],"rotation":0,"texture":"#0","tintindex":0}}},{"name":"ohr 2","from":[5.3831463,8.548866,3.259646],"to":[5.7428102,9.144667,3.5305097],"rotation":{"angle":22.5,"axis":"z","origin":[5.8557873,7.802514,4.989698]},"faces":{"down":{"uv":[10.5,6.625,10.375,6.75],"rotation":0,"texture":"#0","tintindex":0},"east":{"uv":[10.375,6.375,10.5,6.5],"rotation":0,"texture":"#0","tintindex":0},"north":{"uv":[6.375,10.375,6.5,10.5],"rotation":0,"texture":"#0","tintindex":0},"south":{"uv":[6.5,10.375,6.625,10.5],"rotation":0,"texture":"#0","tintindex":0},"up":{"uv":[6.75,10.5,6.625,10.375],"rotation":0,"texture":"#0","tintindex":0},"west":{"uv":[10.375,6.5,10.5,6.625],"rotation":0,"texture":"#0","tintindex":0}}},{"name":"ohr 2","from":[5.4505625,8.728867,3.3028462],"to":[5.6753945,9.309667,3.48731],"rotation":{"angle":22.5,"axis":"z","origin":[5.8557873,7.802514,4.989698]},"faces":{"down":{"uv":[10.5,7.0,10.375,7.125],"rotation":0,"texture":"#0","tintindex":0},"east":{"uv":[10.375,6.75,10.5,6.875],"rotation":0,"texture":"#0","tintindex":0},"north":{"uv":[6.75,10.375,6.875,10.5],"rotation":0,"texture":"#0","tintindex":0},"south":{"uv":[6.875,10.375,7.0,10.5],"rotation":0,"texture":"#0","tintindex":0},"up":{"uv":[7.125,10.5,7.0,10.375],"rotation":0,"texture":"#0","tintindex":0},"west":{"uv":[10.375,6.875,10.5,7.0],"rotation":0,"texture":"#0","tintindex":0}}},{"name":"ohr 2","from":[5.1518364,7.2645903,2.9982862],"to":[6.602637,8.231673,3.73355],"rotation":{"angle":-45.0,"axis":"z","origin":[5.8557873,7.802514,4.989698]},"faces":{"down":{"uv":[0.625,10.375,0.375,10.5],"rotation":0,"texture":"#0","tintindex":0},"east":{"uv":[4.0,4.75,4.125,5.0],"rotation":0,"texture":"#0","tintindex":0},"north":{"uv":[5.625,10.0,5.875,10.25],"rotation":0,"texture":"#0","tintindex":0},"south":{"uv":[10.0,5.625,10.25,5.875],"rotation":0,"texture":"#0","tintindex":0},"up":{"uv":[10.5,10.25,10.25,10.125],"rotation":0,"texture":"#0","tintindex":0},"west":{"uv":[9.25,1.25,9.375,1.5],"rotation":0,"texture":"#0","tintindex":0}}},{"name":"ohr 2","from":[5.809806,7.0178256,2.803886],"to":[7.3776064,8.569236,3.92795],"rotation":{"angle":-45.0,"axis":"z","origin":[5.8557873,7.802514,4.989698]},"faces":{"down":{"uv":[10.0,2.5,9.625,2.75],"rotation":0,"texture":"#0","tintindex":0},"east":{"uv":[1.625,9.625,1.875,10.0],"rotation":0,"texture":"#0","tintindex":0},"north":{"uv":[8.25,9.125,8.625,9.5],"rotation":0,"texture":"#0","tintindex":0},"south":{"uv":[9.125,9.0,9.5,9.375],"rotation":0,"texture":"#0","tintindex":0},"up":{"uv":[9.875,9.375,9.5,9.125],"rotation":0,"texture":"#0","tintindex":0},"west":{"uv":[9.625,2.125,9.875,2.5],"rotation":0,"texture":"#0","tintindex":0}}},{"name":"ohr 2","from":[6.529806,6.7931623,2.5878863],"to":[7.797606,8.704068,4.14395],"rotation":{"angle":-45.0,"axis":"z","origin":[5.8557873,7.802514,4.989698]},"faces":{"down":{"uv":[6.25,9.625,6.0,10.0],"rotation":0,"texture":"#0","tintindex":0},"east":{"uv":[9.25,0.875,9.625,1.25],"rotation":0,"texture":"#0","tintindex":0},"north":{"uv":[5.25,9.625,5.5,10.0],"rotation":0,"texture":"#0","tintindex":0},"south":{"uv":[5.5,9.625,5.75,10.0],"rotation":0,"texture":"#0","tintindex":0},"up":{"uv":[6.0,10.0,5.75,9.625],"rotation":0,"texture":"#0","tintindex":0},"west":{"uv":[1.125,9.25,1.5,9.625],"rotation":0,"texture":"#0","tintindex":0}}},{"name":"ohr 2","from":[8.3921,5.346738,2.4150863],"to":[9.9599,7.7295556,4.27355],"rotation":{"angle":-45.0,"axis":"z","origin":[8.0,9.167371,7.363538]},"faces":{"down":{"uv":[6.0,9.25,5.625,9.625],"rotation":0,"texture":"#0","tintindex":0},"east":{"uv":[8.75,3.125,9.125,3.625],"rotation":0,"texture":"#0","tintindex":0},"north":{"uv":[8.75,2.625,9.125,3.125],"rotation":0,"texture":"#0","tintindex":0},"south":{"uv":[5.125,8.75,5.5,9.25],"rotation":0,"texture":"#0","tintindex":0},"up":{"uv":[5.625,9.625,5.25,9.25],"rotation":0,"texture":"#0","tintindex":0},"west":{"uv":[5.5,8.75,5.875,9.25],"rotation":0,"texture":"#0","tintindex":0}}}],"display":{"head":{"translation":[0.0,-6.4,0.0],"rotation":[0.0,0.0,0.0],"scale":[3.8095,3.8095,3.8095]}}}