{"textures":{"0":"modelengine:entity/sky"},"elements":[{"from":[5.379347,8.294159,3.4030914],"to":[6.000858,8.8473015,3.8256283],"rotation":{"angle":22.5,"axis":"z","origin":[5.9578924,7.8119183,5.1330457]},"faces":{"east":{"uv":[5.125,9.875,5.25,10.0],"rotation":0,"texture":"#0","tintindex":0},"south":{"uv":[3.375,10.0,3.5,10.125],"rotation":0,"texture":"#0","tintindex":0},"north":{"uv":[3.125,9.0,3.25,9.125],"rotation":0,"texture":"#0","tintindex":0},"west":{"uv":[8.875,10.0,9.0,10.125],"rotation":0,"texture":"#0","tintindex":0},"up":{"uv":[3.75,10.25,3.625,10.125],"rotation":0,"texture":"#0","tintindex":0},"down":{"uv":[9.75,10.125,9.625,10.25],"rotation":0,"texture":"#0","tintindex":0}}},{"from":[5.507758,8.52273,3.4853768],"to":[5.8502955,9.090158,3.7433424],"rotation":{"angle":22.5,"axis":"z","origin":[5.9578924,7.8119183,5.1330457]},"faces":{"east":{"uv":[10.375,6.375,10.5,6.5],"rotation":0,"texture":"#0","tintindex":0},"south":{"uv":[6.5,10.375,6.625,10.5],"rotation":0,"texture":"#0","tintindex":0},"north":{"uv":[6.375,10.375,6.5,10.5],"rotation":0,"texture":"#0","tintindex":0},"west":{"uv":[10.375,6.5,10.5,6.625],"rotation":0,"texture":"#0","tintindex":0},"up":{"uv":[6.75,10.5,6.625,10.375],"rotation":0,"texture":"#0","tintindex":0},"down":{"uv":[10.5,6.625,10.375,6.75],"rotation":0,"texture":"#0","tintindex":0}}},{"from":[5.5719643,8.694159,3.5265198],"to":[5.78609,9.247301,3.7022],"rotation":{"angle":22.5,"axis":"z","origin":[5.9578924,7.8119183,5.1330457]},"faces":{"east":{"uv":[10.375,6.75,10.5,6.875],"rotation":0,"texture":"#0","tintindex":0},"south":{"uv":[6.875,10.375,7.0,10.5],"rotation":0,"texture":"#0","tintindex":0},"north":{"uv":[6.75,10.375,6.875,10.5],"rotation":0,"texture":"#0","tintindex":0},"west":{"uv":[10.375,6.875,10.5,7.0],"rotation":0,"texture":"#0","tintindex":0},"up":{"uv":[7.125,10.5,7.0,10.375],"rotation":0,"texture":"#0","tintindex":0},"down":{"uv":[10.5,7.0,10.375,7.125],"rotation":0,"texture":"#0","tintindex":0}}},{"from":[5.287463,7.29961,3.2364626],"to":[6.669178,8.220641,3.9367142],"rotation":{"angle":-45.0,"axis":"z","origin":[5.9578924,7.8119183,5.1330457]},"faces":{"east":{"uv":[4.0,4.75,4.125,5.0],"rotation":0,"texture":"#0","tintindex":0},"south":{"uv":[10.0,5.625,10.25,5.875],"rotation":0,"texture":"#0","tintindex":0},"north":{"uv":[5.625,10.0,5.875,10.25],"rotation":0,"texture":"#0","tintindex":0},"west":{"uv":[9.25,1.25,9.375,1.5],"rotation":0,"texture":"#0","tintindex":0},"up":{"uv":[10.5,10.25,10.25,10.125],"rotation":0,"texture":"#0","tintindex":0},"down":{"uv":[0.625,10.375,0.375,10.5],"rotation":0,"texture":"#0","tintindex":0}}},{"from":[5.9141006,7.064596,3.05132],"to":[7.4072437,8.5421295,4.121857],"rotation":{"angle":-45.0,"axis":"z","origin":[5.9578924,7.8119183,5.1330457]},"faces":{"east":{"uv":[1.625,9.625,1.875,10.0],"rotation":0,"texture":"#0","tintindex":0},"south":{"uv":[9.125,9.0,9.5,9.375],"rotation":0,"texture":"#0","tintindex":0},"north":{"uv":[8.25,9.125,8.625,9.5],"rotation":0,"texture":"#0","tintindex":0},"west":{"uv":[9.625,2.125,9.875,2.5],"rotation":0,"texture":"#0","tintindex":0},"up":{"uv":[9.875,9.375,9.5,9.125],"rotation":0,"texture":"#0","tintindex":0},"down":{"uv":[10.0,2.5,9.625,2.75],"rotation":0,"texture":"#0","tintindex":0}}},{"from":[6.5998154,6.8506303,2.8456054],"to":[7.807244,8.670542,4.327571],"rotation":{"angle":-45.0,"axis":"z","origin":[5.9578924,7.8119183,5.1330457]},"faces":{"east":{"uv":[9.25,0.875,9.625,1.25],"rotation":0,"texture":"#0","tintindex":0},"south":{"uv":[5.5,9.625,5.75,10.0],"rotation":0,"texture":"#0","tintindex":0},"north":{"uv":[5.25,9.625,5.5,10.0],"rotation":0,"texture":"#0","tintindex":0},"west":{"uv":[1.125,9.25,1.5,9.625],"rotation":0,"texture":"#0","tintindex":0},"up":{"uv":[6.0,10.0,5.75,9.625],"rotation":0,"texture":"#0","tintindex":0},"down":{"uv":[6.25,9.625,6.0,10.0],"rotation":0,"texture":"#0","tintindex":0}}},{"from":[8.373428,5.4730835,2.681034],"to":[9.866571,7.7424345,4.4509997],"rotation":{"angle":-45.0,"axis":"z","origin":[8.0,9.111782,7.3938456]},"faces":{"east":{"uv":[8.75,3.125,9.125,3.625],"rotation":0,"texture":"#0","tintindex":0},"south":{"uv":[5.125,8.75,5.5,9.25],"rotation":0,"texture":"#0","tintindex":0},"north":{"uv":[8.75,2.625,9.125,3.125],"rotation":0,"texture":"#0","tintindex":0},"west":{"uv":[5.5,8.75,5.875,9.25],"rotation":0,"texture":"#0","tintindex":0},"up":{"uv":[5.625,9.625,5.25,9.25],"rotation":0,"texture":"#0","tintindex":0},"down":{"uv":[6.0,9.25,5.625,9.625],"rotation":0,"texture":"#0","tintindex":0}}}],"display":{"head":{"translation":[0.0,-6.4,0.0],"scale":[4.0,4.0,4.0]}}}