{"textures":{"0":"modelengine:entity/sky"},"elements":[{"from":[7.257176,9.527596,8.285126],"to":[7.569074,9.567045,8.377585],"rotation":{"angle":0.0,"axis":"y","origin":[7.4179635,9.669777,8.333821]},"faces":{"east":{"uv":[7.375,10.5,7.5,10.625],"rotation":0,"texture":"#0","tintindex":0},"south":{"uv":[7.5,10.5,7.625,10.625],"rotation":0,"texture":"#0","tintindex":0},"north":{"uv":[7.25,10.5,7.375,10.625],"rotation":0,"texture":"#0","tintindex":0},"west":{"uv":[10.5,7.5,10.625,7.625],"rotation":0,"texture":"#0","tintindex":0},"up":{"uv":[7.75,10.625,7.625,10.5],"rotation":0,"texture":"#0","tintindex":0},"down":{"uv":[10.625,7.625,10.5,7.75],"rotation":0,"texture":"#0","tintindex":0}}},{"from":[7.3699646,9.726958,8.288207],"to":[7.5524197,9.828049,8.3782015],"rotation":{"angle":-45.0,"axis":"z","origin":[7.4179635,9.669777,8.333821]},"faces":{"east":{"uv":[10.5,7.75,10.625,7.875],"rotation":0,"texture":"#0","tintindex":0},"south":{"uv":[7.875,10.5,8.0,10.625],"rotation":0,"texture":"#0","tintindex":0},"north":{"uv":[7.75,10.5,7.875,10.625],"rotation":0,"texture":"#0","tintindex":0},"west":{"uv":[10.5,7.875,10.625,8.0],"rotation":0,"texture":"#0","tintindex":0},"up":{"uv":[8.125,10.625,8.0,10.5],"rotation":0,"texture":"#0","tintindex":0},"down":{"uv":[10.625,8.0,10.5,8.125],"rotation":0,"texture":"#0","tintindex":0}}},{"from":[7.2894053,9.553397,8.312862],"to":[7.4533687,9.806122,8.358476],"rotation":{"angle":0.0,"axis":"y","origin":[7.4179635,9.669777,8.333821]},"faces":{"east":{"uv":[8.25,10.5,8.375,10.625],"rotation":0,"texture":"#0","tintindex":0},"south":{"uv":[10.5,8.25,10.625,8.375],"rotation":0,"texture":"#0","tintindex":0},"north":{"uv":[8.125,10.5,8.25,10.625],"rotation":0,"texture":"#0","tintindex":0},"west":{"uv":[8.375,10.5,8.5,10.625],"rotation":0,"texture":"#0","tintindex":0},"up":{"uv":[10.625,8.5,10.5,8.375],"rotation":0,"texture":"#0","tintindex":0},"down":{"uv":[8.625,10.5,8.5,10.625],"rotation":0,"texture":"#0","tintindex":0}}},{"from":[7.2470136,9.746545,8.3036175],"to":[7.4294686,9.822979,8.368956],"rotation":{"angle":-22.5,"axis":"z","origin":[7.4179635,9.669777,8.333821]},"faces":{"east":{"uv":[8.625,10.5,8.75,10.625],"rotation":0,"texture":"#0","tintindex":0},"south":{"uv":[10.5,8.625,10.625,8.75],"rotation":0,"texture":"#0","tintindex":0},"north":{"uv":[10.5,8.5,10.625,8.625],"rotation":0,"texture":"#0","tintindex":0},"west":{"uv":[8.75,10.5,8.875,10.625],"rotation":0,"texture":"#0","tintindex":0},"up":{"uv":[10.625,8.875,10.5,8.75],"rotation":0,"texture":"#0","tintindex":0},"down":{"uv":[9.0,10.5,8.875,10.625],"rotation":0,"texture":"#0","tintindex":0}}},{"from":[7.5031605,9.377196,8.27588],"to":[7.61658,9.613733,8.390529],"rotation":{"angle":22.5,"axis":"z","origin":[7.4179635,9.669777,8.333821]},"faces":{"east":{"uv":[9.0,10.5,9.125,10.625],"rotation":0,"texture":"#0","tintindex":0},"south":{"uv":[9.125,10.5,9.25,10.625],"rotation":0,"texture":"#0","tintindex":0},"north":{"uv":[10.5,8.875,10.625,9.0],"rotation":0,"texture":"#0","tintindex":0},"west":{"uv":[9.25,10.5,9.375,10.625],"rotation":0,"texture":"#0","tintindex":0},"up":{"uv":[9.5,10.625,9.375,10.5],"rotation":0,"texture":"#0","tintindex":0},"down":{"uv":[9.625,10.5,9.5,10.625],"rotation":0,"texture":"#0","tintindex":0}}},{"from":[7.424457,9.565393,8.298686],"to":[7.551435,9.744149,8.368956],"rotation":{"angle":0.0,"axis":"y","origin":[7.4179635,9.669777,8.333821]},"faces":{"east":{"uv":[10.5,9.625,10.625,9.75],"rotation":0,"texture":"#0","tintindex":0},"south":{"uv":[9.75,10.5,9.875,10.625],"rotation":0,"texture":"#0","tintindex":0},"north":{"uv":[9.625,10.5,9.75,10.625],"rotation":0,"texture":"#0","tintindex":0},"west":{"uv":[10.5,9.75,10.625,9.875],"rotation":0,"texture":"#0","tintindex":0},"up":{"uv":[10.0,10.625,9.875,10.5],"rotation":0,"texture":"#0","tintindex":0},"down":{"uv":[10.625,9.875,10.5,10.0],"rotation":0,"texture":"#0","tintindex":0}}},{"from":[7.1318483,9.758872,8.315947],"to":[7.2568774,9.81065,8.3566265],"rotation":{"angle":-22.5,"axis":"z","origin":[7.4179635,9.669777,8.333821]},"faces":{"east":{"uv":[10.5,10.0,10.625,10.125],"rotation":0,"texture":"#0","tintindex":0},"south":{"uv":[10.125,10.5,10.25,10.625],"rotation":0,"texture":"#0","tintindex":0},"north":{"uv":[10.0,10.5,10.125,10.625],"rotation":0,"texture":"#0","tintindex":0},"west":{"uv":[10.5,10.125,10.625,10.25],"rotation":0,"texture":"#0","tintindex":0},"up":{"uv":[10.375,10.625,10.25,10.5],"rotation":0,"texture":"#0","tintindex":0},"down":{"uv":[10.625,10.25,10.5,10.375],"rotation":0,"texture":"#0","tintindex":0}}},{"from":[7.2963667,9.579861,8.325192],"to":[7.3617053,9.918879,8.346149],"rotation":{"angle":22.5,"axis":"z","origin":[7.4179635,9.669777,8.333821]},"faces":{"east":{"uv":[10.5,10.375,10.625,10.5],"rotation":0,"texture":"#0","tintindex":0},"south":{"uv":[10.5,10.5,10.625,10.625],"rotation":0,"texture":"#0","tintindex":0},"north":{"uv":[10.375,10.5,10.5,10.625],"rotation":0,"texture":"#0","tintindex":0},"west":{"uv":[0.0,10.625,0.125,10.75],"rotation":0,"texture":"#0","tintindex":0},"up":{"uv":[10.75,0.125,10.625,0.0],"rotation":0,"texture":"#0","tintindex":0},"down":{"uv":[0.25,10.625,0.125,10.75],"rotation":0,"texture":"#0","tintindex":0}}},{"from":[6.7423315,9.391874,7.4211426],"to":[8.252332,9.51616,9.293143],"rotation":{"angle":0.0,"axis":"y","origin":[7.7473316,7.9683027,8.385715]},"faces":{"east":{"uv":[10.25,9.0,10.625,9.125],"rotation":0,"texture":"#0","tintindex":0},"south":{"uv":[10.25,9.375,10.625,9.5],"rotation":0,"texture":"#0","tintindex":0},"north":{"uv":[9.0,10.25,9.375,10.375],"rotation":0,"texture":"#0","tintindex":0},"west":{"uv":[10.25,9.5,10.625,9.625],"rotation":0,"texture":"#0","tintindex":0},"up":{"uv":[0.75,9.875,0.375,9.5],"rotation":0,"texture":"#0","tintindex":0},"down":{"uv":[2.25,9.5,1.875,9.875],"rotation":0,"texture":"#0","tintindex":0}}},{"from":[6.570903,7.049017,7.1925716],"to":[9.309474,9.401875,9.578857],"rotation":{"angle":0.0,"axis":"y","origin":[7.7473316,7.9683027,8.385715]},"faces":{"east":{"uv":[4.375,7.375,4.875,7.875],"rotation":0,"texture":"#0","tintindex":0},"south":{"uv":[5.5,8.25,6.125,8.75],"rotation":0,"texture":"#0","tintindex":0},"north":{"uv":[8.25,5.0,8.875,5.5],"rotation":0,"texture":"#0","tintindex":0},"west":{"uv":[3.875,8.375,4.375,8.875],"rotation":0,"texture":"#0","tintindex":0},"up":{"uv":[8.875,6.0,8.25,5.5],"rotation":0,"texture":"#0","tintindex":0},"down":{"uv":[8.875,6.0,8.25,6.5],"rotation":0,"texture":"#0","tintindex":0}}},{"from":[6.7464285,6.823571,7.3211427],"to":[9.213572,7.1964283,9.501715],"rotation":{"angle":0.0,"axis":"y","origin":[8.0,8.0,8.0]},"faces":{"east":{"uv":[10.125,9.125,10.625,9.25],"rotation":0,"texture":"#0","tintindex":0},"south":{"uv":[9.875,4.625,10.5,4.75],"rotation":0,"texture":"#0","tintindex":0},"north":{"uv":[9.875,4.5,10.5,4.625],"rotation":0,"texture":"#0","tintindex":0},"west":{"uv":[10.125,9.25,10.625,9.375],"rotation":0,"texture":"#0","tintindex":0},"up":{"uv":[6.75,8.75,6.125,8.25],"rotation":0,"texture":"#0","tintindex":0},"down":{"uv":[8.875,6.5,8.25,7.0],"rotation":0,"texture":"#0","tintindex":0}}}],"display":{"head":{"translation":[0.0,-6.4,0.0],"scale":[4.0,4.0,4.0]}}}