{"textures":{"0":"modelengine:entity/sky"},"elements":[{"name":"cube","from":[5.4072437,10.336718,7.820702],"to":[6.53846,10.479794,8.156042],"rotation":{"angle":22.5,"axis":"z","origin":[6.032276,10.972401,7.997312]},"faces":{"down":{"uv":[10.625,2.0,10.375,2.125],"rotation":0,"texture":"#0","tintindex":0},"east":{"uv":[10.5,3.25,10.625,3.375],"rotation":0,"texture":"#0","tintindex":0},"north":{"uv":[1.125,10.375,1.375,10.5],"rotation":0,"texture":"#0","tintindex":0},"south":{"uv":[1.375,10.375,1.625,10.5],"rotation":0,"texture":"#0","tintindex":0},"up":{"uv":[2.125,10.5,1.875,10.375],"rotation":0,"texture":"#0","tintindex":0},"west":{"uv":[10.5,3.375,10.625,3.5],"rotation":0,"texture":"#0","tintindex":0}}},{"name":"cube","from":[5.9134398,11.065316,7.83188],"to":[6.57518,11.431952,8.158274],"rotation":{"angle":-22.5,"axis":"z","origin":[6.032276,10.972401,7.997312]},"faces":{"down":{"uv":[4.5,10.5,4.375,10.625],"rotation":0,"texture":"#0","tintindex":0},"east":{"uv":[10.5,3.875,10.625,4.0],"rotation":0,"texture":"#0","tintindex":0},"north":{"uv":[3.875,10.5,4.0,10.625],"rotation":0,"texture":"#0","tintindex":0},"south":{"uv":[4.0,10.5,4.125,10.625],"rotation":0,"texture":"#0","tintindex":0},"up":{"uv":[4.375,10.625,4.25,10.5],"rotation":0,"texture":"#0","tintindex":0},"west":{"uv":[4.125,10.5,4.25,10.625],"rotation":0,"texture":"#0","tintindex":0}}},{"name":"cube","from":[5.5241356,10.430294,7.921304],"to":[6.118808,11.34689,8.086736],"rotation":{"angle":22.5,"axis":"z","origin":[6.032276,10.972401,7.997312]},"faces":{"down":{"uv":[4.625,10.5,4.5,10.625],"rotation":0,"texture":"#0","tintindex":0},"east":{"uv":[2.125,10.375,2.25,10.625],"rotation":0,"texture":"#0","tintindex":0},"north":{"uv":[0.625,10.375,0.75,10.625],"rotation":0,"texture":"#0","tintindex":0},"south":{"uv":[10.375,2.125,10.5,2.375],"rotation":0,"texture":"#0","tintindex":0},"up":{"uv":[10.625,4.5,10.5,4.375],"rotation":0,"texture":"#0","tintindex":0},"west":{"uv":[2.25,10.375,2.375,10.625],"rotation":0,"texture":"#0","tintindex":0}}},{"name":"cube","from":[5.4195023,11.123924,7.88777],"to":[6.0812416,11.401142,8.124741],"rotation":{"angle":0.0,"axis":"x","origin":[6.032276,10.972401,7.997312]},"faces":{"down":{"uv":[5.125,10.5,5.0,10.625],"rotation":0,"texture":"#0","tintindex":0},"east":{"uv":[4.625,10.5,4.75,10.625],"rotation":0,"texture":"#0","tintindex":0},"north":{"uv":[10.5,4.5,10.625,4.625],"rotation":0,"texture":"#0","tintindex":0},"south":{"uv":[10.5,4.625,10.625,4.75],"rotation":0,"texture":"#0","tintindex":0},"up":{"uv":[5.0,10.625,4.875,10.5],"rotation":0,"texture":"#0","tintindex":0},"west":{"uv":[4.75,10.5,4.875,10.625],"rotation":0,"texture":"#0","tintindex":0}}},{"name":"cube","from":[6.2566643,9.891398,7.787168],"to":[6.6680117,10.674284,8.202986],"rotation":{"angle":45.0,"axis":"z","origin":[6.032276,10.972401,7.997312]},"faces":{"down":{"uv":[10.625,6.0,10.5,6.125],"rotation":0,"texture":"#0","tintindex":0},"east":{"uv":[5.25,10.5,5.375,10.625],"rotation":0,"texture":"#0","tintindex":0},"north":{"uv":[5.125,10.5,5.25,10.625],"rotation":0,"texture":"#0","tintindex":0},"south":{"uv":[5.375,10.5,5.5,10.625],"rotation":0,"texture":"#0","tintindex":0},"up":{"uv":[10.625,6.0,10.5,5.875],"rotation":0,"texture":"#0","tintindex":0},"west":{"uv":[5.5,10.5,5.625,10.625],"rotation":0,"texture":"#0","tintindex":0}}},{"name":"cube","from":[6.013952,10.473806,7.869884],"to":[6.4744816,11.12213,8.124741],"rotation":{"angle":22.5,"axis":"z","origin":[6.032276,10.972401,7.997312]},"faces":{"down":{"uv":[10.625,6.625,10.5,6.75],"rotation":0,"texture":"#0","tintindex":0},"east":{"uv":[10.5,6.375,10.625,6.5],"rotation":0,"texture":"#0","tintindex":0},"north":{"uv":[6.375,10.5,6.5,10.625],"rotation":0,"texture":"#0","tintindex":0},"south":{"uv":[6.5,10.5,6.625,10.625],"rotation":0,"texture":"#0","tintindex":0},"up":{"uv":[6.75,10.625,6.625,10.5],"rotation":0,"texture":"#0","tintindex":0},"west":{"uv":[10.5,6.5,10.625,6.625],"rotation":0,"texture":"#0","tintindex":0}}},{"name":"cube","from":[5.001806,11.168636,7.9324822],"to":[5.4552736,11.35643,8.080029],"rotation":{"angle":0.0,"axis":"x","origin":[6.032276,10.972401,7.997312]},"faces":{"down":{"uv":[10.625,7.0,10.5,7.125],"rotation":0,"texture":"#0","tintindex":0},"east":{"uv":[10.5,6.75,10.625,6.875],"rotation":0,"texture":"#0","tintindex":0},"north":{"uv":[6.75,10.5,6.875,10.625],"rotation":0,"texture":"#0","tintindex":0},"south":{"uv":[6.875,10.5,7.0,10.625],"rotation":0,"texture":"#0","tintindex":0},"up":{"uv":[7.125,10.625,7.0,10.5],"rotation":0,"texture":"#0","tintindex":0},"west":{"uv":[10.5,6.875,10.625,7.0],"rotation":0,"texture":"#0","tintindex":0}}},{"name":"cube","from":[5.506646,10.551428,7.9660163],"to":[5.743616,11.781009,8.042024],"rotation":{"angle":45.0,"axis":"z","origin":[6.032276,10.972401,7.997312]},"faces":{"down":{"uv":[10.625,7.125,10.5,7.25],"rotation":0,"texture":"#0","tintindex":0},"east":{"uv":[3.5,10.375,3.625,10.625],"rotation":0,"texture":"#0","tintindex":0},"north":{"uv":[3.375,10.375,3.5,10.625],"rotation":0,"texture":"#0","tintindex":0},"south":{"uv":[3.625,10.375,3.75,10.625],"rotation":0,"texture":"#0","tintindex":0},"up":{"uv":[7.25,10.625,7.125,10.5],"rotation":0,"texture":"#0","tintindex":0},"west":{"uv":[3.75,10.375,3.875,10.625],"rotation":0,"texture":"#0","tintindex":0}}},{"name":"körper","from":[5.6995997,6.49205,5.0495],"to":[10.1534,10.45295,10.9505005],"rotation":{"angle":22.5,"axis":"z","origin":[8.0,8.0,8.0]},"faces":{"down":{"uv":[5.0,3.75,4.125,5.0],"rotation":0,"texture":"#0","tintindex":0},"east":{"uv":[3.75,0.0,5.0,0.875],"rotation":0,"texture":"#0","tintindex":0},"north":{"uv":[5.25,6.0,6.125,6.875],"rotation":0,"texture":"#0","tintindex":0},"south":{"uv":[6.125,0.0,7.0,0.875],"rotation":0,"texture":"#0","tintindex":0},"up":{"uv":[2.875,5.0,2.0,3.75],"rotation":0,"texture":"#0","tintindex":0},"west":{"uv":[4.125,2.875,5.375,3.75],"rotation":0,"texture":"#0","tintindex":0}}},{"name":"körper","from":[8.547565,7.097192,5.5243998],"to":[13.813167,8.191292,10.4756],"rotation":{"angle":22.5,"axis":"z","origin":[10.880365,6.804242,8.0]},"faces":{"down":{"uv":[5.125,1.875,4.0,2.875],"rotation":0,"texture":"#0","tintindex":0},"east":{"uv":[8.5,0.0,9.5,0.25],"rotation":0,"texture":"#0","tintindex":0},"north":{"uv":[8.25,1.875,9.375,2.125],"rotation":0,"texture":"#0","tintindex":0},"south":{"uv":[8.375,3.625,9.5,3.875],"rotation":0,"texture":"#0","tintindex":0},"up":{"uv":[2.0,5.0,0.875,4.0],"rotation":0,"texture":"#0","tintindex":0},"west":{"uv":[8.5,0.25,9.5,0.5],"rotation":0,"texture":"#0","tintindex":0}}},{"name":"körper","from":[6.1496,10.122049,5.6495],"to":[8.743401,10.90295,10.3205],"rotation":{"angle":22.5,"axis":"z","origin":[8.0,8.0,8.0]},"faces":{"down":{"uv":[7.5,6.125,7.0,7.125],"rotation":0,"texture":"#0","tintindex":0},"east":{"uv":[9.125,8.125,10.125,8.25],"rotation":0,"texture":"#0","tintindex":0},"north":{"uv":[10.0,9.625,10.5,9.75],"rotation":0,"texture":"#0","tintindex":0},"south":{"uv":[10.125,2.375,10.625,2.5],"rotation":0,"texture":"#0","tintindex":0},"up":{"uv":[7.5,6.125,7.0,5.125],"rotation":0,"texture":"#0","tintindex":0},"west":{"uv":[9.375,2.0,10.375,2.125],"rotation":0,"texture":"#0","tintindex":0}}},{"name":"körper","from":[6.6590776,6.043274,5.7044],"to":[8.819677,6.498374,10.3556],"rotation":{"angle":22.5,"axis":"z","origin":[7.716878,5.805824,8.030001]},"faces":{"down":{"uv":[4.375,7.375,3.875,8.375],"rotation":0,"texture":"#0","tintindex":0},"east":{"uv":[9.375,4.25,10.375,4.375],"rotation":0,"texture":"#0","tintindex":0},"north":{"uv":[10.125,4.0,10.625,4.125],"rotation":0,"texture":"#0","tintindex":0},"south":{"uv":[10.125,4.125,10.625,4.25],"rotation":0,"texture":"#0","tintindex":0},"up":{"uv":[7.5,8.125,7.0,7.125],"rotation":0,"texture":"#0","tintindex":0},"west":{"uv":[9.375,7.625,10.375,7.75],"rotation":0,"texture":"#0","tintindex":0}}}],"display":{"head":{"translation":[0.0,-6.4,0.0],"rotation":[0.0,0.0,0.0],"scale":[3.8095,3.8095,3.8095]}}}