{"textures":{"0":"modelengine:entity/sky"},"elements":[{"from":[6.574994,9.226011,7.850126],"to":[7.3506856,9.32412,8.080074],"rotation":{"angle":22.5,"axis":"z","origin":[7.0035887,9.661909,7.9712286]},"faces":{"east":{"uv":[9.25,10.625,9.375,10.75],"rotation":0,"texture":"#0","tintindex":0},"south":{"uv":[10.625,9.25,10.75,9.375],"rotation":0,"texture":"#0","tintindex":0},"north":{"uv":[10.625,9.125,10.75,9.25],"rotation":0,"texture":"#0","tintindex":0},"west":{"uv":[9.375,10.625,9.5,10.75],"rotation":0,"texture":"#0","tintindex":0},"up":{"uv":[10.75,9.5,10.625,9.375],"rotation":0,"texture":"#0","tintindex":0},"down":{"uv":[9.625,10.625,9.5,10.75],"rotation":0,"texture":"#0","tintindex":0}}},{"from":[6.922103,9.725623,7.8577886],"to":[7.375869,9.977035,8.081606],"rotation":{"angle":-22.5,"axis":"z","origin":[7.0035887,9.661909,7.9712286]},"faces":{"east":{"uv":[9.625,10.625,9.75,10.75],"rotation":0,"texture":"#0","tintindex":0},"south":{"uv":[10.625,9.625,10.75,9.75],"rotation":0,"texture":"#0","tintindex":0},"north":{"uv":[10.625,9.5,10.75,9.625],"rotation":0,"texture":"#0","tintindex":0},"west":{"uv":[9.75,10.625,9.875,10.75],"rotation":0,"texture":"#0","tintindex":0},"up":{"uv":[10.75,9.875,10.625,9.75],"rotation":0,"texture":"#0","tintindex":0},"down":{"uv":[10.0,10.625,9.875,10.75],"rotation":0,"texture":"#0","tintindex":0}}},{"from":[6.6551485,9.290177,7.9191084],"to":[7.062926,9.918703,8.032549],"rotation":{"angle":22.5,"axis":"z","origin":[7.0035887,9.661909,7.9712286]},"faces":{"east":{"uv":[10.0,10.625,10.125,10.75],"rotation":0,"texture":"#0","tintindex":0},"south":{"uv":[10.625,10.0,10.75,10.125],"rotation":0,"texture":"#0","tintindex":0},"north":{"uv":[10.625,9.875,10.75,10.0],"rotation":0,"texture":"#0","tintindex":0},"west":{"uv":[10.125,10.625,10.25,10.75],"rotation":0,"texture":"#0","tintindex":0},"up":{"uv":[10.75,10.25,10.625,10.125],"rotation":0,"texture":"#0","tintindex":0},"down":{"uv":[10.375,10.625,10.25,10.75],"rotation":0,"texture":"#0","tintindex":0}}},{"from":[6.5834,9.765812,7.8961143],"to":[7.0371656,9.955903,8.058612],"rotation":{"angle":0.0,"axis":"y","origin":[7.0035887,9.661909,7.9712286]},"faces":{"east":{"uv":[10.375,10.625,10.5,10.75],"rotation":0,"texture":"#0","tintindex":0},"south":{"uv":[10.625,10.375,10.75,10.5],"rotation":0,"texture":"#0","tintindex":0},"north":{"uv":[10.625,10.25,10.75,10.375],"rotation":0,"texture":"#0","tintindex":0},"west":{"uv":[10.5,10.625,10.625,10.75],"rotation":0,"texture":"#0","tintindex":0},"up":{"uv":[10.75,10.625,10.625,10.5],"rotation":0,"texture":"#0","tintindex":0},"down":{"uv":[10.75,10.625,10.625,10.75],"rotation":0,"texture":"#0","tintindex":0}}},{"from":[7.1574516,8.869217,7.8271313],"to":[7.4395256,9.457486,8.112263],"rotation":{"angle":45.0,"axis":"z","origin":[7.0035887,9.661909,7.9712286]},"faces":{"east":{"uv":[10.75,0.0,10.875,0.125],"rotation":0,"texture":"#0","tintindex":0},"south":{"uv":[0.125,10.75,0.25,10.875],"rotation":0,"texture":"#0","tintindex":0},"north":{"uv":[0.0,10.75,0.125,10.875],"rotation":0,"texture":"#0","tintindex":0},"west":{"uv":[10.75,0.125,10.875,0.25],"rotation":0,"texture":"#0","tintindex":0},"up":{"uv":[0.375,10.875,0.25,10.75],"rotation":0,"texture":"#0","tintindex":0},"down":{"uv":[10.875,0.25,10.75,0.375],"rotation":0,"texture":"#0","tintindex":0}}},{"from":[6.991023,9.320011,7.8838515],"to":[7.306817,9.764577,8.058612],"rotation":{"angle":22.5,"axis":"z","origin":[7.0035887,9.661909,7.9712286]},"faces":{"east":{"uv":[10.75,0.375,10.875,0.5],"rotation":0,"texture":"#0","tintindex":0},"south":{"uv":[0.5,10.75,0.625,10.875],"rotation":0,"texture":"#0","tintindex":0},"north":{"uv":[0.375,10.75,0.5,10.875],"rotation":0,"texture":"#0","tintindex":0},"west":{"uv":[10.75,0.5,10.875,0.625],"rotation":0,"texture":"#0","tintindex":0},"up":{"uv":[0.75,10.875,0.625,10.75],"rotation":0,"texture":"#0","tintindex":0},"down":{"uv":[10.875,0.625,10.75,0.75],"rotation":0,"texture":"#0","tintindex":0}}},{"from":[6.296983,9.796469,7.9267774],"to":[6.607931,9.92524,8.027948],"rotation":{"angle":0.0,"axis":"y","origin":[7.0035887,9.661909,7.9712286]},"faces":{"east":{"uv":[10.75,0.75,10.875,0.875],"rotation":0,"texture":"#0","tintindex":0},"south":{"uv":[0.875,10.75,1.0,10.875],"rotation":0,"texture":"#0","tintindex":0},"north":{"uv":[0.75,10.75,0.875,10.875],"rotation":0,"texture":"#0","tintindex":0},"west":{"uv":[10.75,0.875,10.875,1.0],"rotation":0,"texture":"#0","tintindex":0},"up":{"uv":[1.125,10.875,1.0,10.75],"rotation":0,"texture":"#0","tintindex":0},"down":{"uv":[10.875,1.0,10.75,1.125],"rotation":0,"texture":"#0","tintindex":0}}},{"from":[6.643154,9.373245,7.9497714],"to":[6.805651,10.216383,8.001891],"rotation":{"angle":45.0,"axis":"z","origin":[7.0035887,9.661909,7.9712286]},"faces":{"east":{"uv":[10.75,1.125,10.875,1.25],"rotation":0,"texture":"#0","tintindex":0},"south":{"uv":[1.25,10.75,1.375,10.875],"rotation":0,"texture":"#0","tintindex":0},"north":{"uv":[1.125,10.75,1.25,10.875],"rotation":0,"texture":"#0","tintindex":0},"west":{"uv":[10.75,1.25,10.875,1.375],"rotation":0,"texture":"#0","tintindex":0},"up":{"uv":[1.5,10.875,1.375,10.75],"rotation":0,"texture":"#0","tintindex":0},"down":{"uv":[10.875,1.375,10.75,1.5],"rotation":0,"texture":"#0","tintindex":0}}},{"from":[6.530714,8.259286,6.6425714],"to":[8.440714,9.469286,9.300285],"rotation":{"angle":22.5,"axis":"z","origin":[8.0,8.0,8.0]},"faces":{"east":{"uv":[9.125,5.625,9.75,5.875],"rotation":0,"texture":"#0","tintindex":0},"south":{"uv":[1.875,9.875,2.25,10.125],"rotation":0,"texture":"#0","tintindex":0},"north":{"uv":[0.375,9.875,0.75,10.125],"rotation":0,"texture":"#0","tintindex":0},"west":{"uv":[9.125,5.875,9.75,6.125],"rotation":0,"texture":"#0","tintindex":0},"up":{"uv":[1.5,9.25,1.125,8.625],"rotation":0,"texture":"#0","tintindex":0},"down":{"uv":[1.875,8.625,1.5,9.25],"rotation":0,"texture":"#0","tintindex":0}}},{"from":[6.245,6.3735714,6.3568573],"to":[8.955,9.240714,9.643143],"rotation":{"angle":22.5,"axis":"z","origin":[8.0,8.0,8.0]},"faces":{"east":{"uv":[7.75,0.0,8.5,0.625],"rotation":0,"texture":"#0","tintindex":0},"south":{"uv":[8.25,1.25,8.875,1.875],"rotation":0,"texture":"#0","tintindex":0},"north":{"uv":[8.125,7.875,8.75,8.5],"rotation":0,"texture":"#0","tintindex":0},"west":{"uv":[7.75,0.625,8.5,1.25],"rotation":0,"texture":"#0","tintindex":0},"up":{"uv":[8.375,4.375,7.75,3.625],"rotation":0,"texture":"#0","tintindex":0},"down":{"uv":[8.125,7.75,7.5,8.5],"rotation":0,"texture":"#0","tintindex":0}}},{"from":[6.3735714,6.1164284,6.4854283],"to":[8.612143,6.669286,9.514571],"rotation":{"angle":22.5,"axis":"z","origin":[8.0,8.0,8.0]},"faces":{"east":{"uv":[9.875,3.375,10.5,3.5],"rotation":0,"texture":"#0","tintindex":0},"south":{"uv":[9.875,0.25,10.625,0.375],"rotation":0,"texture":"#0","tintindex":0},"north":{"uv":[9.75,6.0,10.5,6.125],"rotation":0,"texture":"#0","tintindex":0},"west":{"uv":[9.875,4.375,10.5,4.5],"rotation":0,"texture":"#0","tintindex":0},"up":{"uv":[2.75,8.5,2.0,7.875],"rotation":0,"texture":"#0","tintindex":0},"down":{"uv":[5.125,7.875,4.375,8.5],"rotation":0,"texture":"#0","tintindex":0}}}],"display":{"head":{"translation":[0.0,-6.4,0.0],"scale":[4.0,4.0,4.0]}}}