{"textures":{"0":"modelengine:entity/sky"},"elements":[{"from":[6.570905,9.7911005,7.924995],"to":[6.8493853,9.826323,8.007548],"rotation":{"angle":-22.5,"axis":"z","origin":[6.7301946,9.949004,7.968473]},"faces":{"east":{"uv":[3.25,10.625,3.375,10.75],"rotation":0,"texture":"#0","tintindex":0},"south":{"uv":[10.625,3.25,10.75,3.375],"rotation":0,"texture":"#0","tintindex":0},"north":{"uv":[10.625,3.125,10.75,3.25],"rotation":0,"texture":"#0","tintindex":0},"west":{"uv":[3.375,10.625,3.5,10.75],"rotation":0,"texture":"#0","tintindex":0},"up":{"uv":[10.75,3.5,10.625,3.375],"rotation":0,"texture":"#0","tintindex":0},"down":{"uv":[3.625,10.625,3.5,10.75],"rotation":0,"texture":"#0","tintindex":0}}},{"from":[6.748237,9.818186,7.927746],"to":[6.838496,9.981092,8.008099],"rotation":{"angle":22.5,"axis":"z","origin":[6.7301946,9.949004,7.968473]},"faces":{"east":{"uv":[3.625,10.625,3.75,10.75],"rotation":0,"texture":"#0","tintindex":0},"south":{"uv":[10.625,3.625,10.75,3.75],"rotation":0,"texture":"#0","tintindex":0},"north":{"uv":[10.625,3.5,10.75,3.625],"rotation":0,"texture":"#0","tintindex":0},"west":{"uv":[3.75,10.625,3.875,10.75],"rotation":0,"texture":"#0","tintindex":0},"up":{"uv":[10.75,3.875,10.625,3.75],"rotation":0,"texture":"#0","tintindex":0},"down":{"uv":[4.0,10.625,3.875,10.75],"rotation":0,"texture":"#0","tintindex":0}}},{"from":[6.599681,9.8141365,7.9497604],"to":[6.746077,10.0397835,7.990486],"rotation":{"angle":-22.5,"axis":"z","origin":[6.7301946,9.949004,7.968473]},"faces":{"east":{"uv":[4.0,10.625,4.125,10.75],"rotation":0,"texture":"#0","tintindex":0},"south":{"uv":[10.625,4.0,10.75,4.125],"rotation":0,"texture":"#0","tintindex":0},"north":{"uv":[10.625,3.875,10.75,4.0],"rotation":0,"texture":"#0","tintindex":0},"west":{"uv":[4.125,10.625,4.25,10.75],"rotation":0,"texture":"#0","tintindex":0},"up":{"uv":[10.75,4.25,10.625,4.125],"rotation":0,"texture":"#0","tintindex":0},"down":{"uv":[4.375,10.625,4.25,10.75],"rotation":0,"texture":"#0","tintindex":0}}},{"from":[6.574876,9.982927,7.941505],"to":[6.737782,10.051171,7.999843],"rotation":{"angle":-45.0,"axis":"z","origin":[6.7301946,9.949004,7.968473]},"faces":{"east":{"uv":[4.375,10.625,4.5,10.75],"rotation":0,"texture":"#0","tintindex":0},"south":{"uv":[10.625,4.375,10.75,4.5],"rotation":0,"texture":"#0","tintindex":0},"north":{"uv":[10.625,4.25,10.75,4.375],"rotation":0,"texture":"#0","tintindex":0},"west":{"uv":[4.5,10.625,4.625,10.75],"rotation":0,"texture":"#0","tintindex":0},"up":{"uv":[10.75,4.625,10.625,4.5],"rotation":0,"texture":"#0","tintindex":0},"down":{"uv":[4.75,10.625,4.625,10.75],"rotation":0,"texture":"#0","tintindex":0}}},{"from":[6.779885,9.66519,7.9167395],"to":[6.881152,9.876384,8.019104],"rotation":{"angle":0.0,"axis":"y","origin":[6.7301946,9.949004,7.968473]},"faces":{"east":{"uv":[4.75,10.625,4.875,10.75],"rotation":0,"texture":"#0","tintindex":0},"south":{"uv":[10.625,4.75,10.75,4.875],"rotation":0,"texture":"#0","tintindex":0},"north":{"uv":[10.625,4.625,10.75,4.75],"rotation":0,"texture":"#0","tintindex":0},"west":{"uv":[4.875,10.625,5.0,10.75],"rotation":0,"texture":"#0","tintindex":0},"up":{"uv":[10.75,5.0,10.625,4.875],"rotation":0,"texture":"#0","tintindex":0},"down":{"uv":[5.125,10.625,5.0,10.75],"rotation":0,"texture":"#0","tintindex":0}}},{"from":[6.720263,9.824847,7.937103],"to":[6.8336363,9.98445,7.999843],"rotation":{"angle":-22.5,"axis":"z","origin":[6.7301946,9.949004,7.968473]},"faces":{"east":{"uv":[5.125,10.625,5.25,10.75],"rotation":0,"texture":"#0","tintindex":0},"south":{"uv":[10.625,5.125,10.75,5.25],"rotation":0,"texture":"#0","tintindex":0},"north":{"uv":[10.625,5.0,10.75,5.125],"rotation":0,"texture":"#0","tintindex":0},"west":{"uv":[5.25,10.625,5.375,10.75],"rotation":0,"texture":"#0","tintindex":0},"up":{"uv":[10.75,5.375,10.625,5.25],"rotation":0,"texture":"#0","tintindex":0},"down":{"uv":[5.5,10.625,5.375,10.75],"rotation":0,"texture":"#0","tintindex":0}}},{"from":[6.472049,9.993933,7.952513],"to":[6.583683,10.040163,7.988835],"rotation":{"angle":-45.0,"axis":"z","origin":[6.7301946,9.949004,7.968473]},"faces":{"east":{"uv":[5.5,10.625,5.625,10.75],"rotation":0,"texture":"#0","tintindex":0},"south":{"uv":[10.625,5.5,10.75,5.625],"rotation":0,"texture":"#0","tintindex":0},"north":{"uv":[10.625,5.375,10.75,5.5],"rotation":0,"texture":"#0","tintindex":0},"west":{"uv":[5.625,10.625,5.75,10.75],"rotation":0,"texture":"#0","tintindex":0},"up":{"uv":[10.75,5.75,10.625,5.625],"rotation":0,"texture":"#0","tintindex":0},"down":{"uv":[5.875,10.625,5.75,10.75],"rotation":0,"texture":"#0","tintindex":0}}},{"from":[6.5952473,9.846141,7.9607687],"to":[6.6535854,10.148835,7.9794803],"rotation":{"angle":0.0,"axis":"y","origin":[6.7301946,9.949004,7.968473]},"faces":{"east":{"uv":[5.875,10.625,6.0,10.75],"rotation":0,"texture":"#0","tintindex":0},"south":{"uv":[10.625,5.875,10.75,6.0],"rotation":0,"texture":"#0","tintindex":0},"north":{"uv":[10.625,5.75,10.75,5.875],"rotation":0,"texture":"#0","tintindex":0},"west":{"uv":[6.0,10.625,6.125,10.75],"rotation":0,"texture":"#0","tintindex":0},"up":{"uv":[10.75,6.125,10.625,6.0],"rotation":0,"texture":"#0","tintindex":0},"down":{"uv":[6.25,10.625,6.125,10.75],"rotation":0,"texture":"#0","tintindex":0}}},{"from":[5.5878572,9.059286,7.306857],"to":[6.629286,9.169286,8.693143],"rotation":{"angle":-22.5,"axis":"z","origin":[8.0,8.0,8.0]},"faces":{"east":{"uv":[10.375,5.125,10.625,5.25],"rotation":0,"texture":"#0","tintindex":0},"south":{"uv":[10.375,5.25,10.625,5.375],"rotation":0,"texture":"#0","tintindex":0},"north":{"uv":[5.125,10.375,5.375,10.5],"rotation":0,"texture":"#0","tintindex":0},"west":{"uv":[5.375,10.375,5.625,10.5],"rotation":0,"texture":"#0","tintindex":0},"up":{"uv":[9.625,10.375,9.375,10.125],"rotation":0,"texture":"#0","tintindex":0},"down":{"uv":[10.375,9.75,10.125,10.0],"rotation":0,"texture":"#0","tintindex":0}}},{"from":[5.4735713,7.402143,7.1925716],"to":[7.5435715,9.112143,8.807428],"rotation":{"angle":-22.5,"axis":"z","origin":[8.0,8.0,8.0]},"faces":{"east":{"uv":[3.375,9.5,3.75,9.875],"rotation":0,"texture":"#0","tintindex":0},"south":{"uv":[3.125,9.125,3.625,9.5],"rotation":0,"texture":"#0","tintindex":0},"north":{"uv":[9.125,2.875,9.625,3.25],"rotation":0,"texture":"#0","tintindex":0},"west":{"uv":[4.375,9.5,4.75,9.875],"rotation":0,"texture":"#0","tintindex":0},"up":{"uv":[9.625,3.625,9.125,3.25],"rotation":0,"texture":"#0","tintindex":0},"down":{"uv":[4.875,9.125,4.375,9.5],"rotation":0,"texture":"#0","tintindex":0}}}],"display":{"head":{"translation":[0.0,-6.4,0.0],"scale":[4.0,4.0,4.0]}}}