{"textures":{"0":"modelengine:entity/sky"},"elements":[{"name":"cube","from":[7.2200346,9.603977,8.299382],"to":[7.5475273,9.645397,8.396464],"rotation":{"angle":0.0,"axis":"x","origin":[7.3888617,9.753265,8.350512]},"faces":{"down":{"uv":[10.625,7.625,10.5,7.75],"rotation":0,"texture":"#0","tintindex":0},"east":{"uv":[7.375,10.5,7.5,10.625],"rotation":0,"texture":"#0","tintindex":0},"north":{"uv":[7.25,10.5,7.375,10.625],"rotation":0,"texture":"#0","tintindex":0},"south":{"uv":[7.5,10.5,7.625,10.625],"rotation":0,"texture":"#0","tintindex":0},"up":{"uv":[7.75,10.625,7.625,10.5],"rotation":0,"texture":"#0","tintindex":0},"west":{"uv":[10.5,7.5,10.625,7.625],"rotation":0,"texture":"#0","tintindex":0}}},{"name":"cube","from":[7.338463,9.813307,8.302617],"to":[7.5300403,9.919451,8.397111],"rotation":{"angle":-45.0,"axis":"z","origin":[7.3888617,9.753265,8.350512]},"faces":{"down":{"uv":[10.625,8.0,10.5,8.125],"rotation":0,"texture":"#0","tintindex":0},"east":{"uv":[10.5,7.75,10.625,7.875],"rotation":0,"texture":"#0","tintindex":0},"north":{"uv":[7.75,10.5,7.875,10.625],"rotation":0,"texture":"#0","tintindex":0},"south":{"uv":[7.875,10.5,8.0,10.625],"rotation":0,"texture":"#0","tintindex":0},"up":{"uv":[8.125,10.625,8.0,10.5],"rotation":0,"texture":"#0","tintindex":0},"west":{"uv":[10.5,7.875,10.625,8.0],"rotation":0,"texture":"#0","tintindex":0}}},{"name":"cube","from":[7.2538757,9.631067,8.328506],"to":[7.4260364,9.896427,8.3764],"rotation":{"angle":0.0,"axis":"x","origin":[7.3888617,9.753265,8.350512]},"faces":{"down":{"uv":[8.625,10.5,8.5,10.625],"rotation":0,"texture":"#0","tintindex":0},"east":{"uv":[8.25,10.5,8.375,10.625],"rotation":0,"texture":"#0","tintindex":0},"north":{"uv":[8.125,10.5,8.25,10.625],"rotation":0,"texture":"#0","tintindex":0},"south":{"uv":[10.5,8.25,10.625,8.375],"rotation":0,"texture":"#0","tintindex":0},"up":{"uv":[10.625,8.5,10.5,8.375],"rotation":0,"texture":"#0","tintindex":0},"west":{"uv":[8.375,10.5,8.5,10.625],"rotation":0,"texture":"#0","tintindex":0}}},{"name":"cube","from":[7.2093644,9.833872,8.318798],"to":[7.400942,9.914127,8.3874035],"rotation":{"angle":-22.5,"axis":"z","origin":[7.3888617,9.753265,8.350512]},"faces":{"down":{"uv":[9.0,10.5,8.875,10.625],"rotation":0,"texture":"#0","tintindex":0},"east":{"uv":[8.625,10.5,8.75,10.625],"rotation":0,"texture":"#0","tintindex":0},"north":{"uv":[10.5,8.5,10.625,8.625],"rotation":0,"texture":"#0","tintindex":0},"south":{"uv":[10.5,8.625,10.625,8.75],"rotation":0,"texture":"#0","tintindex":0},"up":{"uv":[10.625,8.875,10.5,8.75],"rotation":0,"texture":"#0","tintindex":0},"west":{"uv":[8.75,10.5,8.875,10.625],"rotation":0,"texture":"#0","tintindex":0}}},{"name":"cube","from":[7.478318,9.446056,8.289674],"to":[7.597409,9.69442,8.410054],"rotation":{"angle":22.5,"axis":"z","origin":[7.3888617,9.753265,8.350512]},"faces":{"down":{"uv":[9.625,10.5,9.5,10.625],"rotation":0,"texture":"#0","tintindex":0},"east":{"uv":[9.0,10.5,9.125,10.625],"rotation":0,"texture":"#0","tintindex":0},"north":{"uv":[10.5,8.875,10.625,9.0],"rotation":0,"texture":"#0","tintindex":0},"south":{"uv":[9.125,10.5,9.25,10.625],"rotation":0,"texture":"#0","tintindex":0},"up":{"uv":[9.5,10.625,9.375,10.5],"rotation":0,"texture":"#0","tintindex":0},"west":{"uv":[9.25,10.5,9.375,10.625],"rotation":0,"texture":"#0","tintindex":0}}},{"name":"cube","from":[7.39568,9.643663,8.313621],"to":[7.5290065,9.831356,8.3874035],"rotation":{"angle":0.0,"axis":"x","origin":[7.3888617,9.753265,8.350512]},"faces":{"down":{"uv":[10.625,9.875,10.5,10.0],"rotation":0,"texture":"#0","tintindex":0},"east":{"uv":[10.5,9.625,10.625,9.75],"rotation":0,"texture":"#0","tintindex":0},"north":{"uv":[9.625,10.5,9.75,10.625],"rotation":0,"texture":"#0","tintindex":0},"south":{"uv":[9.75,10.5,9.875,10.625],"rotation":0,"texture":"#0","tintindex":0},"up":{"uv":[10.0,10.625,9.875,10.5],"rotation":0,"texture":"#0","tintindex":0},"west":{"uv":[10.5,9.75,10.625,9.875],"rotation":0,"texture":"#0","tintindex":0}}},{"name":"cube","from":[7.08844,9.846815,8.331743],"to":[7.2197213,9.901182,8.374457],"rotation":{"angle":-22.5,"axis":"z","origin":[7.3888617,9.753265,8.350512]},"faces":{"down":{"uv":[10.625,10.25,10.5,10.375],"rotation":0,"texture":"#0","tintindex":0},"east":{"uv":[10.5,10.0,10.625,10.125],"rotation":0,"texture":"#0","tintindex":0},"north":{"uv":[10.0,10.5,10.125,10.625],"rotation":0,"texture":"#0","tintindex":0},"south":{"uv":[10.125,10.5,10.25,10.625],"rotation":0,"texture":"#0","tintindex":0},"up":{"uv":[10.375,10.625,10.25,10.5],"rotation":0,"texture":"#0","tintindex":0},"west":{"uv":[10.5,10.125,10.625,10.25],"rotation":0,"texture":"#0","tintindex":0}}},{"name":"cube","from":[7.2611847,9.6588545,8.341452],"to":[7.3297906,10.014822,8.363457],"rotation":{"angle":22.5,"axis":"z","origin":[7.3888617,9.753265,8.350512]},"faces":{"down":{"uv":[0.25,10.625,0.125,10.75],"rotation":0,"texture":"#0","tintindex":0},"east":{"uv":[10.5,10.375,10.625,10.5],"rotation":0,"texture":"#0","tintindex":0},"north":{"uv":[10.375,10.5,10.5,10.625],"rotation":0,"texture":"#0","tintindex":0},"south":{"uv":[10.5,10.5,10.625,10.625],"rotation":0,"texture":"#0","tintindex":0},"up":{"uv":[10.75,0.125,10.625,0.0],"rotation":0,"texture":"#0","tintindex":0},"west":{"uv":[0.0,10.625,0.125,10.75],"rotation":0,"texture":"#0","tintindex":0}}},{"name":"tail","from":[6.679448,9.461468,7.3922],"to":[8.264948,9.591969,9.3578],"rotation":{"angle":0.0,"axis":"x","origin":[7.734698,7.966718,8.405001]},"faces":{"down":{"uv":[2.25,9.5,1.875,9.875],"rotation":0,"texture":"#0","tintindex":0},"east":{"uv":[10.25,9.0,10.625,9.125],"rotation":0,"texture":"#0","tintindex":0},"north":{"uv":[9.0,10.25,9.375,10.375],"rotation":0,"texture":"#0","tintindex":0},"south":{"uv":[10.25,9.375,10.625,9.5],"rotation":0,"texture":"#0","tintindex":0},"up":{"uv":[0.75,9.875,0.375,9.5],"rotation":0,"texture":"#0","tintindex":0},"west":{"uv":[10.25,9.5,10.625,9.625],"rotation":0,"texture":"#0","tintindex":0}}},{"name":"tail","from":[6.499448,7.0014677,7.1521997],"to":[9.3749485,9.471968,9.6578],"rotation":{"angle":0.0,"axis":"x","origin":[7.734698,7.966718,8.405001]},"faces":{"down":{"uv":[8.875,6.0,8.25,6.5],"rotation":0,"texture":"#0","tintindex":0},"east":{"uv":[4.375,7.375,4.875,7.875],"rotation":0,"texture":"#0","tintindex":0},"north":{"uv":[8.25,5.0,8.875,5.5],"rotation":0,"texture":"#0","tintindex":0},"south":{"uv":[5.5,8.25,6.125,8.75],"rotation":0,"texture":"#0","tintindex":0},"up":{"uv":[8.875,6.0,8.25,5.5],"rotation":0,"texture":"#0","tintindex":0},"west":{"uv":[3.875,8.375,4.375,8.875],"rotation":0,"texture":"#0","tintindex":0}}},{"name":"tail","from":[6.6837497,6.7647495,7.2872],"to":[9.27425,7.15625,9.5768],"rotation":{"angle":0.0,"axis":"x","origin":[8.0,8.0,8.0]},"faces":{"down":{"uv":[8.875,6.5,8.25,7.0],"rotation":0,"texture":"#0","tintindex":0},"east":{"uv":[10.125,9.125,10.625,9.25],"rotation":0,"texture":"#0","tintindex":0},"north":{"uv":[9.875,4.5,10.5,4.625],"rotation":0,"texture":"#0","tintindex":0},"south":{"uv":[9.875,4.625,10.5,4.75],"rotation":0,"texture":"#0","tintindex":0},"up":{"uv":[6.75,8.75,6.125,8.25],"rotation":0,"texture":"#0","tintindex":0},"west":{"uv":[10.125,9.25,10.625,9.375],"rotation":0,"texture":"#0","tintindex":0}}}],"display":{"head":{"translation":[0.0,-6.4,0.0],"rotation":[0.0,0.0,0.0],"scale":[3.8095,3.8095,3.8095]}}}