{"textures":{"0":"modelengine:entity/sky"},"elements":[{"name":"cube","from":[6.5037436,9.287312,7.842632],"to":[7.31822,9.390326,8.084078],"rotation":{"angle":22.5,"axis":"z","origin":[6.953768,9.745005,7.96979]},"faces":{"down":{"uv":[9.625,10.625,9.5,10.75],"rotation":0,"texture":"#0","tintindex":0},"east":{"uv":[9.25,10.625,9.375,10.75],"rotation":0,"texture":"#0","tintindex":0},"north":{"uv":[10.625,9.125,10.75,9.25],"rotation":0,"texture":"#0","tintindex":0},"south":{"uv":[10.625,9.25,10.75,9.375],"rotation":0,"texture":"#0","tintindex":0},"up":{"uv":[10.75,9.5,10.625,9.375],"rotation":0,"texture":"#0","tintindex":0},"west":{"uv":[9.375,10.625,9.5,10.75],"rotation":0,"texture":"#0","tintindex":0}}},{"name":"cube","from":[6.868208,9.811905,7.850678],"to":[7.3446617,10.075886,8.085686],"rotation":{"angle":-22.5,"axis":"z","origin":[6.953768,9.745005,7.96979]},"faces":{"down":{"uv":[10.0,10.625,9.875,10.75],"rotation":0,"texture":"#0","tintindex":0},"east":{"uv":[9.625,10.625,9.75,10.75],"rotation":0,"texture":"#0","tintindex":0},"north":{"uv":[10.625,9.5,10.75,9.625],"rotation":0,"texture":"#0","tintindex":0},"south":{"uv":[10.625,9.625,10.75,9.75],"rotation":0,"texture":"#0","tintindex":0},"up":{"uv":[10.75,9.875,10.625,9.75],"rotation":0,"texture":"#0","tintindex":0},"west":{"uv":[9.75,10.625,9.875,10.75],"rotation":0,"texture":"#0","tintindex":0}}},{"name":"cube","from":[6.587906,9.354687,7.915064],"to":[7.016072,10.014638,8.034176],"rotation":{"angle":22.5,"axis":"z","origin":[6.953768,9.745005,7.96979]},"faces":{"down":{"uv":[10.375,10.625,10.25,10.75],"rotation":0,"texture":"#0","tintindex":0},"east":{"uv":[10.0,10.625,10.125,10.75],"rotation":0,"texture":"#0","tintindex":0},"north":{"uv":[10.625,9.875,10.75,10.0],"rotation":0,"texture":"#0","tintindex":0},"south":{"uv":[10.625,10.0,10.75,10.125],"rotation":0,"texture":"#0","tintindex":0},"up":{"uv":[10.75,10.25,10.625,10.125],"rotation":0,"texture":"#0","tintindex":0},"west":{"uv":[10.125,10.625,10.25,10.75],"rotation":0,"texture":"#0","tintindex":0}}},{"name":"cube","from":[6.51257,9.854102,7.89092],"to":[6.9890237,10.053699,8.061542],"rotation":{"angle":0.0,"axis":"x","origin":[6.953768,9.745005,7.96979]},"faces":{"down":{"uv":[10.75,10.625,10.625,10.75],"rotation":0,"texture":"#0","tintindex":0},"east":{"uv":[10.375,10.625,10.5,10.75],"rotation":0,"texture":"#0","tintindex":0},"north":{"uv":[10.625,10.25,10.75,10.375],"rotation":0,"texture":"#0","tintindex":0},"south":{"uv":[10.625,10.375,10.75,10.5],"rotation":0,"texture":"#0","tintindex":0},"up":{"uv":[10.75,10.625,10.625,10.5],"rotation":0,"texture":"#0","tintindex":0},"west":{"uv":[10.5,10.625,10.625,10.75],"rotation":0,"texture":"#0","tintindex":0}}},{"name":"cube","from":[7.115324,8.912678,7.818488],"to":[7.411502,9.53036,8.117876],"rotation":{"angle":45.0,"axis":"z","origin":[6.953768,9.745005,7.96979]},"faces":{"down":{"uv":[10.875,0.25,10.75,0.375],"rotation":0,"texture":"#0","tintindex":0},"east":{"uv":[10.75,0.0,10.875,0.125],"rotation":0,"texture":"#0","tintindex":0},"north":{"uv":[0.0,10.75,0.125,10.875],"rotation":0,"texture":"#0","tintindex":0},"south":{"uv":[0.125,10.75,0.25,10.875],"rotation":0,"texture":"#0","tintindex":0},"up":{"uv":[0.375,10.875,0.25,10.75],"rotation":0,"texture":"#0","tintindex":0},"west":{"uv":[10.75,0.125,10.875,0.25],"rotation":0,"texture":"#0","tintindex":0}}},{"name":"cube","from":[6.9405737,9.386013,7.878044],"to":[7.2721577,9.852806,8.061542],"rotation":{"angle":22.5,"axis":"z","origin":[6.953768,9.745005,7.96979]},"faces":{"down":{"uv":[10.875,0.625,10.75,0.75],"rotation":0,"texture":"#0","tintindex":0},"east":{"uv":[10.75,0.375,10.875,0.5],"rotation":0,"texture":"#0","tintindex":0},"north":{"uv":[0.375,10.75,0.5,10.875],"rotation":0,"texture":"#0","tintindex":0},"south":{"uv":[0.5,10.75,0.625,10.875],"rotation":0,"texture":"#0","tintindex":0},"up":{"uv":[0.75,10.875,0.625,10.75],"rotation":0,"texture":"#0","tintindex":0},"west":{"uv":[10.75,0.5,10.875,0.625],"rotation":0,"texture":"#0","tintindex":0}}},{"name":"cube","from":[6.211832,9.8862915,7.923116],"to":[6.5383277,10.021502,8.029346],"rotation":{"angle":0.0,"axis":"x","origin":[6.953768,9.745005,7.96979]},"faces":{"down":{"uv":[10.875,1.0,10.75,1.125],"rotation":0,"texture":"#0","tintindex":0},"east":{"uv":[10.75,0.75,10.875,0.875],"rotation":0,"texture":"#0","tintindex":0},"north":{"uv":[0.75,10.75,0.875,10.875],"rotation":0,"texture":"#0","tintindex":0},"south":{"uv":[0.875,10.75,1.0,10.875],"rotation":0,"texture":"#0","tintindex":0},"up":{"uv":[1.125,10.875,1.0,10.75],"rotation":0,"texture":"#0","tintindex":0},"west":{"uv":[10.75,0.875,10.875,1.0],"rotation":0,"texture":"#0","tintindex":0}}},{"name":"cube","from":[6.575312,9.441908,7.94726],"to":[6.7459335,10.327202,8.001986],"rotation":{"angle":45.0,"axis":"z","origin":[6.953768,9.745005,7.96979]},"faces":{"down":{"uv":[10.875,1.375,10.75,1.5],"rotation":0,"texture":"#0","tintindex":0},"east":{"uv":[10.75,1.125,10.875,1.25],"rotation":0,"texture":"#0","tintindex":0},"north":{"uv":[1.125,10.75,1.25,10.875],"rotation":0,"texture":"#0","tintindex":0},"south":{"uv":[1.25,10.75,1.375,10.875],"rotation":0,"texture":"#0","tintindex":0},"up":{"uv":[1.5,10.875,1.375,10.75],"rotation":0,"texture":"#0","tintindex":0},"west":{"uv":[10.75,1.25,10.875,1.375],"rotation":0,"texture":"#0","tintindex":0}}},{"name":"tail","from":[6.4572496,8.27225,6.5747004],"to":[8.4627495,9.542749,9.3653],"rotation":{"angle":22.5,"axis":"z","origin":[8.0,8.0,8.0]},"faces":{"down":{"uv":[1.875,8.625,1.5,9.25],"rotation":0,"texture":"#0","tintindex":0},"east":{"uv":[9.125,5.625,9.75,5.875],"rotation":0,"texture":"#0","tintindex":0},"north":{"uv":[0.375,9.875,0.75,10.125],"rotation":0,"texture":"#0","tintindex":0},"south":{"uv":[1.875,9.875,2.25,10.125],"rotation":0,"texture":"#0","tintindex":0},"up":{"uv":[1.5,9.25,1.125,8.625],"rotation":0,"texture":"#0","tintindex":0},"west":{"uv":[9.125,5.875,9.75,6.125],"rotation":0,"texture":"#0","tintindex":0}}},{"name":"tail","from":[6.1572495,6.29225,6.2747],"to":[9.002749,9.30275,9.7253],"rotation":{"angle":22.5,"axis":"z","origin":[8.0,8.0,8.0]},"faces":{"down":{"uv":[8.125,7.75,7.5,8.5],"rotation":0,"texture":"#0","tintindex":0},"east":{"uv":[7.75,0.0,8.5,0.625],"rotation":0,"texture":"#0","tintindex":0},"north":{"uv":[8.125,7.875,8.75,8.5],"rotation":0,"texture":"#0","tintindex":0},"south":{"uv":[8.25,1.25,8.875,1.875],"rotation":0,"texture":"#0","tintindex":0},"up":{"uv":[8.375,4.375,7.75,3.625],"rotation":0,"texture":"#0","tintindex":0},"west":{"uv":[7.75,0.625,8.5,1.25],"rotation":0,"texture":"#0","tintindex":0}}},{"name":"tail","from":[6.2922497,6.02225,6.4096994],"to":[8.64275,6.60275,9.5903],"rotation":{"angle":22.5,"axis":"z","origin":[8.0,8.0,8.0]},"faces":{"down":{"uv":[5.125,7.875,4.375,8.5],"rotation":0,"texture":"#0","tintindex":0},"east":{"uv":[9.875,3.375,10.5,3.5],"rotation":0,"texture":"#0","tintindex":0},"north":{"uv":[9.75,6.0,10.5,6.125],"rotation":0,"texture":"#0","tintindex":0},"south":{"uv":[9.875,0.25,10.625,0.375],"rotation":0,"texture":"#0","tintindex":0},"up":{"uv":[2.75,8.5,2.0,7.875],"rotation":0,"texture":"#0","tintindex":0},"west":{"uv":[9.875,4.375,10.5,4.5],"rotation":0,"texture":"#0","tintindex":0}}}],"display":{"head":{"translation":[0.0,-6.4,0.0],"rotation":[0.0,0.0,0.0],"scale":[3.8095,3.8095,3.8095]}}}