{"textures":{"0":"modelengine:entity/sky"},"elements":[{"from":[5.5307083,10.225446,7.82924],"to":[6.608057,10.361709,8.148611],"rotation":{"angle":22.5,"axis":"z","origin":[6.125977,10.830857,7.99744]},"faces":{"east":{"uv":[10.5,3.25,10.625,3.375],"rotation":0,"texture":"#0","tintindex":0},"south":{"uv":[1.375,10.375,1.625,10.5],"rotation":0,"texture":"#0","tintindex":0},"north":{"uv":[1.125,10.375,1.375,10.5],"rotation":0,"texture":"#0","tintindex":0},"west":{"uv":[10.5,3.375,10.625,3.5],"rotation":0,"texture":"#0","tintindex":0},"up":{"uv":[2.125,10.5,1.875,10.375],"rotation":0,"texture":"#0","tintindex":0},"down":{"uv":[10.625,2.0,10.375,2.125],"rotation":0,"texture":"#0","tintindex":0}}},{"from":[6.0127997,10.919349,7.8398857],"to":[6.6430283,11.268526,8.150737],"rotation":{"angle":-22.5,"axis":"z","origin":[6.125977,10.830857,7.99744]},"faces":{"east":{"uv":[10.5,3.875,10.625,4.0],"rotation":0,"texture":"#0","tintindex":0},"south":{"uv":[4.0,10.5,4.125,10.625],"rotation":0,"texture":"#0","tintindex":0},"north":{"uv":[3.875,10.5,4.0,10.625],"rotation":0,"texture":"#0","tintindex":0},"west":{"uv":[4.125,10.5,4.25,10.625],"rotation":0,"texture":"#0","tintindex":0},"up":{"uv":[4.375,10.625,4.25,10.5],"rotation":0,"texture":"#0","tintindex":0},"down":{"uv":[4.5,10.5,4.375,10.625],"rotation":0,"texture":"#0","tintindex":0}}},{"from":[5.642034,10.314566,7.925051],"to":[6.2083883,11.187514,8.082605],"rotation":{"angle":22.5,"axis":"z","origin":[6.125977,10.830857,7.99744]},"faces":{"east":{"uv":[2.125,10.375,2.25,10.625],"rotation":0,"texture":"#0","tintindex":0},"south":{"uv":[10.375,2.125,10.5,2.375],"rotation":0,"texture":"#0","tintindex":0},"north":{"uv":[0.625,10.375,0.75,10.625],"rotation":0,"texture":"#0","tintindex":0},"west":{"uv":[2.25,10.375,2.375,10.625],"rotation":0,"texture":"#0","tintindex":0},"up":{"uv":[10.625,4.5,10.5,4.375],"rotation":0,"texture":"#0","tintindex":0},"down":{"uv":[4.625,10.5,4.5,10.625],"rotation":0,"texture":"#0","tintindex":0}}},{"from":[5.5423827,10.975166,7.893114],"to":[6.172611,11.239183,8.1188],"rotation":{"angle":0.0,"axis":"y","origin":[6.125977,10.830857,7.99744]},"faces":{"east":{"uv":[4.625,10.5,4.75,10.625],"rotation":0,"texture":"#0","tintindex":0},"south":{"uv":[10.5,4.625,10.625,4.75],"rotation":0,"texture":"#0","tintindex":0},"north":{"uv":[10.5,4.5,10.625,4.625],"rotation":0,"texture":"#0","tintindex":0},"west":{"uv":[4.75,10.5,4.875,10.625],"rotation":0,"texture":"#0","tintindex":0},"up":{"uv":[5.0,10.625,4.875,10.5],"rotation":0,"texture":"#0","tintindex":0},"down":{"uv":[5.125,10.5,5.0,10.625],"rotation":0,"texture":"#0","tintindex":0}}},{"from":[6.3396797,9.8013315,7.7973027],"to":[6.73144,10.546937,8.19332],"rotation":{"angle":45.0,"axis":"z","origin":[6.125977,10.830857,7.99744]},"faces":{"east":{"uv":[5.25,10.5,5.375,10.625],"rotation":0,"texture":"#0","tintindex":0},"south":{"uv":[5.375,10.5,5.5,10.625],"rotation":0,"texture":"#0","tintindex":0},"north":{"uv":[5.125,10.5,5.25,10.625],"rotation":0,"texture":"#0","tintindex":0},"west":{"uv":[5.5,10.5,5.625,10.625],"rotation":0,"texture":"#0","tintindex":0},"up":{"uv":[10.625,6.0,10.5,5.875],"rotation":0,"texture":"#0","tintindex":0},"down":{"uv":[10.625,6.0,10.5,6.125],"rotation":0,"texture":"#0","tintindex":0}}},{"from":[6.1085258,10.356006,7.87608],"to":[6.547126,10.973457,8.1188],"rotation":{"angle":22.5,"axis":"z","origin":[6.125977,10.830857,7.99744]},"faces":{"east":{"uv":[10.5,6.375,10.625,6.5],"rotation":0,"texture":"#0","tintindex":0},"south":{"uv":[6.5,10.5,6.625,10.625],"rotation":0,"texture":"#0","tintindex":0},"north":{"uv":[6.375,10.5,6.5,10.625],"rotation":0,"texture":"#0","tintindex":0},"west":{"uv":[10.5,6.5,10.625,6.625],"rotation":0,"texture":"#0","tintindex":0},"up":{"uv":[6.75,10.625,6.625,10.5],"rotation":0,"texture":"#0","tintindex":0},"down":{"uv":[10.625,6.625,10.5,6.75],"rotation":0,"texture":"#0","tintindex":0}}},{"from":[5.144577,11.017749,7.935697],"to":[5.5764513,11.1966,8.076217],"rotation":{"angle":0.0,"axis":"y","origin":[6.125977,10.830857,7.99744]},"faces":{"east":{"uv":[10.5,6.75,10.625,6.875],"rotation":0,"texture":"#0","tintindex":0},"south":{"uv":[6.875,10.5,7.0,10.625],"rotation":0,"texture":"#0","tintindex":0},"north":{"uv":[6.75,10.5,6.875,10.625],"rotation":0,"texture":"#0","tintindex":0},"west":{"uv":[10.5,6.875,10.625,7.0],"rotation":0,"texture":"#0","tintindex":0},"up":{"uv":[7.125,10.625,7.0,10.5],"rotation":0,"texture":"#0","tintindex":0},"down":{"uv":[10.625,7.0,10.5,7.125],"rotation":0,"texture":"#0","tintindex":0}}},{"from":[5.6253767,10.429932,7.967634],"to":[5.851063,11.60096,8.040023],"rotation":{"angle":45.0,"axis":"z","origin":[6.125977,10.830857,7.99744]},"faces":{"east":{"uv":[3.5,10.375,3.625,10.625],"rotation":0,"texture":"#0","tintindex":0},"south":{"uv":[3.625,10.375,3.75,10.625],"rotation":0,"texture":"#0","tintindex":0},"north":{"uv":[3.375,10.375,3.5,10.625],"rotation":0,"texture":"#0","tintindex":0},"west":{"uv":[3.75,10.375,3.875,10.625],"rotation":0,"texture":"#0","tintindex":0},"up":{"uv":[7.25,10.625,7.125,10.5],"rotation":0,"texture":"#0","tintindex":0},"down":{"uv":[10.625,7.125,10.5,7.25],"rotation":0,"texture":"#0","tintindex":0}}},{"from":[5.8091426,6.563857,5.1899996],"to":[10.050858,10.3361435,10.81],"rotation":{"angle":22.5,"axis":"z","origin":[8.0,8.0,8.0]},"faces":{"east":{"uv":[3.75,0.0,5.0,0.875],"rotation":0,"texture":"#0","tintindex":0},"south":{"uv":[6.125,0.0,7.0,0.875],"rotation":0,"texture":"#0","tintindex":0},"north":{"uv":[5.25,6.0,6.125,6.875],"rotation":0,"texture":"#0","tintindex":0},"west":{"uv":[4.125,2.875,5.375,3.75],"rotation":0,"texture":"#0","tintindex":0},"up":{"uv":[2.875,5.0,2.0,3.75],"rotation":0,"texture":"#0","tintindex":0},"down":{"uv":[5.0,3.75,4.125,5.0],"rotation":0,"texture":"#0","tintindex":0}}},{"from":[8.521491,7.140183,5.6422853],"to":[13.536348,8.182183,10.357715],"rotation":{"angle":22.5,"axis":"z","origin":[10.743206,6.8611827,8.0]},"faces":{"east":{"uv":[8.5,0.0,9.5,0.25],"rotation":0,"texture":"#0","tintindex":0},"south":{"uv":[8.375,3.625,9.5,3.875],"rotation":0,"texture":"#0","tintindex":0},"north":{"uv":[8.25,1.875,9.375,2.125],"rotation":0,"texture":"#0","tintindex":0},"west":{"uv":[8.5,0.25,9.5,0.5],"rotation":0,"texture":"#0","tintindex":0},"up":{"uv":[2.0,5.0,0.875,4.0],"rotation":0,"texture":"#0","tintindex":0},"down":{"uv":[5.125,1.875,4.0,2.875],"rotation":0,"texture":"#0","tintindex":0}}},{"from":[6.2377143,10.021,5.7614284],"to":[8.708,10.764714,10.21],"rotation":{"angle":22.5,"axis":"z","origin":[8.0,8.0,8.0]},"faces":{"east":{"uv":[9.125,8.125,10.125,8.25],"rotation":0,"texture":"#0","tintindex":0},"south":{"uv":[10.125,2.375,10.625,2.5],"rotation":0,"texture":"#0","tintindex":0},"north":{"uv":[10.0,9.625,10.5,9.75],"rotation":0,"texture":"#0","tintindex":0},"west":{"uv":[9.375,2.0,10.375,2.125],"rotation":0,"texture":"#0","tintindex":0},"up":{"uv":[7.5,6.125,7.0,5.125],"rotation":0,"texture":"#0","tintindex":0},"down":{"uv":[7.5,6.125,7.0,7.125],"rotation":0,"texture":"#0","tintindex":0}}},{"from":[6.7229314,6.1364512,5.813714],"to":[8.780645,6.56988,10.243429],"rotation":{"angle":22.5,"axis":"z","origin":[7.73036,5.9103084,8.028571]},"faces":{"east":{"uv":[9.375,4.25,10.375,4.375],"rotation":0,"texture":"#0","tintindex":0},"south":{"uv":[10.125,4.125,10.625,4.25],"rotation":0,"texture":"#0","tintindex":0},"north":{"uv":[10.125,4.0,10.625,4.125],"rotation":0,"texture":"#0","tintindex":0},"west":{"uv":[9.375,7.625,10.375,7.75],"rotation":0,"texture":"#0","tintindex":0},"up":{"uv":[7.5,8.125,7.0,7.125],"rotation":0,"texture":"#0","tintindex":0},"down":{"uv":[4.375,7.375,3.875,8.375],"rotation":0,"texture":"#0","tintindex":0}}}],"display":{"head":{"translation":[0.0,-6.4,0.0],"scale":[4.0,4.0,4.0]}}}