{"textures":{"0":"modelengine:entity/sky"},"elements":[{"from":[7.928048,9.433958,7.924995],"to":[8.206529,9.469179,8.007548],"rotation":{"angle":-22.5,"axis":"z","origin":[8.0873375,9.591861,7.968473]},"faces":{"east":{"uv":[0.25,10.625,0.375,10.75],"rotation":0,"texture":"#0","tintindex":0},"south":{"uv":[10.625,0.25,10.75,0.375],"rotation":0,"texture":"#0","tintindex":0},"north":{"uv":[10.625,0.125,10.75,0.25],"rotation":0,"texture":"#0","tintindex":0},"west":{"uv":[0.375,10.625,0.5,10.75],"rotation":0,"texture":"#0","tintindex":0},"up":{"uv":[10.75,0.5,10.625,0.375],"rotation":0,"texture":"#0","tintindex":0},"down":{"uv":[0.625,10.625,0.5,10.75],"rotation":0,"texture":"#0","tintindex":0}}},{"from":[8.10538,9.461043,7.927746],"to":[8.19564,9.623949,8.008099],"rotation":{"angle":22.5,"axis":"z","origin":[8.0873375,9.591861,7.968473]},"faces":{"east":{"uv":[0.625,10.625,0.75,10.75],"rotation":0,"texture":"#0","tintindex":0},"south":{"uv":[10.625,0.625,10.75,0.75],"rotation":0,"texture":"#0","tintindex":0},"north":{"uv":[10.625,0.5,10.75,0.625],"rotation":0,"texture":"#0","tintindex":0},"west":{"uv":[0.75,10.625,0.875,10.75],"rotation":0,"texture":"#0","tintindex":0},"up":{"uv":[10.75,0.875,10.625,0.75],"rotation":0,"texture":"#0","tintindex":0},"down":{"uv":[1.0,10.625,0.875,10.75],"rotation":0,"texture":"#0","tintindex":0}}},{"from":[7.9568243,9.456994,7.9497604],"to":[8.10322,9.68264,7.990486],"rotation":{"angle":-22.5,"axis":"z","origin":[8.0873375,9.591861,7.968473]},"faces":{"east":{"uv":[1.0,10.625,1.125,10.75],"rotation":0,"texture":"#0","tintindex":0},"south":{"uv":[10.625,1.0,10.75,1.125],"rotation":0,"texture":"#0","tintindex":0},"north":{"uv":[10.625,0.875,10.75,1.0],"rotation":0,"texture":"#0","tintindex":0},"west":{"uv":[1.125,10.625,1.25,10.75],"rotation":0,"texture":"#0","tintindex":0},"up":{"uv":[10.75,1.25,10.625,1.125],"rotation":0,"texture":"#0","tintindex":0},"down":{"uv":[1.375,10.625,1.25,10.75],"rotation":0,"texture":"#0","tintindex":0}}},{"from":[7.9320188,9.625784,7.941505],"to":[8.094925,9.694029,7.999843],"rotation":{"angle":-45.0,"axis":"z","origin":[8.0873375,9.591861,7.968473]},"faces":{"east":{"uv":[1.375,10.625,1.5,10.75],"rotation":0,"texture":"#0","tintindex":0},"south":{"uv":[10.625,1.375,10.75,1.5],"rotation":0,"texture":"#0","tintindex":0},"north":{"uv":[10.625,1.25,10.75,1.375],"rotation":0,"texture":"#0","tintindex":0},"west":{"uv":[1.5,10.625,1.625,10.75],"rotation":0,"texture":"#0","tintindex":0},"up":{"uv":[10.75,1.625,10.625,1.5],"rotation":0,"texture":"#0","tintindex":0},"down":{"uv":[1.75,10.625,1.625,10.75],"rotation":0,"texture":"#0","tintindex":0}}},{"from":[8.137028,9.308047,7.9167395],"to":[8.238295,9.519241,8.019104],"rotation":{"angle":0.0,"axis":"y","origin":[8.0873375,9.591861,7.968473]},"faces":{"east":{"uv":[1.75,10.625,1.875,10.75],"rotation":0,"texture":"#0","tintindex":0},"south":{"uv":[10.625,1.75,10.75,1.875],"rotation":0,"texture":"#0","tintindex":0},"north":{"uv":[10.625,1.625,10.75,1.75],"rotation":0,"texture":"#0","tintindex":0},"west":{"uv":[1.875,10.625,2.0,10.75],"rotation":0,"texture":"#0","tintindex":0},"up":{"uv":[10.75,2.0,10.625,1.875],"rotation":0,"texture":"#0","tintindex":0},"down":{"uv":[2.125,10.625,2.0,10.75],"rotation":0,"texture":"#0","tintindex":0}}},{"from":[8.077406,9.467705,7.937103],"to":[8.190779,9.627308,7.999843],"rotation":{"angle":-22.5,"axis":"z","origin":[8.0873375,9.591861,7.968473]},"faces":{"east":{"uv":[2.125,10.625,2.25,10.75],"rotation":0,"texture":"#0","tintindex":0},"south":{"uv":[10.625,2.125,10.75,2.25],"rotation":0,"texture":"#0","tintindex":0},"north":{"uv":[10.625,2.0,10.75,2.125],"rotation":0,"texture":"#0","tintindex":0},"west":{"uv":[2.25,10.625,2.375,10.75],"rotation":0,"texture":"#0","tintindex":0},"up":{"uv":[10.75,2.375,10.625,2.25],"rotation":0,"texture":"#0","tintindex":0},"down":{"uv":[2.5,10.625,2.375,10.75],"rotation":0,"texture":"#0","tintindex":0}}},{"from":[7.829192,9.63679,7.952513],"to":[7.940826,9.683021,7.988835],"rotation":{"angle":-45.0,"axis":"z","origin":[8.0873375,9.591861,7.968473]},"faces":{"east":{"uv":[2.5,10.625,2.625,10.75],"rotation":0,"texture":"#0","tintindex":0},"south":{"uv":[10.625,2.5,10.75,2.625],"rotation":0,"texture":"#0","tintindex":0},"north":{"uv":[10.625,2.375,10.75,2.5],"rotation":0,"texture":"#0","tintindex":0},"west":{"uv":[2.625,10.625,2.75,10.75],"rotation":0,"texture":"#0","tintindex":0},"up":{"uv":[10.75,2.75,10.625,2.625],"rotation":0,"texture":"#0","tintindex":0},"down":{"uv":[2.875,10.625,2.75,10.75],"rotation":0,"texture":"#0","tintindex":0}}},{"from":[7.95239,9.488997,7.9607687],"to":[8.010728,9.791692,7.9794803],"rotation":{"angle":0.0,"axis":"y","origin":[8.0873375,9.591861,7.968473]},"faces":{"east":{"uv":[2.875,10.625,3.0,10.75],"rotation":0,"texture":"#0","tintindex":0},"south":{"uv":[10.625,2.875,10.75,3.0],"rotation":0,"texture":"#0","tintindex":0},"north":{"uv":[10.625,2.75,10.75,2.875],"rotation":0,"texture":"#0","tintindex":0},"west":{"uv":[3.0,10.625,3.125,10.75],"rotation":0,"texture":"#0","tintindex":0},"up":{"uv":[10.75,3.125,10.625,3.0],"rotation":0,"texture":"#0","tintindex":0},"down":{"uv":[3.25,10.625,3.125,10.75],"rotation":0,"texture":"#0","tintindex":0}}},{"from":[6.9021425,9.159286,7.1782856],"to":[8.0578575,9.355,8.821714],"rotation":{"angle":-22.5,"axis":"z","origin":[8.0,8.0,8.0]},"faces":{"east":{"uv":[9.625,10.25,10.0,10.375],"rotation":0,"texture":"#0","tintindex":0},"south":{"uv":[10.375,5.0,10.625,5.125],"rotation":0,"texture":"#0","tintindex":0},"north":{"uv":[10.375,4.875,10.625,5.0],"rotation":0,"texture":"#0","tintindex":0},"west":{"uv":[10.0,10.25,10.375,10.375],"rotation":0,"texture":"#0","tintindex":0},"up":{"uv":[10.125,2.5,9.875,2.125],"rotation":0,"texture":"#0","tintindex":0},"down":{"uv":[2.875,9.875,2.625,10.25],"rotation":0,"texture":"#0","tintindex":0}}},{"from":[6.7592854,7.2735715,7.064],"to":[9.086429,9.240714,8.936],"rotation":{"angle":-22.5,"axis":"z","origin":[8.0,8.0,8.0]},"faces":{"east":{"uv":[2.625,9.5,3.0,9.875],"rotation":0,"texture":"#0","tintindex":0},"south":{"uv":[1.875,9.125,2.375,9.5],"rotation":0,"texture":"#0","tintindex":0},"north":{"uv":[8.625,9.0,9.125,9.375],"rotation":0,"texture":"#0","tintindex":0},"west":{"uv":[3.0,9.5,3.375,9.875],"rotation":0,"texture":"#0","tintindex":0},"up":{"uv":[9.625,2.5,9.125,2.125],"rotation":0,"texture":"#0","tintindex":0},"down":{"uv":[9.625,2.5,9.125,2.875],"rotation":0,"texture":"#0","tintindex":0}}}],"display":{"head":{"translation":[0.0,-6.4,0.0],"scale":[4.0,4.0,4.0]}}}