{"textures":{"0":"modelengine:entity/sky"},"elements":[{"from":[16.10759,16.228554,9.765715],"to":[17.553303,16.411411,10.194286],"rotation":{"angle":0.0,"axis":"y","origin":[8.650446,8.874269,8.454286]},"faces":{"east":{"uv":[10.5,1.0,10.625,1.125],"rotation":0,"texture":"#0","tintindex":0},"south":{"uv":[5.5,10.25,5.875,10.375],"rotation":0,"texture":"#0","tintindex":0},"north":{"uv":[5.125,10.25,5.5,10.375],"rotation":0,"texture":"#0","tintindex":0},"west":{"uv":[1.125,10.5,1.25,10.625],"rotation":0,"texture":"#0","tintindex":0},"up":{"uv":[10.625,5.75,10.25,5.625],"rotation":0,"texture":"#0","tintindex":0},"down":{"uv":[10.625,5.75,10.25,5.875],"rotation":0,"texture":"#0","tintindex":0}}},{"from":[16.638144,16.34911,9.78],"to":[17.106716,17.194824,10.197144],"rotation":{"angle":45.0,"axis":"z","origin":[16.715286,17.50911,10.280001]},"faces":{"east":{"uv":[1.25,10.5,1.375,10.625],"rotation":0,"texture":"#0","tintindex":0},"south":{"uv":[10.5,1.25,10.625,1.375],"rotation":0,"texture":"#0","tintindex":0},"north":{"uv":[10.5,1.125,10.625,1.25],"rotation":0,"texture":"#0","tintindex":0},"west":{"uv":[1.375,10.5,1.5,10.625],"rotation":0,"texture":"#0","tintindex":0},"up":{"uv":[10.625,1.5,10.5,1.375],"rotation":0,"texture":"#0","tintindex":0},"down":{"uv":[1.625,10.5,1.5,10.625],"rotation":0,"texture":"#0","tintindex":0}}},{"from":[16.256977,16.348145,9.894286],"to":[17.016977,17.519573,10.105715],"rotation":{"angle":0.0,"axis":"y","origin":[16.499836,17.051,10.062857]},"faces":{"east":{"uv":[4.625,9.875,4.75,10.125],"rotation":0,"texture":"#0","tintindex":0},"south":{"uv":[6.625,10.0,6.75,10.25],"rotation":0,"texture":"#0","tintindex":0},"north":{"uv":[4.125,9.875,4.25,10.125],"rotation":0,"texture":"#0","tintindex":0},"west":{"uv":[0.625,10.125,0.75,10.375],"rotation":0,"texture":"#0","tintindex":0},"up":{"uv":[10.625,1.625,10.5,1.5],"rotation":0,"texture":"#0","tintindex":0},"down":{"uv":[1.75,10.5,1.625,10.625],"rotation":0,"texture":"#0","tintindex":0}}},{"from":[16.210258,17.244703,9.851429],"to":[17.055973,17.598988,10.154285],"rotation":{"angle":-22.5,"axis":"z","origin":[16.924543,17.264704,10.280001]},"faces":{"east":{"uv":[1.75,10.5,1.875,10.625],"rotation":0,"texture":"#0","tintindex":0},"south":{"uv":[10.5,1.75,10.625,1.875],"rotation":0,"texture":"#0","tintindex":0},"north":{"uv":[10.5,1.625,10.625,1.75],"rotation":0,"texture":"#0","tintindex":0},"west":{"uv":[1.875,10.5,2.0,10.625],"rotation":0,"texture":"#0","tintindex":0},"up":{"uv":[10.625,2.0,10.5,1.875],"rotation":0,"texture":"#0","tintindex":0},"down":{"uv":[2.125,10.5,2.0,10.625],"rotation":0,"texture":"#0","tintindex":0}}},{"from":[17.305874,15.82676,9.722857],"to":[17.831589,16.901047,10.254286],"rotation":{"angle":22.5,"axis":"z","origin":[17.568731,16.87819,10.0742855]},"faces":{"east":{"uv":[4.125,10.125,4.25,10.375],"rotation":0,"texture":"#0","tintindex":0},"south":{"uv":[4.625,10.125,4.75,10.375],"rotation":0,"texture":"#0","tintindex":0},"north":{"uv":[2.125,10.125,2.25,10.375],"rotation":0,"texture":"#0","tintindex":0},"west":{"uv":[0.0,10.375,0.125,10.625],"rotation":0,"texture":"#0","tintindex":0},"up":{"uv":[10.625,2.25,10.5,2.125],"rotation":0,"texture":"#0","tintindex":0},"down":{"uv":[10.625,2.25,10.5,2.375],"rotation":0,"texture":"#0","tintindex":0}}},{"from":[16.882973,16.403755,9.828571],"to":[17.471542,17.232327,10.154285],"rotation":{"angle":0.0,"axis":"y","origin":[16.554401,17.106613,10.211429]},"faces":{"east":{"uv":[2.5,10.5,2.625,10.625],"rotation":0,"texture":"#0","tintindex":0},"south":{"uv":[10.5,2.5,10.625,2.625],"rotation":0,"texture":"#0","tintindex":0},"north":{"uv":[2.375,10.5,2.5,10.625],"rotation":0,"texture":"#0","tintindex":0},"west":{"uv":[2.625,10.5,2.75,10.625],"rotation":0,"texture":"#0","tintindex":0},"up":{"uv":[10.625,2.75,10.5,2.625],"rotation":0,"texture":"#0","tintindex":0},"down":{"uv":[2.875,10.5,2.75,10.625],"rotation":0,"texture":"#0","tintindex":0}}},{"from":[15.830492,17.663822,9.908571],"to":[16.390491,17.903824,10.097143],"rotation":{"angle":-22.5,"axis":"z","origin":[16.08192,17.783825,9.988571]},"faces":{"east":{"uv":[2.875,10.5,3.0,10.625],"rotation":0,"texture":"#0","tintindex":0},"south":{"uv":[10.5,2.875,10.625,3.0],"rotation":0,"texture":"#0","tintindex":0},"north":{"uv":[10.5,2.75,10.625,2.875],"rotation":0,"texture":"#0","tintindex":0},"west":{"uv":[3.0,10.5,3.125,10.625],"rotation":0,"texture":"#0","tintindex":0},"up":{"uv":[10.625,3.125,10.5,3.0],"rotation":0,"texture":"#0","tintindex":0},"down":{"uv":[3.25,10.5,3.125,10.625],"rotation":0,"texture":"#0","tintindex":0}}},{"from":[16.199835,16.348145,9.951428],"to":[16.502693,17.91957,10.048572],"rotation":{"angle":22.5,"axis":"z","origin":[16.499836,17.051,10.062857]},"faces":{"east":{"uv":[1.25,5.75,1.375,6.125],"rotation":0,"texture":"#0","tintindex":0},"south":{"uv":[1.875,8.625,2.0,9.0],"rotation":0,"texture":"#0","tintindex":0},"north":{"uv":[3.875,5.25,4.0,5.625],"rotation":0,"texture":"#0","tintindex":0},"west":{"uv":[2.625,9.125,2.75,9.5],"rotation":0,"texture":"#0","tintindex":0},"up":{"uv":[10.625,3.25,10.5,3.125],"rotation":0,"texture":"#0","tintindex":0},"down":{"uv":[3.375,10.5,3.25,10.625],"rotation":0,"texture":"#0","tintindex":0}}},{"from":[15.3714285,12.228572,6.6571426],"to":[19.085714,16.285715,13.428572],"rotation":{"angle":0.0,"axis":"y","origin":[8.0,8.0,8.0]},"faces":{"east":{"uv":[2.0,1.375,3.5,2.25],"rotation":0,"texture":"#0","tintindex":0},"south":{"uv":[6.125,6.0,7.0,6.875],"rotation":0,"texture":"#0","tintindex":0},"north":{"uv":[1.25,6.125,2.125,7.0],"rotation":0,"texture":"#0","tintindex":0},"west":{"uv":[2.25,0.0,3.75,0.875],"rotation":0,"texture":"#0","tintindex":0},"up":{"uv":[2.875,3.75,2.0,2.25],"rotation":0,"texture":"#0","tintindex":0},"down":{"uv":[0.875,2.875,0.0,4.375],"rotation":0,"texture":"#0","tintindex":0}}},{"from":[15.428572,12.285715,6.542857],"to":[18.957142,15.771429,7.0],"rotation":{"angle":0.0,"axis":"y","origin":[8.0,8.0,8.0]},"faces":{"east":{"uv":[4.25,9.625,4.375,10.375],"rotation":0,"texture":"#0","tintindex":0},"south":{"uv":[7.0,0.0,7.75,0.75],"rotation":0,"texture":"#0","tintindex":0},"north":{"uv":[0.0,7.0,0.75,7.75],"rotation":0,"texture":"#0","tintindex":0},"west":{"uv":[8.0,9.625,8.125,10.375],"rotation":0,"texture":"#0","tintindex":0},"up":{"uv":[10.375,9.0,9.625,8.875],"rotation":0,"texture":"#0","tintindex":0},"down":{"uv":[10.5,0.5,9.75,0.625],"rotation":0,"texture":"#0","tintindex":0}}},{"from":[14.862,12.574572,6.8502855],"to":[20.034,15.902287,13.265715],"rotation":{"angle":0.0,"axis":"y","origin":[9.837143,12.878,13.265715]},"faces":{"east":{"uv":[4.75,0.875,6.125,1.625],"rotation":0,"texture":"#0","tintindex":0},"south":{"uv":[4.125,5.625,5.25,6.375],"rotation":0,"texture":"#0","tintindex":0},"north":{"uv":[5.375,3.0,6.5,3.75],"rotation":0,"texture":"#0","tintindex":0},"west":{"uv":[0.0,5.0,1.375,5.75],"rotation":0,"texture":"#0","tintindex":0},"up":{"uv":[1.125,1.375,0.0,0.0],"rotation":0,"texture":"#0","tintindex":0},"down":{"uv":[2.25,0.0,1.125,1.375],"rotation":0,"texture":"#0","tintindex":0}}},{"from":[15.090571,12.8031435,6.721714],"to":[19.734001,15.616571,13.394285],"rotation":{"angle":0.0,"axis":"y","origin":[9.837143,12.878,13.265715]},"faces":{"east":{"uv":[4.0,5.0,5.5,5.625],"rotation":0,"texture":"#0","tintindex":0},"south":{"uv":[6.75,3.875,7.75,4.5],"rotation":0,"texture":"#0","tintindex":0},"north":{"uv":[6.625,1.625,7.625,2.25],"rotation":0,"texture":"#0","tintindex":0},"west":{"uv":[5.125,1.625,6.625,2.25],"rotation":0,"texture":"#0","tintindex":0},"up":{"uv":[1.0,2.875,0.0,1.375],"rotation":0,"texture":"#0","tintindex":0},"down":{"uv":[2.0,1.375,1.0,2.875],"rotation":0,"texture":"#0","tintindex":0}}},{"from":[15.457144,12.285715,13.257143],"to":[18.900002,16.07143,13.6],"rotation":{"angle":0.0,"axis":"y","origin":[8.0,8.0,8.0]},"faces":{"east":{"uv":[2.0,7.0,2.125,7.875],"rotation":0,"texture":"#0","tintindex":0},"south":{"uv":[3.125,6.75,3.875,7.625],"rotation":0,