{"textures":{"0":"modelengine:entity/sky"},"elements":[{"name":"cube","from":[6.4994497,9.880655,7.921244],"to":[6.791854,9.917639,8.007925],"rotation":{"angle":-22.5,"axis":"z","origin":[6.6667037,10.046454,7.966896]},"faces":{"down":{"uv":[3.625,10.625,3.5,10.75],"rotation":0,"texture":"#0","tintindex":0},"east":{"uv":[3.25,10.625,3.375,10.75],"rotation":0,"texture":"#0","tintindex":0},"north":{"uv":[10.625,3.125,10.75,3.25],"rotation":0,"texture":"#0","tintindex":0},"south":{"uv":[10.625,3.25,10.75,3.375],"rotation":0,"texture":"#0","tintindex":0},"up":{"uv":[10.75,3.5,10.625,3.375],"rotation":0,"texture":"#0","tintindex":0},"west":{"uv":[3.375,10.625,3.5,10.75],"rotation":0,"texture":"#0","tintindex":0}}},{"name":"cube","from":[6.6856494,9.909096,7.9241333],"to":[6.7804213,10.080147,8.008503],"rotation":{"angle":22.5,"axis":"z","origin":[6.6667037,10.046454,7.966896]},"faces":{"down":{"uv":[4.0,10.625,3.875,10.75],"rotation":0,"texture":"#0","tintindex":0},"east":{"uv":[3.625,10.625,3.75,10.75],"rotation":0,"texture":"#0","tintindex":0},"north":{"uv":[10.625,3.5,10.75,3.625],"rotation":0,"texture":"#0","tintindex":0},"south":{"uv":[10.625,3.625,10.75,3.75],"rotation":0,"texture":"#0","tintindex":0},"up":{"uv":[10.75,3.875,10.625,3.75],"rotation":0,"texture":"#0","tintindex":0},"west":{"uv":[3.75,10.625,3.875,10.75],"rotation":0,"texture":"#0","tintindex":0}}},{"name":"cube","from":[6.529665,9.904843,7.947248],"to":[6.68338,10.141772,7.9900103],"rotation":{"angle":-22.5,"axis":"z","origin":[6.6667037,10.046454,7.966896]},"faces":{"down":{"uv":[4.375,10.625,4.25,10.75],"rotation":0,"texture":"#0","tintindex":0},"east":{"uv":[4.0,10.625,4.125,10.75],"rotation":0,"texture":"#0","tintindex":0},"north":{"uv":[10.625,3.875,10.75,4.0],"rotation":0,"texture":"#0","tintindex":0},"south":{"uv":[10.625,4.0,10.75,4.125],"rotation":0,"texture":"#0","tintindex":0},"up":{"uv":[10.75,4.25,10.625,4.125],"rotation":0,"texture":"#0","tintindex":0},"west":{"uv":[4.125,10.625,4.25,10.75],"rotation":0,"texture":"#0","tintindex":0}}},{"name":"cube","from":[6.5036197,10.082073,7.93858],"to":[6.674671,10.15373,7.999835],"rotation":{"angle":-45.0,"axis":"z","origin":[6.6667037,10.046454,7.966896]},"faces":{"down":{"uv":[4.75,10.625,4.625,10.75],"rotation":0,"texture":"#0","tintindex":0},"east":{"uv":[4.375,10.625,4.5,10.75],"rotation":0,"texture":"#0","tintindex":0},"north":{"uv":[10.625,4.25,10.75,4.375],"rotation":0,"texture":"#0","tintindex":0},"south":{"uv":[10.625,4.375,10.75,4.5],"rotation":0,"texture":"#0","tintindex":0},"up":{"uv":[10.75,4.625,10.625,4.5],"rotation":0,"texture":"#0","tintindex":0},"west":{"uv":[4.5,10.625,4.625,10.75],"rotation":0,"texture":"#0","tintindex":0}}},{"name":"cube","from":[6.7188787,9.748449,7.9125767],"to":[6.8252087,9.970203,8.02006],"rotation":{"angle":0.0,"axis":"x","origin":[6.6667037,10.046454,7.966896]},"faces":{"down":{"uv":[5.125,10.625,5.0,10.75],"rotation":0,"texture":"#0","tintindex":0},"east":{"uv":[4.75,10.625,4.875,10.75],"rotation":0,"texture":"#0","tintindex":0},"north":{"uv":[10.625,4.625,10.75,4.75],"rotation":0,"texture":"#0","tintindex":0},"south":{"uv":[10.625,4.75,10.75,4.875],"rotation":0,"texture":"#0","tintindex":0},"up":{"uv":[10.75,5.0,10.625,4.875],"rotation":0,"texture":"#0","tintindex":0},"west":{"uv":[4.875,10.625,5.0,10.75],"rotation":0,"texture":"#0","tintindex":0}}},{"name":"cube","from":[6.6562757,9.91609,7.9339576],"to":[6.775317,10.0836735,7.999835],"rotation":{"angle":-22.5,"axis":"z","origin":[6.6667037,10.046454,7.966896]},"faces":{"down":{"uv":[5.5,10.625,5.375,10.75],"rotation":0,"texture":"#0","tintindex":0},"east":{"uv":[5.125,10.625,5.25,10.75],"rotation":0,"texture":"#0","tintindex":0},"north":{"uv":[10.625,5.0,10.75,5.125],"rotation":0,"texture":"#0","tintindex":0},"south":{"uv":[10.625,5.125,10.75,5.25],"rotation":0,"texture":"#0","tintindex":0},"up":{"uv":[10.75,5.375,10.625,5.25],"rotation":0,"texture":"#0","tintindex":0},"west":{"uv":[5.25,10.625,5.375,10.75],"rotation":0,"texture":"#0","tintindex":0}}},{"name":"cube","from":[6.395652,10.09363,7.950139],"to":[6.5128665,10.142172,7.9882765],"rotation":{"angle":-45.0,"axis":"z","origin":[6.6667037,10.046454,7.966896]},"faces":{"down":{"uv":[5.875,10.625,5.75,10.75],"rotation":0,"texture":"#0","tintindex":0},"east":{"uv":[5.5,10.625,5.625,10.75],"rotation":0,"texture":"#0","tintindex":0},"north":{"uv":[10.625,5.375,10.75,5.5],"rotation":0,"texture":"#0","tintindex":0},"south":{"uv":[10.625,5.5,10.75,5.625],"rotation":0,"texture":"#0","tintindex":0},"up":{"uv":[10.75,5.75,10.625,5.625],"rotation":0,"texture":"#0","tintindex":0},"west":{"uv":[5.625,10.625,5.75,10.75],"rotation":0,"texture":"#0","tintindex":0}}},{"name":"cube","from":[6.52501,9.938448,7.9588065],"to":[6.5862646,10.256277,7.978454],"rotation":{"angle":0.0,"axis":"x","origin":[6.6667037,10.046454,7.966896]},"faces":{"down":{"uv":[6.25,10.625,6.125,10.75],"rotation":0,"texture":"#0","tintindex":0},"east":{"uv":[5.875,10.625,6.0,10.75],"rotation":0,"texture":"#0","tintindex":0},"north":{"uv":[10.625,5.75,10.75,5.875],"rotation":0,"texture":"#0","tintindex":0},"south":{"uv":[10.625,5.875,10.75,6.0],"rotation":0,"texture":"#0","tintindex":0},"up":{"uv":[10.75,6.125,10.625,6.0],"rotation":0,"texture":"#0","tintindex":0},"west":{"uv":[6.0,10.625,6.125,10.75],"rotation":0,"texture":"#0","tintindex":0}}},{"name":"tail","from":[5.46725,9.11225,7.2721996],"to":[6.56075,9.227751,8.727799],"rotation":{"angle":-22.5,"axis":"z","origin":[8.0,8.0,8.0]},"faces":{"down":{"uv":[10.375,9.75,10.125,10.0],"rotation":0,"texture":"#0","tintindex":0},"east":{"uv":[10.375,5.125,10.625,5.25],"rotation":0,"texture":"#0","tintindex":0},"north":{"uv":[5.125,10.375,5.375,10.5],"rotation":0,"texture":"#0","tintindex":0},"south":{"uv":[10.375,5.25,10.625,5.375],"rotation":0,"texture":"#0","tintindex":0},"up":{"uv":[9.625,10.375,9.375,10.125],"rotation":0,"texture":"#0","tintindex":0},"west":{"uv":[5.375,10.375,5.625,10.5],"rotation":0,"texture":"#0","tintindex":0}}},{"name":"tail","from":[5.347249,7.37225,7.1521997],"to":[7.52075,9.16775,8.8478],"rotation":{"angle":-22.5,"axis":"z","origin":[8.0,8.0,8.0]},"faces":{"down":{"uv":[4.875,9.125,4.375,9.5],"rotation":0,"texture":"#0","tintindex":0},"east":{"uv":[3.375,9.5,3.75,9.875],"rotation":0,"texture":"#0","tintindex":0},"north":{"uv":[9.125,2.875,9.625,3.25],"rotation":0,"texture":"#0","tintindex":0},"south":{"uv":[3.125,9.125,3.625,9.5],"rotation":0,"texture":"#0","tintindex":0},"up":{"uv":[9.625,3.625,9.125,3.25],"rotation":0,"texture":"#0","tintindex":0},"west":{"uv":[4.375,9.5,4.75,9.875],"rotation":0,"texture":"#0","tintindex":0}}}],"display":{"head":{"translation":[0.0,-6.4,0.0],"rotation":[0.0,0.0,0.0],"scale":[3.8095,3.8095,3.8095]}}}