{"textures":{"0":"modelengine:entity/sky"},"elements":[{"from":[5.9430227,10.5982685,7.892983],"to":[6.718714,10.696377,8.1229315],"rotation":{"angle":22.5,"axis":"z","origin":[6.3716173,11.034166,8.014086]},"faces":{"east":{"uv":[6.25,10.625,6.375,10.75],"rotation":0,"texture":"#0","tintindex":0},"south":{"uv":[10.625,6.25,10.75,6.375],"rotation":0,"texture":"#0","tintindex":0},"north":{"uv":[10.625,6.125,10.75,6.25],"rotation":0,"texture":"#0","tintindex":0},"west":{"uv":[6.375,10.625,6.5,10.75],"rotation":0,"texture":"#0","tintindex":0},"up":{"uv":[10.75,6.5,10.625,6.375],"rotation":0,"texture":"#0","tintindex":0},"down":{"uv":[6.625,10.625,6.5,10.75],"rotation":0,"texture":"#0","tintindex":0}}},{"from":[6.2901316,11.09788,7.9006457],"to":[6.743897,11.349292,8.124463],"rotation":{"angle":-22.5,"axis":"z","origin":[6.3716173,11.034166,8.014086]},"faces":{"east":{"uv":[6.625,10.625,6.75,10.75],"rotation":0,"texture":"#0","tintindex":0},"south":{"uv":[10.625,6.625,10.75,6.75],"rotation":0,"texture":"#0","tintindex":0},"north":{"uv":[10.625,6.5,10.75,6.625],"rotation":0,"texture":"#0","tintindex":0},"west":{"uv":[6.75,10.625,6.875,10.75],"rotation":0,"texture":"#0","tintindex":0},"up":{"uv":[10.75,6.875,10.625,6.75],"rotation":0,"texture":"#0","tintindex":0},"down":{"uv":[7.0,10.625,6.875,10.75],"rotation":0,"texture":"#0","tintindex":0}}},{"from":[6.023177,10.662435,7.9619656],"to":[6.430954,11.29096,8.075406],"rotation":{"angle":22.5,"axis":"z","origin":[6.3716173,11.034166,8.014086]},"faces":{"east":{"uv":[7.0,10.625,7.125,10.75],"rotation":0,"texture":"#0","tintindex":0},"south":{"uv":[10.625,7.0,10.75,7.125],"rotation":0,"texture":"#0","tintindex":0},"north":{"uv":[10.625,6.875,10.75,7.0],"rotation":0,"texture":"#0","tintindex":0},"west":{"uv":[7.125,10.625,7.25,10.75],"rotation":0,"texture":"#0","tintindex":0},"up":{"uv":[10.75,7.25,10.625,7.125],"rotation":0,"texture":"#0","tintindex":0},"down":{"uv":[7.375,10.625,7.25,10.75],"rotation":0,"texture":"#0","tintindex":0}}},{"from":[5.9514284,11.138069,7.9389715],"to":[6.4051943,11.32816,8.101469],"rotation":{"angle":0.0,"axis":"y","origin":[6.3716173,11.034166,8.014086]},"faces":{"east":{"uv":[7.375,10.625,7.5,10.75],"rotation":0,"texture":"#0","tintindex":0},"south":{"uv":[10.625,7.375,10.75,7.5],"rotation":0,"texture":"#0","tintindex":0},"north":{"uv":[10.625,7.25,10.75,7.375],"rotation":0,"texture":"#0","tintindex":0},"west":{"uv":[7.5,10.625,7.625,10.75],"rotation":0,"texture":"#0","tintindex":0},"up":{"uv":[10.75,7.625,10.625,7.5],"rotation":0,"texture":"#0","tintindex":0},"down":{"uv":[7.75,10.625,7.625,10.75],"rotation":0,"texture":"#0","tintindex":0}}},{"from":[6.52548,10.241474,7.8699884],"to":[6.8075542,10.829743,8.15512],"rotation":{"angle":45.0,"axis":"z","origin":[6.3716173,11.034166,8.014086]},"faces":{"east":{"uv":[7.75,10.625,7.875,10.75],"rotation":0,"texture":"#0","tintindex":0},"south":{"uv":[10.625,7.75,10.75,7.875],"rotation":0,"texture":"#0","tintindex":0},"north":{"uv":[10.625,7.625,10.75,7.75],"rotation":0,"texture":"#0","tintindex":0},"west":{"uv":[7.875,10.625,8.0,10.75],"rotation":0,"texture":"#0","tintindex":0},"up":{"uv":[10.75,8.0,10.625,7.875],"rotation":0,"texture":"#0","tintindex":0},"down":{"uv":[8.125,10.625,8.0,10.75],"rotation":0,"texture":"#0","tintindex":0}}},{"from":[6.359051,10.692268,7.9267087],"to":[6.6748457,11.136834,8.101469],"rotation":{"angle":22.5,"axis":"z","origin":[6.3716173,11.034166,8.014086]},"faces":{"east":{"uv":[8.125,10.625,8.25,10.75],"rotation":0,"texture":"#0","tintindex":0},"south":{"uv":[10.625,8.125,10.75,8.25],"rotation":0,"texture":"#0","tintindex":0},"north":{"uv":[10.625,8.0,10.75,8.125],"rotation":0,"texture":"#0","tintindex":0},"west":{"uv":[8.25,10.625,8.375,10.75],"rotation":0,"texture":"#0","tintindex":0},"up":{"uv":[10.75,8.375,10.625,8.25],"rotation":0,"texture":"#0","tintindex":0},"down":{"uv":[8.5,10.625,8.375,10.75],"rotation":0,"texture":"#0","tintindex":0}}},{"from":[5.6650114,11.168726,7.969634],"to":[5.97596,11.297497,8.070806],"rotation":{"angle":0.0,"axis":"y","origin":[6.3716173,11.034166,8.014086]},"faces":{"east":{"uv":[8.5,10.625,8.625,10.75],"rotation":0,"texture":"#0","tintindex":0},"south":{"uv":[10.625,8.5,10.75,8.625],"rotation":0,"texture":"#0","tintindex":0},"north":{"uv":[10.625,8.375,10.75,8.5],"rotation":0,"texture":"#0","tintindex":0},"west":{"uv":[8.625,10.625,8.75,10.75],"rotation":0,"texture":"#0","tintindex":0},"up":{"uv":[10.75,8.75,10.625,8.625],"rotation":0,"texture":"#0","tintindex":0},"down":{"uv":[8.875,10.625,8.75,10.75],"rotation":0,"texture":"#0","tintindex":0}}},{"from":[6.011183,10.745502,7.9926286],"to":[6.17368,11.58864,8.044748],"rotation":{"angle":45.0,"axis":"z","origin":[6.3716173,11.034166,8.014086]},"faces":{"east":{"uv":[8.875,10.625,9.0,10.75],"rotation":0,"texture":"#0","tintindex":0},"south":{"uv":[10.625,8.875,10.75,9.0],"rotation":0,"texture":"#0","tintindex":0},"north":{"uv":[10.625,8.75,10.75,8.875],"rotation":0,"texture":"#0","tintindex":0},"west":{"uv":[9.0,10.625,9.125,10.75],"rotation":0,"texture":"#0","tintindex":0},"up":{"uv":[10.75,9.125,10.625,9.0],"rotation":0,"texture":"#0","tintindex":0},"down":{"uv":[9.25,10.625,9.125,10.75],"rotation":0,"texture":"#0","tintindex":0}}},{"from":[6.1561713,9.426685,6.3805714],"to":[7.880743,10.289257,9.619429],"rotation":{"angle":22.5,"axis":"z","origin":[5.7360287,9.500829,8.0]},"faces":{"east":{"uv":[8.75,8.25,9.5,8.5],"rotation":0,"texture":"#0","tintindex":0},"south":{"uv":[9.875,0.0,10.25,0.25],"rotation":0,"texture":"#0","tintindex":0},"north":{"uv":[9.75,9.75,10.125,10.0],"rotation":0,"texture":"#0","tintindex":0},"west":{"uv":[9.0,8.5,9.75,8.75],"rotation":0,"texture":"#0","tintindex":0},"up":{"uv":[3.125,7.625,2.75,6.875],"rotation":0,"texture":"#0","tintindex":0},"down":{"uv":[0.375,8.375,0.0,9.125],"rotation":0,"texture":"#0","tintindex":0}}},{"from":[5.9276,6.6838284,5.8091426],"to":[9.0236,10.003543,10.190857],"rotation":{"angle":22.5,"axis":"z","origin":[5.7360287,9.500829,8.0]},"faces":{"east":{"uv":[6.125,0.875,7.125,1.625],"rotation":0,"texture":"#0","tintindex":0},"south":{"uv":[1.375,7.875,2.0,8.625],"rotation":0,"texture":"#0","tintindex":0},"north":{"uv":[0.75,7.875,1.375,8.625],"rotation":0,"texture":"#0","tintindex":0},"west":{"uv":[6.5,2.25,7.5,3.0],"rotation":0,"texture":"#0","tintindex":0},"up":{"uv":[2.75,7.875,2.125,6.875],"rotation":0,"texture":"#0","tintindex":0},"down":{"uv":[5.5,6.875,4.875,7.875],"rotation":0,"texture":"#0","tintindex":0}}},{"from":[6.7811427,7.2504287,5.8708572],"to":[9.678857,7.5152855,10.052],"rotation":{"angle":22.5,"axis":"z","origin":[8.0,8.0,8.0]},"faces":{"east":{"uv":[9.5,8.25,10.375,8.375],"rotation":0,"texture":"#0","tintindex":0},"south":{"uv":[8.875,10.125,9.375,10.25],"rotation":0,"texture":"#0","tintindex":0},"north":{"uv":[10.125,8.125,10.625,8.25],"rotation":0,"texture":"#0","tintindex":0},"west":{"uv":[9.5,8.375,10.375,8.5],"rotation":0,"texture":"#0","tintindex":0},"up":{"uv":[7.5,9.0,7.0,8.125],"rotation":0,"texture":"#0","tintindex":0},"down":{"uv":[8.625,7.0,8.125,7.875],"rotation":0,"texture":"#0","tintindex":0}}}],"display":{"head":{"translation":[0.0,-6.4,0.0],"scale":[4.0,4.0,4.0]}}}