{"textures":{"0":"modelengine:entity/sky"},"elements":[{"from":[8.169,7.9321427,7.983286],"to":[8.459572,8.096429,8.273857],"rotation":{"angle":0.0,"axis":"y","origin":[8.0,8.0,8.0]},"faces":{"east":{"uv":[10.75,7.5,10.875,7.625],"rotation":0,"texture":"#0","tintindex":0},"south":{"uv":[7.625,10.75,7.75,10.875],"rotation":0,"texture":"#0","tintindex":0},"north":{"uv":[7.5,10.75,7.625,10.875],"rotation":0,"texture":"#0","tintindex":0},"west":{"uv":[10.75,7.625,10.875,7.75],"rotation":0,"texture":"#0","tintindex":0},"up":{"uv":[7.875,10.875,7.75,10.75],"rotation":0,"texture":"#0","tintindex":0},"down":{"uv":[10.875,7.75,10.75,7.875],"rotation":0,"texture":"#0","tintindex":0}}},{"from":[8.297571,7.9321427,7.307],"to":[8.621572,8.160714,7.7004285],"rotation":{"angle":0.0,"axis":"y","origin":[7.0164285,8.451285,7.1784286]},"faces":{"east":{"uv":[10.75,7.125,10.875,7.25],"rotation":0,"texture":"#0","tintindex":0},"south":{"uv":[7.25,10.75,7.375,10.875],"rotation":0,"texture":"#0","tintindex":0},"north":{"uv":[7.125,10.75,7.25,10.875],"rotation":0,"texture":"#0","tintindex":0},"west":{"uv":[10.75,7.25,10.875,7.375],"rotation":0,"texture":"#0","tintindex":0},"up":{"uv":[7.5,10.875,7.375,10.75],"rotation":0,"texture":"#0","tintindex":0},"down":{"uv":[10.875,7.375,10.75,7.5],"rotation":0,"texture":"#0","tintindex":0}}},{"from":[8.11504,7.9321427,6.748857],"to":[8.405611,8.096429,7.0394287],"rotation":{"angle":0.0,"axis":"y","origin":[8.331755,8.0,6.792714]},"faces":{"east":{"uv":[10.75,6.0,10.875,6.125],"rotation":0,"texture":"#0","tintindex":0},"south":{"uv":[6.125,10.75,6.25,10.875],"rotation":0,"texture":"#0","tintindex":0},"north":{"uv":[6.0,10.75,6.125,10.875],"rotation":0,"texture":"#0","tintindex":0},"west":{"uv":[10.75,6.125,10.875,6.25],"rotation":0,"texture":"#0","tintindex":0},"up":{"uv":[6.375,10.875,6.25,10.75],"rotation":0,"texture":"#0","tintindex":0},"down":{"uv":[10.875,6.25,10.75,6.375],"rotation":0,"texture":"#0","tintindex":0}}}],"display":{"head":{"translation":[0.0,-6.4,0.0],"scale":[4.0,4.0,4.0]}}}