{"textures":{"0":"modelengine:entity/sky"},"elements":[{"from":[8.699429,7.423714,7.4085712],"to":[9.247143,7.9022856,7.9562855],"rotation":{"angle":0.0,"axis":"y","origin":[8.973286,7.548714,7.631]},"faces":{"east":{"uv":[10.75,6.375,10.875,6.5],"rotation":0,"texture":"#0","tintindex":0},"south":{"uv":[6.5,10.75,6.625,10.875],"rotation":0,"texture":"#0","tintindex":0},"north":{"uv":[6.375,10.75,6.5,10.875],"rotation":0,"texture":"#0","tintindex":0},"west":{"uv":[10.75,6.5,10.875,6.625],"rotation":0,"texture":"#0","tintindex":0},"up":{"uv":[6.75,10.875,6.625,10.75],"rotation":0,"texture":"#0","tintindex":0},"down":{"uv":[10.875,6.625,10.75,6.75],"rotation":0,"texture":"#0","tintindex":0}}},{"from":[8.699429,7.423714,7.9665713],"to":[9.409143,7.9665713,8.617143],"rotation":{"angle":0.0,"axis":"y","origin":[7.989714,8.0,7.9665713]},"faces":{"east":{"uv":[10.75,6.75,10.875,6.875],"rotation":0,"texture":"#0","tintindex":0},"south":{"uv":[6.875,10.75,7.0,10.875],"rotation":0,"texture":"#0","tintindex":0},"north":{"uv":[6.75,10.75,6.875,10.875],"rotation":0,"texture":"#0","tintindex":0},"west":{"uv":[10.75,6.875,10.875,7.0],"rotation":0,"texture":"#0","tintindex":0},"up":{"uv":[7.125,10.875,7.0,10.75],"rotation":0,"texture":"#0","tintindex":0},"down":{"uv":[10.875,7.0,10.75,7.125],"rotation":0,"texture":"#0","tintindex":0}}},{"from":[8.699429,7.423714,8.642858],"to":[9.247143,7.9022856,9.190572],"rotation":{"angle":0.0,"axis":"y","origin":[8.973286,7.548714,8.788143]},"faces":{"east":{"uv":[10.75,7.875,10.875,8.0],"rotation":0,"texture":"#0","tintindex":0},"south":{"uv":[8.0,10.75,8.125,10.875],"rotation":0,"texture":"#0","tintindex":0},"north":{"uv":[7.875,10.75,8.0,10.875],"rotation":0,"texture":"#0","tintindex":0},"west":{"uv":[10.75,8.0,10.875,8.125],"rotation":0,"texture":"#0","tintindex":0},"up":{"uv":[8.25,10.875,8.125,10.75],"rotation":0,"texture":"#0","tintindex":0},"down":{"uv":[10.875,8.125,10.75,8.25],"rotation":0,"texture":"#0","tintindex":0}}}],"display":{"head":{"translation":[0.0,-6.4,0.0],"scale":[4.0,4.0,4.0]}}}