{"textures":{"0":"modelengine:entity/sky"},"elements":[{"from":[3.9056988,8.030001,6.9474463],"to":[7.091413,8.030001,9.8617325],"rotation":{"angle":45.0,"axis":"y","origin":[7.485311,8.012143,8.048488]},"faces":{"east":{"uv":[0.625,0.0,0.0,0.0],"rotation":0,"texture":"#0","tintindex":0},"south":{"uv":[0.75,0.0,0.0,0.0],"rotation":0,"texture":"#0","tintindex":0},"north":{"uv":[0.75,0.0,0.0,0.0],"rotation":0,"texture":"#0","tintindex":0},"west":{"uv":[0.625,0.0,0.0,0.0],"rotation":0,"texture":"#0","tintindex":0},"up":{"uv":[8.25,3.0,7.5,3.625],"rotation":0,"texture":"#0","tintindex":0},"down":{"uv":[8.25,5.75,7.5,5.125],"rotation":0,"texture":"#0","tintindex":0}}},{"from":[7.150648,7.6585712,9.442375],"to":[7.722077,8.33,10.0138035],"rotation":{"angle":45.0,"axis":"y","origin":[7.485311,8.012143,8.048488]},"faces":{"east":{"uv":[10.875,1.875,10.75,2.0],"rotation":0,"texture":"#0","tintindex":0},"south":{"uv":[2.0,10.75,1.875,10.875],"rotation":0,"texture":"#0","tintindex":0},"north":{"uv":[2.125,10.75,2.0,10.875],"rotation":0,"texture":"#0","tintindex":0},"west":{"uv":[10.875,2.0,10.75,2.125],"rotation":0,"texture":"#0","tintindex":0},"up":{"uv":[2.25,10.75,2.125,10.875],"rotation":0,"texture":"#0","tintindex":0},"down":{"uv":[10.875,2.25,10.75,2.125],"rotation":0,"texture":"#0","tintindex":0}}},{"from":[6.7616525,7.715714,8.897462],"to":[7.333081,8.287143,12.826033],"rotation":{"angle":-45.0,"axis":"y","origin":[7.0473666,8.001429,10.861748]},"faces":{"east":{"uv":[8.375,9.5,7.5,9.625],"rotation":0,"texture":"#0","tintindex":0},"south":{"uv":[1.75,10.75,1.625,10.875],"rotation":0,"texture":"#0","tintindex":0},"north":{"uv":[10.875,1.625,10.75,1.75],"rotation":0,"texture":"#0","tintindex":0},"west":{"uv":[10.375,7.75,9.5,7.875],"rotation":0,"texture":"#0","tintindex":0},"up":{"uv":[4.875,9.5,4.75,10.375],"rotation":0,"texture":"#0","tintindex":0},"down":{"uv":[8.5,10.375,8.375,9.5],"rotation":0,"texture":"#0","tintindex":0}}}],"display":{"head":{"translation":[0.0,-6.4,0.0],"scale":[4.0,4.0,4.0]}}}