{"textures":{"0":"modelengine:entity/airship","1":"modelengine:entity/stearingwheel"},"elements":[{"name":"cube","from":[8.035999,2.6359994,7.532],"to":[8.504,8.216,8.468],"rotation":{"angle":0.0,"axis":"x","origin":[-20.98,14.3,8.0]},"faces":{"down":{"uv":[0.6,14.166667,0.5,14.0],"rotation":0,"texture":"#0","tintindex":0},"east":{"uv":[13.366667,12.5,13.2,12.933333],"rotation":0,"texture":"#0","tintindex":0},"north":{"uv":[0.90000004,13.533333,0.8000001,13.966667],"rotation":0,"texture":"#0","tintindex":0},"south":{"uv":[0.8000001,13.533333,0.7,13.966667],"rotation":0,"texture":"#0","tintindex":0},"up":{"uv":[11.300001,13.966667,11.2,14.133334],"rotation":0,"texture":"#0","tintindex":0},"west":{"uv":[6.8,13.233334,6.633333,13.666667],"rotation":0,"texture":"#0","tintindex":0}}},{"name":"cube","from":[8.504,8.216,7.532],"to":[9.908001,8.684,8.468],"rotation":{"angle":0.0,"axis":"x","origin":[-20.98,14.3,8.0]},"faces":{"down":{"uv":[3.0666666,11.633334,2.8,11.466667],"rotation":0,"texture":"#0","tintindex":0},"east":{"uv":[14.166667,0.6666667,14.0,0.76666665],"rotation":0,"texture":"#0","tintindex":0},"north":{"uv":[13.833334,2.9,13.566668,3.0],"rotation":0,"texture":"#0","tintindex":0},"south":{"uv":[10.433333,1.1333334,10.166667,1.2333333],"rotation":0,"texture":"#0","tintindex":0},"up":{"uv":[8.566668,11.133334,8.3,11.300001],"rotation":0,"texture":"#0","tintindex":0},"west":{"uv":[14.166667,1.3333334,14.0,1.4333334],"rotation":0,"texture":"#0","tintindex":0}}},{"name":"cube","from":[9.908001,8.684,7.532],"to":[11.312,9.152,8.468],"rotation":{"angle":0.0,"axis":"x","origin":[-20.98,14.3,8.0]},"faces":{"down":{"uv":[2.5333333,13.633334,2.266667,13.466667],"rotation":0,"texture":"#0","tintindex":0},"east":{"uv":[14.166667,1.4333334,14.0,1.5333333],"rotation":0,"texture":"#0","tintindex":0},"north":{"uv":[14.166667,11.066668,13.900001,11.166667],"rotation":0,"texture":"#0","tintindex":0},"south":{"uv":[14.166667,9.700001,13.900001,9.8],"rotation":0,"texture":"#0","tintindex":0},"up":{"uv":[11.900001,5.166667,11.633334,5.3333335],"rotation":0,"texture":"#0","tintindex":0},"west":{"uv":[1.6666667,14.0,1.5,14.1],"rotation":0,"texture":"#0","tintindex":0}}},{"name":"cube","from":[11.312,9.152,7.532],"to":[12.716001,9.62,8.468],"rotation":{"angle":0.0,"axis":"x","origin":[-20.98,14.3,8.0]},"faces":{"down":{"uv":[13.733334,6.133333,13.466667,5.9666667],"rotation":0,"texture":"#0","tintindex":0},"east":{"uv":[14.166667,1.5333333,14.0,1.6333334],"rotation":0,"texture":"#0","tintindex":0},"north":{"uv":[14.2,2.6000001,13.933333,2.7000003],"rotation":0,"texture":"#0","tintindex":0},"south":{"uv":[14.2,1.8333334,13.933333,1.9333334],"rotation":0,"texture":"#0","tintindex":0},"up":{"uv":[13.733334,5.8,13.466667,5.9666667],"rotation":0,"texture":"#0","tintindex":0},"west":{"uv":[1.8333334,14.0,1.6666667,14.1],"rotation":0,"texture":"#0","tintindex":0}}},{"name":"cube","from":[12.716001,9.62,7.532],"to":[14.120001,10.087999,8.468],"rotation":{"angle":0.0,"axis":"x","origin":[-20.98,14.3,8.0]},"faces":{"down":{"uv":[7.066667,13.666667,6.8,13.5],"rotation":0,"texture":"#0","tintindex":0},"east":{"uv":[14.166667,1.9333334,14.0,2.0333333],"rotation":0,"texture":"#0","tintindex":0},"north":{"uv":[4.7333336,13.933333,4.4666667,14.033333],"rotation":0,"texture":"#0","tintindex":0},"south":{"uv":[14.2,3.5666666,13.933333,3.6666667],"rotation":0,"texture":"#0","tintindex":0},"up":{"uv":[13.766666,2.4,13.5,2.5666666],"rotation":0,"texture":"#0","tintindex":0},"west":{"uv":[14.166667,3.8,14.0,3.9],"rotation":0,"texture":"#0","tintindex":0}}},{"name":"cube","from":[14.120001,10.087999,7.532],"to":[15.524001,10.556,8.468],"rotation":{"angle":0.0,"axis":"x","origin":[-20.98,14.3,8.0]},"faces":{"down":{"uv":[13.766666,7.166667,13.5,7.0],"rotation":0,"texture":"#0","tintindex":0},"east":{"uv":[14.166667,5.4333334,14.0,5.533334],"rotation":0,"texture":"#0","tintindex":0},"north":{"uv":[14.2,4.6000004,13.933333,4.7000003],"rotation":0,"texture":"#0","tintindex":0},"south":{"uv":[14.2,4.5,13.933333,4.6000004],"rotation":0,"texture":"#0","tintindex":0},"up":{"uv":[13.766666,6.8333335,13.5,7.0],"rotation":0,"texture":"#0","tintindex":0},"west":{"uv":[14.166667,5.533334,14.0,5.633333],"rotation":0,"texture":"#0","tintindex":0}}},{"name":"cube","from":[8.504,3.0680003,8.0],"to":[15.992001,10.556,8.0],"rotation":{"angle":0.0,"axis":"x","origin":[-20.98,14.3,8.0]},"faces":{"down":{"uv":[1.4,0.0,0.0,0.0],"rotation":0,"texture":"#0","tintindex":0},"east":{"uv":[0.0,0.0,0.0,1.4],"rotation":0,"texture":"#0","tintindex":0},"north":{"uv":[8.666667,7.666667,7.2666664,9.066668],"rotation":0,"texture":"#0","tintindex":0},"south":{"uv":[7.2666664,7.666667,5.866667,9.066668],"rotation":0,"texture":"#0","tintindex":0},"up":{"uv":[1.4,0.0,0.0,0.0],"rotation":0,"texture":"#0","tintindex":0},"west":{"uv":[0.0,0.0,0.0,1.4],"rotation":0,"texture":"#0","tintindex":0}}},{"name":"cube","from":[8.035999,5.876,7.532],"to":[8.504,8.216,8.468],"rotation":{"angle":0.0,"axis":"x","origin":[-20.98,14.3,8.0]},"faces":{"down":{"uv":[0.6,14.0,0.5,14.166667],"rotation":0,"texture":"#0","tintindex":0},"east":{"uv":[13.2,12.5,13.366667,12.933333],"rotation":0,"texture":"#0","tintindex":0},"north":{"uv":[0.7,13.533333,0.8000001,13.966667],"rotation":0,"texture":"#0","tintindex":0},"south":{"uv":[0.8000001,13.533333,0.90000004,13.966667],"rotation":0,"texture":"#0","tintindex":0},"up":{"uv":[11.300001,14.133334,11.2,13.966667],"rotation":0,"texture":"#0","tintindex":0},"west":{"uv":[6.633333,13.233334,6.8,13.666667],"rotation":0,"texture":"#0","tintindex":0}}},{"name":"cube","from":[8.504,8.216,7.532],"to":[9.908001,8.684,8.468],"rotation":{"angle":0.0,"axis":"x","origin":[-20.98,14.3,8.0]},"faces":{"down":{"uv":[3.0666666,11.466667,2.8,11.633334],"rotation":0,"texture":"#0","tintindex":0},"east":{"uv":[14.0,0.6666667,14.166667,0.76666665],"rotation":0,"texture":"#0","tintindex":0},"north":{"uv":[10.166667,1.1333334,10.433333,1.2333333],"rotation":0,"texture":"#0","tintindex":0},"south":{"uv":[13.566668,2.9,13.833334,3.0],"rotation":0,"texture":"#0","tintindex":0},"up":{"uv":[8.566668,11.300001,8.3,11.133334],"rotation":0,"texture":"#0","tintindex":0},"west":{"uv":[14.0,1.3333334,14.166667,1.4333334],"rotation":0,"texture":"#0","tintindex":0}}},{"name":"cube","from":[9.908001,8.684,7.532],"to":[11.312,9.152,8.468],"rotation":{"angle":0.0,"axis":"x","origin":[-20.98,14.3,8.0]},"faces":{"down":{"uv":[2.5333333,13.466667,2.266667,13.633334],"rotation":0,"texture":"#0","tintindex":0},"east":{"uv":[14.0,1.4333334,14.166667,1.5333333],"rotation":0,"texture":"#0","tintindex":0},"north":{"uv":[13.900001,9.700001,14.166667,9.8],"rotation":0,"texture":"#0","tintindex":0},"south":{"uv":[13.900001,11.066668,14.166667,11.166667],"rotation":0,"texture":"#0","tintindex":0},"up":{"uv":[11.900001,5.3333335,11.633334,5.166667],"rotation":0,"texture":"#0","tintindex":0},"west":{"uv":[1.5,14.0,1.6666667,14.1],"rotation":0,"texture":"#0","tintindex":0}}},{"name":"cube","from":[11.312,9.152,7.532],"to":[12.716001,9.62,8.468],"rotation":{"angle":0.0,"axis":"x","origin":[-20.98,14.3,8.0]},"faces":{"down":{"uv":[13.733334,5.9666667,13.466667,6.133333],"rotation":0,"texture":"#0","tintindex":0},"east":{"uv":[14.0,1.5333333,14.166667,1.6333334],"rotation":0,"texture":"#0","tintindex":0},"north":{"uv":[13.933333,1.8333334,14.2,1.9333334],"rotation":0,"texture":"#0","tintindex":0},"south":{"uv":[13.933333,2.6000001,14.2,2.7000003],"rotation":0,"texture":"#0","tintindex":0},"up":{"uv":[13.733334,5.9666667,13.466667,5.8],"rotation":0,"texture":"#0","tintindex":0},"west":{"uv":[1.6666667,14.0,1.8333334,14.1],"rotation":0,"texture":"#0","tintindex":0}}},{"name":"cube","from":[12.716001,9.62,7.532],"to":[14.120001,10.087999,8.468],"rotation":{"angle":0.0,"axis":"x","origin":[-20.98,14.3,8.0]},"faces":{"down":{"uv":[7.066667,13.5,6.8,13.666667],"rotation":0,"texture":"#0","tintindex":0},"east":{"uv":[14.0,1.9333334,14.166667,2.0333333],"rotation":0,