{"textures":{"0":"modelengine:entity/airship"},"elements":[{"from":[8.034286,2.8914285,7.5542855],"to":[8.48,8.205714,8.445714],"rotation":{"angle":0.0,"axis":"y","origin":[-19.6,14.0,8.0]},"faces":{"east":{"uv":[13.366667,12.5,13.2,12.933333],"rotation":0,"texture":"#0","tintindex":0},"south":{"uv":[0.8,13.533334,0.7,13.966666],"rotation":0,"texture":"#0","tintindex":0},"north":{"uv":[0.9,13.533334,0.8,13.966666],"rotation":0,"texture":"#0","tintindex":0},"west":{"uv":[6.8,13.233334,6.633333,13.666667],"rotation":0,"texture":"#0","tintindex":0},"up":{"uv":[11.3,13.966666,11.2,14.133333],"rotation":0,"texture":"#0","tintindex":0},"down":{"uv":[0.6,14.166667,0.5,14.0],"rotation":0,"texture":"#0","tintindex":0}}},{"from":[8.48,8.205714,7.5542855],"to":[9.8171425,8.651428,8.445714],"rotation":{"angle":0.0,"axis":"y","origin":[-19.6,14.0,8.0]},"faces":{"east":{"uv":[14.166667,0.6666667,14.0,0.76666665],"rotation":0,"texture":"#0","tintindex":0},"south":{"uv":[10.433333,1.1333333,10.166667,1.2333333],"rotation":0,"texture":"#0","tintindex":0},"north":{"uv":[13.833333,2.9,13.566667,3.0],"rotation":0,"texture":"#0","tintindex":0},"west":{"uv":[14.166667,1.3333334,14.0,1.4333333],"rotation":0,"texture":"#0","tintindex":0},"up":{"uv":[8.566667,11.133333,8.3,11.3],"rotation":0,"texture":"#0","tintindex":0},"down":{"uv":[3.0666666,11.633333,2.8,11.466666],"rotation":0,"texture":"#0","tintindex":0}}},{"from":[9.8171425,8.651428,7.5542855],"to":[11.154285,9.097143,8.445714],"rotation":{"angle":0.0,"axis":"y","origin":[-19.6,14.0,8.0]},"faces":{"east":{"uv":[14.166667,1.4333333,14.0,1.5333333],"rotation":0,"texture":"#0","tintindex":0},"south":{"uv":[14.166667,9.7,13.9,9.8],"rotation":0,"texture":"#0","tintindex":0},"north":{"uv":[14.166667,11.066667,13.9,11.166667],"rotation":0,"texture":"#0","tintindex":0},"west":{"uv":[1.6666666,14.0,1.5,14.1],"rotation":0,"texture":"#0","tintindex":0},"up":{"uv":[11.9,5.1666665,11.633333,5.3333335],"rotation":0,"texture":"#0","tintindex":0},"down":{"uv":[2.5333333,13.633333,2.2666667,13.466666],"rotation":0,"texture":"#0","tintindex":0}}},{"from":[11.154285,9.097143,7.5542855],"to":[12.491428,9.542857,8.445714],"rotation":{"angle":0.0,"axis":"y","origin":[-19.6,14.0,8.0]},"faces":{"east":{"uv":[14.166667,1.5333333,14.0,1.6333333],"rotation":0,"texture":"#0","tintindex":0},"south":{"uv":[14.2,1.8333334,13.933333,1.9333333],"rotation":0,"texture":"#0","tintindex":0},"north":{"uv":[14.2,2.6,13.933333,2.7],"rotation":0,"texture":"#0","tintindex":0},"west":{"uv":[1.8333334,14.0,1.6666666,14.1],"rotation":0,"texture":"#0","tintindex":0},"up":{"uv":[13.733334,5.8,13.466666,5.9666667],"rotation":0,"texture":"#0","tintindex":0},"down":{"uv":[13.733334,6.133333,13.466666,5.9666667],"rotation":0,"texture":"#0","tintindex":0}}},{"from":[12.491428,9.542857,7.5542855],"to":[13.828571,9.988571,8.445714],"rotation":{"angle":0.0,"axis":"y","origin":[-19.6,14.0,8.0]},"faces":{"east":{"uv":[14.166667,1.9333333,14.0,2.0333333],"rotation":0,"texture":"#0","tintindex":0},"south":{"uv":[14.2,3.5666666,13.933333,3.6666667],"rotation":0,"texture":"#0","tintindex":0},"north":{"uv":[4.733333,13.933333,4.4666667,14.033334],"rotation":0,"texture":"#0","tintindex":0},"west":{"uv":[14.166667,3.8,14.0,3.9],"rotation":0,"texture":"#0","tintindex":0},"up":{"uv":[13.766666,2.4,13.5,2.5666666],"rotation":0,"texture":"#0","tintindex":0},"down":{"uv":[7.0666666,13.666667,6.8,13.5],"rotation":0,"texture":"#0","tintindex":0}}},{"from":[13.828571,9.988571,7.5542855],"to":[15.165714,10.434286,8.445714],"rotation":{"angle":0.0,"axis":"y","origin":[-19.6,14.0,8.0]},"faces":{"east":{"uv":[14.166667,5.4333334,14.0,5.5333333],"rotation":0,"texture":"#0","tintindex":0},"south":{"uv":[14.2,4.5,13.933333,4.6],"rotation":0,"texture":"#0","tintindex":0},"north":{"uv":[14.2,4.6,13.933333,4.7],"rotation":0,"texture":"#0","tintindex":0},"west":{"uv":[14.166667,5.5333333,14.0,5.633333],"rotation":0,"texture":"#0","tintindex":0},"up":{"uv":[13.766666,6.8333335,13.5,7.0],"rotation":0,"texture":"#0","tintindex":0},"down":{"uv":[13.766666,7.1666665,13.5,7.0],"rotation":0,"texture":"#0","tintindex":0}}},{"from":[8.48,3.302857,8.0],"to":[15.611429,10.434286,8.0],"rotation":{"angle":0.0,"axis":"y","origin":[-19.6,14.0,8.0]},"faces":{"east":{"uv":[0.0,0.0,0.0,1.4],"rotation":0,"texture":"#0","tintindex":0},"south":{"uv":[7.266667,7.6666665,5.866667,9.066667],"rotation":0,"texture":"#0","tintindex":0},"north":{"uv":[8.666667,7.6666665,7.266667,9.066667],"rotation":0,"texture":"#0","tintindex":0},"west":{"uv":[0.0,0.0,0.0,1.4],"rotation":0,"texture":"#0","tintindex":0},"up":{"uv":[1.4,0.0,0.0,0.0],"rotation":0,"texture":"#0","tintindex":0},"down":{"uv":[1.4,0.0,0.0,0.0],"rotation":0,"texture":"#0","tintindex":0}}},{"from":[8.034286,5.977143,7.5542855],"to":[8.48,8.205714,8.445714],"rotation":{"angle":0.0,"axis":"y","origin":[-19.6,14.0,8.0]},"faces":{"east":{"uv":[13.2,12.5,13.366667,12.933333],"rotation":0,"texture":"#0","tintindex":0},"south":{"uv":[0.8,13.533334,0.9,13.966666],"rotation":0,"texture":"#0","tintindex":0},"north":{"uv":[0.7,13.533334,0.8,13.966666],"rotation":0,"texture":"#0","tintindex":0},"west":{"uv":[6.633333,13.233334,6.8,13.666667],"rotation":0,"texture":"#0","tintindex":0},"up":{"uv":[11.3,14.133333,11.2,13.966666],"rotation":0,"texture":"#0","tintindex":0},"down":{"uv":[0.6,14.0,0.5,14.166667],"rotation":0,"texture":"#0","tintindex":0}}},{"from":[8.48,8.205714,7.5542855],"to":[9.8171425,8.651428,8.445714],"rotation":{"angle":0.0,"axis":"y","origin":[-19.6,14.0,8.0]},"faces":{"east":{"uv":[14.0,0.6666667,14.166667,0.76666665],"rotation":0,"texture":"#0","tintindex":0},"south":{"uv":[13.566667,2.9,13.833333,3.0],"rotation":0,"texture":"#0","tintindex":0},"north":{"uv":[10.166667,1.1333333,10.433333,1.2333333],"rotation":0,"texture":"#0","tintindex":0},"west":{"uv":[14.0,1.3333334,14.166667,1.4333333],"rotation":0,"texture":"#0","tintindex":0},"up":{"uv":[8.566667,11.3,8.3,11.133333],"rotation":0,"texture":"#0","tintindex":0},"down":{"uv":[3.0666666,11.466666,2.8,11.633333],"rotation":0,"texture":"#0","tintindex":0}}},{"from":[9.8171425,8.651428,7.5542855],"to":[11.154285,9.097143,8.445714],"rotation":{"angle":0.0,"axis":"y","origin":[-19.6,14.0,8.0]},"faces":{"east":{"uv":[14.0,1.4333333,14.166667,1.5333333],"rotation":0,"texture":"#0","tintindex":0},"south":{"uv":[13.9,11.066667,14.166667,11.166667],"rotation":0,"texture":"#0","tintindex":0},"north":{"uv":[13.9,9.7,14.166667,9.8],"rotation":0,"texture":"#0","tintindex":0},"west":{"uv":[1.5,14.0,1.6666666,14.1],"rotation":0,"texture":"#0","tintindex":0},"up":{"uv":[11.9,5.3333335,11.633333,5.1666665],"rotation":0,"texture":"#0","tintindex":0},"down":{"uv":[2.5333333,13.466666,2.2666667,13.633333],"rotation":0,"texture":"#0","tintindex":0}}},{"from":[11.154285,9.097143,7.5542855],"to":[12.491428,9.542857,8.445714],"rotation":{"angle":0.0,"axis":"y","origin":[-19.6,14.0,8.0]},"faces":{"east":{"uv":[14.0,1.5333333,14.166667,1.6333333],"rotation":0,"texture":"#0","tintindex":0},"south":{"uv":[13.933333,2.6,14.2,2.7],"rotation":0,"texture":"#0","tintindex":0},"north":{"uv":[13.933333,1.8333334,14.2,1.9333333],"rotation":0,"texture":"#0","tintindex":0},"west":{"uv":[1.6666666,14.0,1.8333334,14.1],"rotation":0,"texture":"#0","tintindex":0},"up":{"uv":[13.733334,5.9666667,13.466666,5.8],"rotation":0,"texture":"#0","tintindex":0},"down":{"uv":[13.733334,5.9666667,13.466666,6.133333],"rotation":0,"texture":"#0","tintindex":0}}},{"from":[12.491428,9.542857,7.5542855],"to":[13.828571,9.988571,8.445714],"rotation":{"angle":0.0,"axis":"y","origin":[-19.6,14.0,8.0]},"faces":{"east":{"uv":[14.0,1.9333333,14.166667,2.0333333],"rotation":0,"texture":"#0","tintindex":0},"south":{"uv":[4.4666667,13.933333,4.733333,14.033334],"rotation":0,"texture":"#0","tintindex":0},"north":{"uv":[13.933333,3.5666666,14.2,3.6666667],"rotation":0,"texture":"#0","tintindex":0},"west":{"uv":[14.0,3.8,14.166667,3.9],"rotation":0,"texture":"#0",