{"textures":{"0":"modelengine:entity/airship"},"elements":[{"from":[3.9885712,3.3200002,7.4651427],"to":[10.941714,5.9942856,8.534857],"rotation":{"angle":0.0,"axis":"y","origin":[8.0,8.0,8.0]},"faces":{"east":{"uv":[11.8,1.8666667,12.0,2.4],"rotation":0,"texture":"#0","tintindex":0},"south":{"uv":[10.533334,3.5666666,11.9,4.1],"rotation":0,"texture":"#0","tintindex":0},"north":{"uv":[10.433333,1.9,11.8,2.4333334],"rotation":0,"texture":"#0","tintindex":0},"west":{"uv":[11.833333,0.6333333,12.033334,1.1666666],"rotation":0,"texture":"#0","tintindex":0},"up":{"uv":[13.8,9.633333,12.433333,9.433333],"rotation":0,"texture":"#0","tintindex":0},"down":{"uv":[13.8,9.633333,12.433333,9.833333],"rotation":0,"texture":"#0","tintindex":0}}},{"from":[1.8542314,7.5272484,7.430857],"to":[4.5285177,11.271249,8.552],"rotation":{"angle":45.0,"axis":"z","origin":[8.0,8.0,8.0]},"faces":{"east":{"uv":[5.5666666,10.6,5.766667,11.333333],"rotation":0,"texture":"#0","tintindex":0},"south":{"uv":[12.1,0.6333333,12.633333,1.3666667],"rotation":0,"texture":"#0","tintindex":0},"north":{"uv":[12.066667,6.4333334,12.6,7.1666665],"rotation":0,"texture":"#0","tintindex":0},"west":{"uv":[12.666667,11.4,12.866667,12.133333],"rotation":0,"texture":"#0","tintindex":0},"up":{"uv":[11.066667,4.3,10.533334,4.1],"rotation":0,"texture":"#0","tintindex":0},"down":{"uv":[11.7,3.2666667,11.166667,3.4666667],"rotation":0,"texture":"#0","tintindex":0}}},{"from":[6.7708464,2.6106343,7.430857],"to":[10.514847,5.2849197,8.552],"rotation":{"angle":45.0,"axis":"z","origin":[8.0,8.0,8.0]},"faces":{"east":{"uv":[12.866667,11.266666,13.066667,11.8],"rotation":0,"texture":"#0","tintindex":0},"south":{"uv":[1.9666667,12.1,2.7,12.633333],"rotation":0,"texture":"#0","tintindex":0},"north":{"uv":[12.066667,7.1666665,12.8,7.7],"rotation":0,"texture":"#0","tintindex":0},"west":{"uv":[12.9,0.0,13.1,0.53333336],"rotation":0,"texture":"#0","tintindex":0},"up":{"uv":[11.166667,2.6333334,10.433333,2.4333334],"rotation":0,"texture":"#0","tintindex":0},"down":{"uv":[11.666667,9.1,10.933333,9.3],"rotation":0,"texture":"#0","tintindex":0}}},{"from":[9.337143,2.2502851,7.839543],"to":[10.4068575,3.3200002,8.160458],"rotation":{"angle":0.0,"axis":"y","origin":[8.0,8.0,8.0]},"faces":{"east":{"uv":[5.8,9.133333,5.866667,9.333333],"rotation":0,"texture":"#0","tintindex":0},"south":{"uv":[13.733334,5.8,13.933333,6.0],"rotation":0,"texture":"#0","tintindex":0},"north":{"uv":[5.5666666,13.733334,5.766667,13.933333],"rotation":0,"texture":"#0","tintindex":0},"west":{"uv":[5.8,9.333333,5.866667,9.533334],"rotation":0,"texture":"#0","tintindex":0},"up":{"uv":[8.133333,4.766667,7.9333334,4.7],"rotation":0,"texture":"#0","tintindex":0},"down":{"uv":[8.333333,4.7,8.133333,4.766667],"rotation":0,"texture":"#0","tintindex":0}}},{"from":[7.4651427,1.1805711,9.711543],"to":[8.534857,2.2502851,10.032457],"rotation":{"angle":45.0,"axis":"y","origin":[8.0,8.0,8.0]},"faces":{"east":{"uv":[5.8,9.533334,5.866667,9.733334],"rotation":0,"texture":"#0","tintindex":0},"south":{"uv":[13.766666,2.4,13.966666,2.6],"rotation":0,"texture":"#0","tintindex":0},"north":{"uv":[13.733334,11.9,13.933333,12.1],"rotation":0,"texture":"#0","tintindex":0},"west":{"uv":[5.8,9.733334,5.866667,9.933333],"rotation":0,"texture":"#0","tintindex":0},"up":{"uv":[8.533334,4.766667,8.333333,4.7],"rotation":0,"texture":"#0","tintindex":0},"down":{"uv":[8.733334,4.7,8.533334,4.766667],"rotation":0,"texture":"#0","tintindex":0}}},{"from":[9.337143,0.11085701,7.839543],"to":[10.4068575,1.1805711,8.160458],"rotation":{"angle":0.0,"axis":"y","origin":[8.0,8.0,8.0]},"faces":{"east":{"uv":[9.8,2.7,9.866667,2.9],"rotation":0,"texture":"#0","tintindex":0},"south":{"uv":[6.3,13.766666,6.5,13.966666],"rotation":0,"texture":"#0","tintindex":0},"north":{"uv":[13.766666,2.7,13.966666,2.9],"rotation":0,"texture":"#0","tintindex":0},"west":{"uv":[9.8,2.9,9.866667,3.1],"rotation":0,"texture":"#0","tintindex":0},"up":{"uv":[9.4,7.366667,9.2,7.3],"rotation":0,"texture":"#0","tintindex":0},"down":{"uv":[9.6,7.3,9.4,7.366667],"rotation":0,"texture":"#0","tintindex":0}}},{"from":[6.662857,-2.5634289,6.9302855],"to":[8.267428,-0.4239998,9.069715],"rotation":{"angle":0.0,"axis":"y","origin":[8.0,8.0,8.0]},"faces":{"east":{"uv":[8.8,4.366667,9.2,4.766667],"rotation":0,"texture":"#0","tintindex":0},"south":{"uv":[12.8,7.1666665,13.1,7.5666666],"rotation":0,"texture":"#0","tintindex":0},"north":{"uv":[1.9666667,11.033334,2.2666667,11.433333],"rotation":0,"texture":"#0","tintindex":0},"west":{"uv":[9.9,9.366667,10.3,9.766666],"rotation":0,"texture":"#0","tintindex":0},"up":{"uv":[12.166667,13.2,11.866667,12.8],"rotation":0,"texture":"#0","tintindex":0},"down":{"uv":[13.133333,7.5666666,12.833333,7.9666667],"rotation":0,"texture":"#0","tintindex":0}}},{"from":[8.267428,-3.0982866,6.3954287],"to":[11.476572,0.11085701,9.604571],"rotation":{"angle":0.0,"axis":"y","origin":[8.0,8.0,8.0]},"faces":{"east":{"uv":[11.766666,8.466666,12.4,9.1],"rotation":0,"texture":"#0","tintindex":0},"south":{"uv":[11.8,9.1,12.433333,9.733334],"rotation":0,"texture":"#0","tintindex":0},"north":{"uv":[11.766666,7.8333335,12.4,8.466666],"rotation":0,"texture":"#0","tintindex":0},"west":{"uv":[11.8,9.733334,12.433333,10.366667],"rotation":0,"texture":"#0","tintindex":0},"up":{"uv":[11.466666,12.433333,10.833333,11.8],"rotation":0,"texture":"#0","tintindex":0},"down":{"uv":[12.466666,0.0,11.833333,0.6333333],"rotation":0,"texture":"#0","tintindex":0}}},{"from":[3.4537144,-3.0982866,6.3954287],"to":[6.662857,0.11085701,9.604571],"rotation":{"angle":0.0,"axis":"y","origin":[8.0,8.0,8.0]},"faces":{"east":{"uv":[11.9,3.2666667,12.533334,3.9],"rotation":0,"texture":"#0","tintindex":0},"south":{"uv":[11.9,5.1666665,12.533334,5.8],"rotation":0,"texture":"#0","tintindex":0},"north":{"uv":[4.5333333,11.833333,5.1666665,12.466666],"rotation":0,"texture":"#0","tintindex":0},"west":{"uv":[6.7,11.966666,7.3333335,12.6],"rotation":0,"texture":"#0","tintindex":0},"up":{"uv":[12.633333,2.5,12.0,1.8666667],"rotation":0,"texture":"#0","tintindex":0},"down":{"uv":[12.633333,2.5,12.0,3.1333334],"rotation":0,"texture":"#0","tintindex":0}}},{"from":[4.5234284,0.11085701,7.839543],"to":[5.5931425,1.1805711,8.160458],"rotation":{"angle":0.0,"axis":"y","origin":[8.0,8.0,8.0]},"faces":{"east":{"uv":[8.6,10.1,8.666667,10.3],"rotation":0,"texture":"#0","tintindex":0},"south":{"uv":[13.766666,7.0333333,13.966666,7.233333],"rotation":0,"texture":"#0","tintindex":0},"north":{"uv":[13.766666,6.8333335,13.966666,7.0333333],"rotation":0,"texture":"#0","tintindex":0},"west":{"uv":[8.6,10.3,8.666667,10.5],"rotation":0,"texture":"#0","tintindex":0},"up":{"uv":[9.8,7.366667,9.6,7.3],"rotation":0,"texture":"#0","tintindex":0},"down":{"uv":[10.1,9.766666,9.9,9.833333],"rotation":0,"texture":"#0","tintindex":0}}},{"from":[4.5234284,2.2502851,7.839543],"to":[5.5931425,3.3200002,8.160458],"rotation":{"angle":0.0,"axis":"y","origin":[8.0,8.0,8.0]},"faces":{"east":{"uv":[8.6,10.5,8.666667,10.7],"rotation":0,"texture":"#0","tintindex":0},"south":{"uv":[12.133333,13.766666,12.333333,13.966666],"rotation":0,"texture":"#0","tintindex":0},"north":{"uv":[13.766666,7.233333,13.966666,7.4333334],"rotation":0,"texture":"#0","tintindex":0},"west":{"uv":[8.6,10.7,8.666667,10.9],"rotation":0,"texture":"#0","tintindex":0},"up":{"uv":[10.3,9.833333,10.1,9.766666],"rotation":0,"texture":"#0","tintindex":0},"down":{"uv":[10.633333,2.6333334,10.433333,2.7],"rotation":0,"texture":"#0","tintindex":0}}},{"from":[7.4651427,1.1805711,4.897828],"to":[8.534857,2.2502851,5.218743],"rotation":{"angle":45.0,"axis":"y","origin":[8.0,8.0,8.0]},"faces":{"east":{"uv":[8.6,10.9,8.666667,11.1],"rotation":0,"texture":"#0","tintindex":0},"south":{"uv":[0.4,13.8,0.6,14.0],"rotation":0,"texture":"#0","tintindex":0},"north":{"uv":[0.2,13.8,0.4,14.0],"rotation":0,"texture":"#0","tintindex":0},"west":{"uv":[10.266666,11.3,10.333333,11.5],"rotation":0,"texture":"#0","tintindex":0},