{"textures":{"0":"modelengine:entity/airship","1":"modelengine:entity/stearingwheel"},"elements":[{"name":"cube","from":[6.671428,6.928571,0.79999924],"to":[8.9,9.157143,18.62857],"rotation":{"angle":0.0,"axis":"x","origin":[-45.14286,26.428572,-10.342857]},"faces":{"down":{"uv":[0.0,0.0,0.0,0.0],"rotation":0,"texture":"#0","tintindex":0},"east":{"uv":[13.900001,4.9333334,12.5,5.1000004],"rotation":0,"texture":"#0","tintindex":0},"north":{"uv":[14.066668,2.0333333,13.900001,2.2],"rotation":0,"texture":"#0","tintindex":0},"south":{"uv":[0.16666667,13.900001,0.0,14.066668],"rotation":0,"texture":"#0","tintindex":0},"up":{"uv":[8.033334,12.166667,7.866667,13.566668],"rotation":0,"texture":"#0","tintindex":0},"west":{"uv":[13.933333,3.2333333,12.533333,3.4],"rotation":0,"texture":"#0","tintindex":0}}},{"name":"cube","from":[7.785714,6.928571,18.62857],"to":[10.014286,9.157143,21.97143],"rotation":{"angle":0.0,"axis":"x","origin":[-45.14286,26.428572,-10.342857]},"faces":{"down":{"uv":[0.0,0.0,0.0,0.0],"rotation":0,"texture":"#0","tintindex":0},"east":{"uv":[13.766666,7.166667,13.5,7.3333335],"rotation":0,"texture":"#0","tintindex":0},"north":{"uv":[14.066668,4.9333334,13.900001,5.1000004],"rotation":0,"texture":"#0","tintindex":0},"south":{"uv":[2.6666667,13.900001,2.5,14.066668],"rotation":0,"texture":"#0","tintindex":0},"up":{"uv":[11.833334,13.433333,11.666667,13.7],"rotation":0,"texture":"#0","tintindex":0},"west":{"uv":[13.766666,7.3333335,13.5,7.5],"rotation":0,"texture":"#0","tintindex":0}}},{"name":"cube","from":[8.9,6.928571,21.97143],"to":[11.128571,9.157143,25.314285],"rotation":{"angle":0.0,"axis":"x","origin":[-45.14286,26.428572,-10.342857]},"faces":{"down":{"uv":[0.0,0.0,0.0,0.0],"rotation":0,"texture":"#0","tintindex":0},"east":{"uv":[13.766666,12.900001,13.5,13.066668],"rotation":0,"texture":"#0","tintindex":0},"north":{"uv":[14.066668,5.266667,13.900001,5.4333334],"rotation":0,"texture":"#0","tintindex":0},"south":{"uv":[14.066668,5.1000004,13.900001,5.266667],"rotation":0,"texture":"#0","tintindex":0},"up":{"uv":[0.43333334,13.533333,0.26666668,13.800001],"rotation":0,"texture":"#0","tintindex":0},"west":{"uv":[0.26666668,13.533333,0.0,13.7],"rotation":0,"texture":"#0","tintindex":0}}},{"name":"cube","from":[10.014286,6.928571,25.314285],"to":[12.242857,9.157143,27.542854],"rotation":{"angle":0.0,"axis":"x","origin":[-45.14286,26.428572,-10.342857]},"faces":{"down":{"uv":[0.0,0.0,0.0,0.0],"rotation":0,"texture":"#0","tintindex":0},"east":{"uv":[14.066668,9.533334,13.900001,9.700001],"rotation":0,"texture":"#0","tintindex":0},"north":{"uv":[9.933333,13.900001,9.766666,14.066668],"rotation":0,"texture":"#0","tintindex":0},"south":{"uv":[14.066668,9.366667,13.900001,9.533334],"rotation":0,"texture":"#0","tintindex":0},"up":{"uv":[14.066668,11.666667,13.900001,11.833334],"rotation":0,"texture":"#0","tintindex":0},"west":{"uv":[14.066668,11.5,13.900001,11.666667],"rotation":0,"texture":"#0","tintindex":0}}},{"name":"cube","from":[12.242857,6.928571,27.542854],"to":[14.471428,9.157143,29.771431],"rotation":{"angle":0.0,"axis":"x","origin":[-45.14286,26.428572,-10.342857]},"faces":{"down":{"uv":[0.0,0.0,0.0,0.0],"rotation":0,"texture":"#0","tintindex":0},"east":{"uv":[14.1,0.40000004,13.933333,0.5666667],"rotation":0,"texture":"#0","tintindex":0},"north":{"uv":[14.1,0.8333334,13.933333,1.0],"rotation":0,"texture":"#0","tintindex":0},"south":{"uv":[14.066668,12.266666,13.900001,12.433333],"rotation":0,"texture":"#0","tintindex":0},"up":{"uv":[14.1,2.2,13.933333,2.3666668],"rotation":0,"texture":"#0","tintindex":0},"west":{"uv":[14.1,1.1666667,13.933333,1.3333334],"rotation":0,"texture":"#0","tintindex":0}}},{"name":"cube","from":[8.9,8.042856,-2.5428572],"to":[26.72857,8.042856,32.0],"rotation":{"angle":0.0,"axis":"x","origin":[-45.14286,26.428572,-10.342857]},"faces":{"down":{"uv":[0.0,0.0,0.0,0.0],"rotation":0,"texture":"#0","tintindex":0},"east":{"uv":[2.7000003,0.0,0.0,0.0],"rotation":0,"texture":"#0","tintindex":0},"north":{"uv":[1.4,0.0,0.0,0.0],"rotation":0,"texture":"#0","tintindex":0},"south":{"uv":[1.4,0.0,0.0,0.0],"rotation":0,"texture":"#0","tintindex":0},"up":{"uv":[2.8,4.8,1.4,7.5],"rotation":0,"texture":"#0","tintindex":0},"west":{"uv":[2.7000003,0.0,0.0,0.0],"rotation":0,"texture":"#0","tintindex":0}}},{"name":"cube","from":[14.471428,6.928571,29.771431],"to":[16.7,9.157143,32.0],"rotation":{"angle":0.0,"axis":"x","origin":[-45.14286,26.428572,-10.342857]},"faces":{"down":{"uv":[0.0,0.0,0.0,0.0],"rotation":0,"texture":"#0","tintindex":0},"east":{"uv":[14.1,3.2333333,13.933333,3.4],"rotation":0,"texture":"#0","tintindex":0},"north":{"uv":[3.4666667,13.933333,3.3,14.1],"rotation":0,"texture":"#0","tintindex":0},"south":{"uv":[3.3,13.933333,3.1333332,14.1],"rotation":0,"texture":"#0","tintindex":0},"up":{"uv":[4.133333,13.933333,3.9666667,14.1],"rotation":0,"texture":"#0","tintindex":0},"west":{"uv":[14.1,3.4,13.933333,3.5666666],"rotation":0,"texture":"#0","tintindex":0}}},{"name":"cube","from":[6.1142855,6.3714285,-2.5428572],"to":[9.457142,9.714285,0.79999924],"rotation":{"angle":0.0,"axis":"x","origin":[-45.14286,26.428572,-10.342857]},"faces":{"down":{"uv":[0.0,0.0,0.0,0.0],"rotation":0,"texture":"#0","tintindex":0},"east":{"uv":[7.066667,13.233334,6.8,13.5],"rotation":0,"texture":"#0","tintindex":0},"north":{"uv":[13.5,6.8333335,13.233334,7.1],"rotation":0,"texture":"#0","tintindex":0},"south":{"uv":[10.433333,0.8666667,10.166667,1.1333334],"rotation":0,"texture":"#0","tintindex":0},"up":{"uv":[13.5,7.366667,13.233334,7.633333],"rotation":0,"texture":"#0","tintindex":0},"west":{"uv":[13.5,7.1,13.233334,7.366667],"rotation":0,"texture":"#0","tintindex":0}}}],"display":{"head":{"translation":[0.0,-6.4,34.88],"rotation":[0.0,0.0,0.0],"scale":[3.7333333,3.7333333,3.7333333]}}}