{"textures":{"0":"modelengine:entity/airship","1":"modelengine:entity/stearingwheel"},"elements":[{"name":"cube","from":[7.442,7.55,8.9],"to":[8.378,8.486,16.388],"rotation":{"angle":0.0,"axis":"x","origin":[-14.320001,15.74,4.22]},"faces":{"down":{"uv":[0.0,0.0,0.0,0.0],"rotation":0,"texture":"#0","tintindex":0},"east":{"uv":[13.900001,4.9333334,12.5,5.1000004],"rotation":0,"texture":"#0","tintindex":0},"north":{"uv":[14.066668,2.0333333,13.900001,2.2],"rotation":0,"texture":"#0","tintindex":0},"south":{"uv":[0.16666667,13.900001,0.0,14.066668],"rotation":0,"texture":"#0","tintindex":0},"up":{"uv":[8.033334,12.166667,7.866667,13.566668],"rotation":0,"texture":"#0","tintindex":0},"west":{"uv":[13.933333,3.2333333,12.533333,3.4],"rotation":0,"texture":"#0","tintindex":0}}},{"name":"cube","from":[7.91,7.55,16.388],"to":[8.846,8.486,17.792],"rotation":{"angle":0.0,"axis":"x","origin":[-14.320001,15.74,4.22]},"faces":{"down":{"uv":[0.0,0.0,0.0,0.0],"rotation":0,"texture":"#0","tintindex":0},"east":{"uv":[13.766666,7.166667,13.5,7.3333335],"rotation":0,"texture":"#0","tintindex":0},"north":{"uv":[14.066668,4.9333334,13.900001,5.1000004],"rotation":0,"texture":"#0","tintindex":0},"south":{"uv":[2.6666667,13.900001,2.5,14.066668],"rotation":0,"texture":"#0","tintindex":0},"up":{"uv":[11.833334,13.433333,11.666667,13.7],"rotation":0,"texture":"#0","tintindex":0},"west":{"uv":[13.766666,7.3333335,13.5,7.5],"rotation":0,"texture":"#0","tintindex":0}}},{"name":"cube","from":[8.378,7.55,17.792],"to":[9.314001,8.486,19.196],"rotation":{"angle":0.0,"axis":"x","origin":[-14.320001,15.74,4.22]},"faces":{"down":{"uv":[0.0,0.0,0.0,0.0],"rotation":0,"texture":"#0","tintindex":0},"east":{"uv":[13.766666,12.900001,13.5,13.066668],"rotation":0,"texture":"#0","tintindex":0},"north":{"uv":[14.066668,5.266667,13.900001,5.4333334],"rotation":0,"texture":"#0","tintindex":0},"south":{"uv":[14.066668,5.1000004,13.900001,5.266667],"rotation":0,"texture":"#0","tintindex":0},"up":{"uv":[0.43333334,13.533333,0.26666668,13.800001],"rotation":0,"texture":"#0","tintindex":0},"west":{"uv":[0.26666668,13.533333,0.0,13.7],"rotation":0,"texture":"#0","tintindex":0}}},{"name":"cube","from":[8.846,7.55,19.196],"to":[9.782,8.486,20.132],"rotation":{"angle":0.0,"axis":"x","origin":[-14.320001,15.74,4.22]},"faces":{"down":{"uv":[0.0,0.0,0.0,0.0],"rotation":0,"texture":"#0","tintindex":0},"east":{"uv":[14.066668,9.533334,13.900001,9.700001],"rotation":0,"texture":"#0","tintindex":0},"north":{"uv":[9.933333,13.900001,9.766666,14.066668],"rotation":0,"texture":"#0","tintindex":0},"south":{"uv":[14.066668,9.366667,13.900001,9.533334],"rotation":0,"texture":"#0","tintindex":0},"up":{"uv":[14.066668,11.666667,13.900001,11.833334],"rotation":0,"texture":"#0","tintindex":0},"west":{"uv":[14.066668,11.5,13.900001,11.666667],"rotation":0,"texture":"#0","tintindex":0}}},{"name":"cube","from":[9.782,7.55,20.132],"to":[10.718,8.486,21.068],"rotation":{"angle":0.0,"axis":"x","origin":[-14.320001,15.74,4.22]},"faces":{"down":{"uv":[0.0,0.0,0.0,0.0],"rotation":0,"texture":"#0","tintindex":0},"east":{"uv":[14.1,0.40000004,13.933333,0.5666667],"rotation":0,"texture":"#0","tintindex":0},"north":{"uv":[14.1,0.8333334,13.933333,1.0],"rotation":0,"texture":"#0","tintindex":0},"south":{"uv":[14.066668,12.266666,13.900001,12.433333],"rotation":0,"texture":"#0","tintindex":0},"up":{"uv":[14.1,2.2,13.933333,2.3666668],"rotation":0,"texture":"#0","tintindex":0},"west":{"uv":[14.1,1.1666667,13.933333,1.3333334],"rotation":0,"texture":"#0","tintindex":0}}},{"name":"cube","from":[8.378,8.018,7.496],"to":[15.866001,8.018,22.004002],"rotation":{"angle":0.0,"axis":"x","origin":[-14.320001,15.74,4.22]},"faces":{"down":{"uv":[0.0,0.0,0.0,0.0],"rotation":0,"texture":"#0","tintindex":0},"east":{"uv":[2.7000003,0.0,0.0,0.0],"rotation":0,"texture":"#0","tintindex":0},"north":{"uv":[1.4,0.0,0.0,0.0],"rotation":0,"texture":"#0","tintindex":0},"south":{"uv":[1.4,0.0,0.0,0.0],"rotation":0,"texture":"#0","tintindex":0},"up":{"uv":[2.8,4.8,1.4,7.5],"rotation":0,"texture":"#0","tintindex":0},"west":{"uv":[2.7000003,0.0,0.0,0.0],"rotation":0,"texture":"#0","tintindex":0}}},{"name":"cube","from":[10.718,7.55,21.068],"to":[11.654,8.486,22.004002],"rotation":{"angle":0.0,"axis":"x","origin":[-14.320001,15.74,4.22]},"faces":{"down":{"uv":[0.0,0.0,0.0,0.0],"rotation":0,"texture":"#0","tintindex":0},"east":{"uv":[14.1,3.2333333,13.933333,3.4],"rotation":0,"texture":"#0","tintindex":0},"north":{"uv":[3.4666667,13.933333,3.3,14.1],"rotation":0,"texture":"#0","tintindex":0},"south":{"uv":[3.3,13.933333,3.1333332,14.1],"rotation":0,"texture":"#0","tintindex":0},"up":{"uv":[4.133333,13.933333,3.9666667,14.1],"rotation":0,"texture":"#0","tintindex":0},"west":{"uv":[14.1,3.4,13.933333,3.5666666],"rotation":0,"texture":"#0","tintindex":0}}},{"name":"cube","from":[7.2079997,7.316,7.496],"to":[8.612,8.719999,8.9],"rotation":{"angle":0.0,"axis":"x","origin":[-14.320001,15.74,4.22]},"faces":{"down":{"uv":[0.0,0.0,0.0,0.0],"rotation":0,"texture":"#0","tintindex":0},"east":{"uv":[7.066667,13.233334,6.8,13.5],"rotation":0,"texture":"#0","tintindex":0},"north":{"uv":[13.5,6.8333335,13.233334,7.1],"rotation":0,"texture":"#0","tintindex":0},"south":{"uv":[10.433333,0.8666667,10.166667,1.1333334],"rotation":0,"texture":"#0","tintindex":0},"up":{"uv":[13.5,7.366667,13.233334,7.633333],"rotation":0,"texture":"#0","tintindex":0},"west":{"uv":[13.5,7.1,13.233334,7.366667],"rotation":0,"texture":"#0","tintindex":0}}}],"display":{"head":{"translation":[0.0,-6.4,0.0],"rotation":[0.0,0.0,0.0],"scale":[3.8095,3.8095,3.8095]}}}