{"textures":{"0":"modelengine:entity/airship","1":"modelengine:entity/stearingwheel"},"elements":[{"name":"cube","from":[7.442,7.55,-0.38800073],"to":[8.378,8.486,7.1],"rotation":{"angle":0.0,"axis":"x","origin":[-14.320001,15.74,11.780001]},"faces":{"down":{"uv":[6.633333,12.366667,6.4666667,13.766666],"rotation":0,"texture":"#0","tintindex":0},"east":{"uv":[12.5,4.9333334,13.900001,5.1000004],"rotation":0,"texture":"#0","tintindex":0},"north":{"uv":[0.0,13.900001,0.16666667,14.066668],"rotation":0,"texture":"#0","tintindex":0},"south":{"uv":[13.900001,2.0333333,14.066668,2.2],"rotation":0,"texture":"#0","tintindex":0},"up":{"uv":[8.033334,13.566668,7.866667,12.166667],"rotation":0,"texture":"#0","tintindex":0},"west":{"uv":[12.533333,3.2333333,13.933333,3.4],"rotation":0,"texture":"#0","tintindex":0}}},{"name":"cube","from":[7.91,7.55,-1.7920003],"to":[8.846,8.486,-0.38800073],"rotation":{"angle":0.0,"axis":"x","origin":[-14.320001,15.74,11.780001]},"faces":{"down":{"uv":[12.300001,13.5,12.133334,13.766666],"rotation":0,"texture":"#0","tintindex":0},"east":{"uv":[13.5,7.166667,13.766666,7.3333335],"rotation":0,"texture":"#0","tintindex":0},"north":{"uv":[2.5,13.900001,2.6666667,14.066668],"rotation":0,"texture":"#0","tintindex":0},"south":{"uv":[13.900001,4.9333334,14.066668,5.1000004],"rotation":0,"texture":"#0","tintindex":0},"up":{"uv":[11.833334,13.7,11.666667,13.433333],"rotation":0,"texture":"#0","tintindex":0},"west":{"uv":[13.5,7.3333335,13.766666,7.5],"rotation":0,"texture":"#0","tintindex":0}}},{"name":"cube","from":[8.378,7.55,-3.1960006],"to":[9.314001,8.486,-1.7920003],"rotation":{"angle":0.0,"axis":"x","origin":[-14.320001,15.74,11.780001]},"faces":{"down":{"uv":[0.6,13.533333,0.43333334,13.800001],"rotation":0,"texture":"#0","tintindex":0},"east":{"uv":[13.5,12.900001,13.766666,13.066668],"rotation":0,"texture":"#0","tintindex":0},"north":{"uv":[13.900001,5.1000004,14.066668,5.266667],"rotation":0,"texture":"#0","tintindex":0},"south":{"uv":[13.900001,5.266667,14.066668,5.4333334],"rotation":0,"texture":"#0","tintindex":0},"up":{"uv":[0.43333334,13.800001,0.26666668,13.533333],"rotation":0,"texture":"#0","tintindex":0},"west":{"uv":[0.0,13.533333,0.26666668,13.7],"rotation":0,"texture":"#0","tintindex":0}}},{"name":"cube","from":[8.846,7.55,-4.1320014],"to":[9.782,8.486,-3.1960006],"rotation":{"angle":0.0,"axis":"x","origin":[-14.320001,15.74,11.780001]},"faces":{"down":{"uv":[14.066668,12.1,13.900001,12.266666],"rotation":0,"texture":"#0","tintindex":0},"east":{"uv":[13.900001,9.533334,14.066668,9.700001],"rotation":0,"texture":"#0","tintindex":0},"north":{"uv":[13.900001,9.366667,14.066668,9.533334],"rotation":0,"texture":"#0","tintindex":0},"south":{"uv":[9.766666,13.900001,9.933333,14.066668],"rotation":0,"texture":"#0","tintindex":0},"up":{"uv":[14.066668,11.833334,13.900001,11.666667],"rotation":0,"texture":"#0","tintindex":0},"west":{"uv":[13.900001,11.5,14.066668,11.666667],"rotation":0,"texture":"#0","tintindex":0}}},{"name":"cube","from":[9.782,7.55,-5.068],"to":[10.718,8.486,-4.1320014],"rotation":{"angle":0.0,"axis":"x","origin":[-14.320001,15.74,11.780001]},"faces":{"down":{"uv":[3.1333332,13.933333,2.9666667,14.1],"rotation":0,"texture":"#0","tintindex":0},"east":{"uv":[13.933333,0.40000004,14.1,0.5666667],"rotation":0,"texture":"#0","tintindex":0},"north":{"uv":[13.900001,12.266666,14.066668,12.433333],"rotation":0,"texture":"#0","tintindex":0},"south":{"uv":[13.933333,0.8333334,14.1,1.0],"rotation":0,"texture":"#0","tintindex":0},"up":{"uv":[14.1,2.3666668,13.933333,2.2],"rotation":0,"texture":"#0","tintindex":0},"west":{"uv":[13.933333,1.1666667,14.1,1.3333334],"rotation":0,"texture":"#0","tintindex":0}}},{"name":"cube","from":[8.198,8.018,-6.0040007],"to":[15.686,8.018,8.504],"rotation":{"angle":0.0,"axis":"x","origin":[-14.320001,15.74,11.780001]},"faces":{"down":{"uv":[0.0,0.0,0.0,0.0],"rotation":0,"texture":"#0","tintindex":0},"east":{"uv":[0.0,0.0,0.0,0.0],"rotation":0,"texture":"#0","tintindex":0},"north":{"uv":[0.0,0.0,1.4,0.0],"rotation":0,"texture":"#0","tintindex":0},"south":{"uv":[0.0,0.0,0.0,0.0],"rotation":0,"texture":"#0","tintindex":0},"up":{"uv":[2.8,7.5,1.5,4.8],"rotation":0,"texture":"#0","tintindex":0},"west":{"uv":[0.0,0.0,0.0,0.0],"rotation":0,"texture":"#0","tintindex":0}}},{"name":"cube","from":[10.718,7.55,-6.0040007],"to":[11.654,8.486,-5.068],"rotation":{"angle":0.0,"axis":"x","origin":[-14.320001,15.74,11.780001]},"faces":{"down":{"uv":[4.3,13.933333,4.133333,14.1],"rotation":0,"texture":"#0","tintindex":0},"east":{"uv":[13.933333,3.2333333,14.1,3.4],"rotation":0,"texture":"#0","tintindex":0},"north":{"uv":[3.1333332,13.933333,3.3,14.1],"rotation":0,"texture":"#0","tintindex":0},"south":{"uv":[3.3,13.933333,3.4666667,14.1],"rotation":0,"texture":"#0","tintindex":0},"up":{"uv":[4.133333,14.1,3.9666667,13.933333],"rotation":0,"texture":"#0","tintindex":0},"west":{"uv":[13.933333,3.4,14.1,3.5666666],"rotation":0,"texture":"#0","tintindex":0}}},{"name":"cube","from":[10.718,7.55,-6.0040007],"to":[11.654,8.486,-5.068],"rotation":{"angle":0.0,"axis":"x","origin":[-14.320001,15.74,11.780001]},"faces":{"down":{"uv":[4.3,13.933333,4.133333,14.1],"rotation":0,"texture":"#0","tintindex":0},"east":{"uv":[13.933333,3.2333333,14.1,3.4],"rotation":0,"texture":"#0","tintindex":0},"north":{"uv":[3.1333332,13.933333,3.3,14.1],"rotation":0,"texture":"#0","tintindex":0},"south":{"uv":[3.3,13.933333,3.4666667,14.1],"rotation":0,"texture":"#0","tintindex":0},"up":{"uv":[4.133333,14.1,3.9666667,13.933333],"rotation":0,"texture":"#0","tintindex":0},"west":{"uv":[13.933333,3.4,14.1,3.5666666],"rotation":0,"texture":"#0","tintindex":0}}},{"name":"cube","from":[9.782,7.55,-5.068],"to":[10.718,8.486,-4.1320014],"rotation":{"angle":0.0,"axis":"x","origin":[-14.320001,15.74,11.780001]},"faces":{"down":{"uv":[3.1333332,13.933333,2.9666667,14.1],"rotation":0,"texture":"#0","tintindex":0},"east":{"uv":[13.933333,0.40000004,14.1,0.5666667],"rotation":0,"texture":"#0","tintindex":0},"north":{"uv":[13.900001,12.266666,14.066668,12.433333],"rotation":0,"texture":"#0","tintindex":0},"south":{"uv":[13.933333,0.8333334,14.1,1.0],"rotation":0,"texture":"#0","tintindex":0},"up":{"uv":[14.1,2.3666668,13.933333,2.2],"rotation":0,"texture":"#0","tintindex":0},"west":{"uv":[13.933333,1.1666667,14.1,1.3333334],"rotation":0,"texture":"#0","tintindex":0}}},{"name":"cube","from":[8.846,7.55,-4.1320014],"to":[9.782,8.486,-3.1960006],"rotation":{"angle":0.0,"axis":"x","origin":[-14.320001,15.74,11.780001]},"faces":{"down":{"uv":[14.066668,12.1,13.900001,12.266666],"rotation":0,"texture":"#0","tintindex":0},"east":{"uv":[13.900001,9.533334,14.066668,9.700001],"rotation":0,"texture":"#0","tintindex":0},"north":{"uv":[13.900001,9.366667,14.066668,9.533334],"rotation":0,"texture":"#0","tintindex":0},"south":{"uv":[9.766666,13.900001,9.933333,14.066668],"rotation":0,"texture":"#0","tintindex":0},"up":{"uv":[14.066668,11.833334,13.900001,11.666667],"rotation":0,"texture":"#0","tintindex":0},"west":{"uv":[13.900001,11.5,14.066668,11.666667],"rotation":0,"texture":"#0","tintindex":0}}},{"name":"cube","from":[8.378,7.55,-3.1960006],"to":[9.314001,8.486,-1.7920003],"rotation":{"angle":0.0,"axis":"x","origin":[-14.320001,15.74,11.780001]},"faces":{"down":{"uv":[0.6,13.533333,0.43333334,13.800001],"rotation":0,"texture":"#0","tintindex":0},"east":{"uv":[13.5,12.900001,13.766666,13.066668],"rotation":0,"texture":"#0","tintindex":0},"north":{"uv":[13.900001,5.1000004,14.066668,5.266667],"rotation":0,"texture":"#0","tintindex":0},"south":{"uv":[13.900001,5.266667,14.066668,5.4333334],"rotation":0,"texture":"#0","tintindex":0},"up":{"uv":[0.43333334,13.800001,0.26666668,13.533333],"rotation":0,"texture":"#0","tintindex":0},"west":{"uv":[0.0,13.533333,0.26666668,13.7],"rotation":0,"texture":"#0","tintindex":0}}},{"name":"cube","from":[7.91,7.55,-1.7920003],"to":[8.846,8.486,-0.38800073],"rotation":{"angle":0.0,"axis":"x",