{"textures":{"0":"modelengine:entity/airship"},"elements":[{"from":[8.500571,8.209143,12.278857],"to":[17.058287,8.209143,20.836573],"rotation":{"angle":0.0,"axis":"y","origin":[-20.114288,-7.257144,8.0]},"faces":{"east":{"uv":[0.0,0.0,1.6666666,0.0],"rotation":0,"texture":"#0","tintindex":0},"south":{"uv":[0.0,0.0,1.6666666,0.0],"rotation":0,"texture":"#0","tintindex":0},"north":{"uv":[0.0,0.0,1.6666666,0.0],"rotation":0,"texture":"#0","tintindex":0},"west":{"uv":[0.0,0.0,1.6666666,0.0],"rotation":0,"texture":"#0","tintindex":0},"up":{"uv":[6.133333,7.6666665,4.4666667,6.0],"rotation":0,"texture":"#0","tintindex":0}}},{"from":[10.105143,7.674286,19.766857],"to":[11.174857,8.744,20.836573],"rotation":{"angle":0.0,"axis":"y","origin":[-20.114288,-7.257144,8.0]},"faces":{"east":{"uv":[13.733334,13.8,13.933333,14.0],"rotation":0,"texture":"#0","tintindex":0},"south":{"uv":[2.2,13.833333,2.4,14.033334],"rotation":0,"texture":"#0","tintindex":0},"north":{"uv":[13.533334,13.8,13.733334,14.0],"rotation":0,"texture":"#0","tintindex":0},"west":{"uv":[13.833333,2.9,14.033334,3.1],"rotation":0,"texture":"#0","tintindex":0},"up":{"uv":[14.033334,6.2,13.833333,6.0],"rotation":0,"texture":"#0","tintindex":0},"down":{"uv":[14.033334,6.2,13.833333,6.4],"rotation":0,"texture":"#0","tintindex":0}}},{"from":[9.035429,7.674286,18.697144],"to":[10.105143,8.744,19.766857],"rotation":{"angle":0.0,"axis":"y","origin":[-20.114288,-7.257144,8.0]},"faces":{"east":{"uv":[13.833333,13.6,14.033334,13.8],"rotation":0,"texture":"#0","tintindex":0},"south":{"uv":[13.866667,1.6333333,14.066667,1.8333334],"rotation":0,"texture":"#0","tintindex":0},"north":{"uv":[11.766666,13.833333,11.966666,14.033334],"rotation":0,"texture":"#0","tintindex":0},"west":{"uv":[1.9,13.866667,2.1,14.066667],"rotation":0,"texture":"#0","tintindex":0},"up":{"uv":[14.066667,4.3,13.866667,4.1],"rotation":0,"texture":"#0","tintindex":0},"down":{"uv":[14.066667,4.3,13.866667,4.5],"rotation":0,"texture":"#0","tintindex":0}}},{"from":[8.500571,7.674286,17.092571],"to":[9.570286,8.744,18.697144],"rotation":{"angle":0.0,"axis":"y","origin":[-20.114288,-7.257144,8.0]},"faces":{"east":{"uv":[13.3,9.066667,13.6,9.266666],"rotation":0,"texture":"#0","tintindex":0},"south":{"uv":[6.6,13.866667,6.8,14.066667],"rotation":0,"texture":"#0","tintindex":0},"north":{"uv":[6.1,13.866667,6.3,14.066667],"rotation":0,"texture":"#0","tintindex":0},"west":{"uv":[10.366667,13.333333,10.666667,13.533334],"rotation":0,"texture":"#0","tintindex":0},"up":{"uv":[13.533334,13.6,13.333333,13.3],"rotation":0,"texture":"#0","tintindex":0},"down":{"uv":[13.566667,1.3333334,13.366667,1.6333333],"rotation":0,"texture":"#0","tintindex":0}}},{"from":[7.9657145,7.674286,15.488001],"to":[9.035429,8.744,17.092571],"rotation":{"angle":0.0,"axis":"y","origin":[-20.114288,-7.257144,8.0]},"faces":{"east":{"uv":[13.366667,1.6333333,13.666667,1.8333334],"rotation":0,"texture":"#0","tintindex":0},"south":{"uv":[7.0,13.866667,7.2,14.066667],"rotation":0,"texture":"#0","tintindex":0},"north":{"uv":[6.8,13.866667,7.0,14.066667],"rotation":0,"texture":"#0","tintindex":0},"west":{"uv":[13.366667,4.1,13.666667,4.3],"rotation":0,"texture":"#0","tintindex":0},"up":{"uv":[13.566667,7.9333334,13.366667,7.633333],"rotation":0,"texture":"#0","tintindex":0},"down":{"uv":[13.566667,7.9333334,13.366667,8.233334],"rotation":0,"texture":"#0","tintindex":0}}},{"from":[7.430857,7.674286,13.883429],"to":[8.500571,8.744,15.488001],"rotation":{"angle":0.0,"axis":"y","origin":[-20.114288,-7.257144,8.0]},"faces":{"east":{"uv":[13.366667,4.3,13.666667,4.5],"rotation":0,"texture":"#0","tintindex":0},"south":{"uv":[13.866667,7.8,14.066667,8.0],"rotation":0,"texture":"#0","tintindex":0},"north":{"uv":[13.866667,7.6,14.066667,7.8],"rotation":0,"texture":"#0","tintindex":0},"west":{"uv":[9.166667,13.366667,9.466666,13.566667],"rotation":0,"texture":"#0","tintindex":0},"up":{"uv":[9.666667,13.666667,9.466666,13.366667],"rotation":0,"texture":"#0","tintindex":0},"down":{"uv":[9.866667,13.366667,9.666667,13.666667],"rotation":0,"texture":"#0","tintindex":0}}},{"from":[7.1634283,7.406857,12.278857],"to":[8.768,9.011429,13.883429],"rotation":{"angle":0.0,"axis":"y","origin":[-20.114288,-7.257144,8.0]},"faces":{"east":{"uv":[2.9666667,13.033334,3.2666667,13.333333],"rotation":0,"texture":"#0","tintindex":0},"south":{"uv":[3.2666667,13.033334,3.5666666,13.333333],"rotation":0,"texture":"#0","tintindex":0},"north":{"uv":[2.6666667,13.033334,2.9666667,13.333333],"rotation":0,"texture":"#0","tintindex":0},"west":{"uv":[7.4333334,13.033334,7.733333,13.333333],"rotation":0,"texture":"#0","tintindex":0},"up":{"uv":[10.366667,13.333333,10.066667,13.033334],"rotation":0,"texture":"#0","tintindex":0},"down":{"uv":[10.666667,13.033334,10.366667,13.333333],"rotation":0,"texture":"#0","tintindex":0}}},{"from":[8.500571,8.209143,-4.8365726],"to":[17.058287,8.209143,3.7211428],"rotation":{"angle":0.0,"axis":"y","origin":[-20.114288,-7.257144,8.0]},"faces":{"east":{"uv":[1.6666666,0.0,0.0,0.0],"rotation":0,"texture":"#0","tintindex":0},"south":{"uv":[1.6666666,0.0,0.0,0.0],"rotation":0,"texture":"#0","tintindex":0},"north":{"uv":[1.6666666,0.0,0.0,0.0],"rotation":0,"texture":"#0","tintindex":0},"west":{"uv":[1.6666666,0.0,0.0,0.0],"rotation":0,"texture":"#0","tintindex":0},"up":{"uv":[6.133333,6.0,4.4666667,7.6666665],"rotation":0,"texture":"#0","tintindex":0},"down":{"uv":[7.8,7.6666665,6.133333,6.0],"rotation":0,"texture":"#0","tintindex":0}}},{"from":[10.105143,7.674286,-4.8365726],"to":[11.174857,8.744,-3.7668571],"rotation":{"angle":0.0,"axis":"y","origin":[-20.114288,-7.257144,8.0]},"faces":{"east":{"uv":[13.933333,13.8,13.733334,14.0],"rotation":0,"texture":"#0","tintindex":0},"south":{"uv":[13.733334,13.8,13.533334,14.0],"rotation":0,"texture":"#0","tintindex":0},"north":{"uv":[2.4,13.833333,2.2,14.033334],"rotation":0,"texture":"#0","tintindex":0},"west":{"uv":[14.033334,2.9,13.833333,3.1],"rotation":0,"texture":"#0","tintindex":0},"up":{"uv":[14.033334,6.0,13.833333,6.2],"rotation":0,"texture":"#0","tintindex":0},"down":{"uv":[14.033334,6.4,13.833333,6.2],"rotation":0,"texture":"#0","tintindex":0}}},{"from":[9.035429,7.674286,-3.7668571],"to":[10.105143,8.744,-2.6971426],"rotation":{"angle":0.0,"axis":"y","origin":[-20.114288,-7.257144,8.0]},"faces":{"east":{"uv":[14.033334,13.6,13.833333,13.8],"rotation":0,"texture":"#0","tintindex":0},"south":{"uv":[11.966666,13.833333,11.766666,14.033334],"rotation":0,"texture":"#0","tintindex":0},"north":{"uv":[14.066667,1.6333333,13.866667,1.8333334],"rotation":0,"texture":"#0","tintindex":0},"west":{"uv":[2.1,13.866667,1.9,14.066667],"rotation":0,"texture":"#0","tintindex":0},"up":{"uv":[14.066667,4.1,13.866667,4.3],"rotation":0,"texture":"#0","tintindex":0},"down":{"uv":[14.066667,4.5,13.866667,4.3],"rotation":0,"texture":"#0","tintindex":0}}},{"from":[8.500571,7.674286,-2.6971426],"to":[9.570286,8.744,-1.0925713],"rotation":{"angle":0.0,"axis":"y","origin":[-20.114288,-7.257144,8.0]},"faces":{"east":{"uv":[13.6,9.066667,13.3,9.266666],"rotation":0,"texture":"#0","tintindex":0},"south":{"uv":[6.3,13.866667,6.1,14.066667],"rotation":0,"texture":"#0","tintindex":0},"north":{"uv":[6.8,13.866667,6.6,14.066667],"rotation":0,"texture":"#0","tintindex":0},"west":{"uv":[10.666667,13.333333,10.366667,13.533334],"rotation":0,"texture":"#0","tintindex":0},"up":{"uv":[13.533334,13.3,13.333333,13.6],"rotation":0,"texture":"#0","tintindex":0},"down":{"uv":[13.566667,1.6333333,13.366667,1.3333334],"rotation":0,"texture":"#0","tintindex":0}}},{"from":[7.9657145,7.674286,-1.0925713],"to":[9.035429,8.744,0.5119996],"rotation":{"angle":0.0,"axis":"y","origin":[-20.114288,-7.257144,8.0]},"faces":{"east":{"uv":[13.666667,1.6333333,13.366667,1.8333334],"rotation":0,"texture":"#0","tintindex":0},"south":{"uv":[7.0,13.866667,6.8,14.066667],"rotation":0,"texture":"#0","tintindex":0},"north":{"uv":[7.2,13.866667,7.0,14.066667],"rotation":0,"texture":"#0","tintindex":0},