{"textures":{"0":"modelengine:entity/twisted_branch"},"elements":[{"from":[5.5852137,15.396387,4.931898],"to":[8.280893,32.0,7.3165383],"rotation":{"angle":45.0,"axis":"x","origin":[6.9330535,18.714148,6.1242185]},"faces":{"east":{"uv":[1.0,2.375,1.375,4.125],"rotation":0,"texture":"#0","tintindex":0},"south":{"uv":[1.0,2.375,1.375,4.125],"rotation":0,"texture":"#0","tintindex":0},"north":{"uv":[1.0,2.375,1.375,4.125],"rotation":0,"texture":"#0","tintindex":0},"west":{"uv":[1.0,2.375,1.375,4.125],"rotation":0,"texture":"#0","tintindex":0},"up":{"uv":[1.0,2.375,1.364,2.697],"rotation":0,"texture":"#0","tintindex":0},"down":{"uv":[1.0,2.375,1.364,2.697],"rotation":0,"texture":"#0","tintindex":0}}},{"from":[7.310745,-12.434288,4.9837384],"to":[9.695385,-0.22226524,7.6794186],"rotation":{"angle":45.0,"axis":"z","origin":[8.503065,-6.8874083,6.3315783]},"faces":{"east":{"uv":[1.0,2.375,1.375,4.125],"rotation":0,"texture":"#0","tintindex":0},"south":{"uv":[1.0,2.375,1.375,4.125],"rotation":0,"texture":"#0","tintindex":0},"north":{"uv":[1.0,2.375,1.375,4.125],"rotation":0,"texture":"#0","tintindex":0},"west":{"uv":[1.0,2.375,1.375,4.125],"rotation":0,"texture":"#0","tintindex":0},"up":{"uv":[1.0,2.375,1.322,2.739],"rotation":0,"texture":"#0","tintindex":0},"down":{"uv":[1.0,2.375,1.322,2.739],"rotation":0,"texture":"#0","tintindex":0}}},{"from":[5.5852137,-12.434288,5.494733],"to":[8.280893,-1.1405735,7.8793726],"rotation":{"angle":45.0,"axis":"x","origin":[6.9330535,-7.8057156,6.6870527]},"faces":{"east":{"uv":[1.0,2.375,1.375,4.125],"rotation":0,"texture":"#0","tintindex":0},"south":{"uv":[1.0,2.375,1.375,4.125],"rotation":0,"texture":"#0","tintindex":0},"north":{"uv":[1.0,2.375,1.375,4.125],"rotation":0,"texture":"#0","tintindex":0},"west":{"uv":[1.0,2.375,1.375,4.125],"rotation":0,"texture":"#0","tintindex":0},"up":{"uv":[1.0,2.375,1.364,2.697],"rotation":0,"texture":"#0","tintindex":0},"down":{"uv":[1.0,2.375,1.364,2.697],"rotation":0,"texture":"#0","tintindex":0}}},{"from":[6.303568,-12.434288,8.271875],"to":[8.688208,-1.1405735,10.967556],"rotation":{"angle":-45.0,"axis":"z","origin":[7.4958878,-7.8057156,9.619716]},"faces":{"east":{"uv":[1.0,2.375,1.375,4.125],"rotation":0,"texture":"#0","tintindex":0},"south":{"uv":[1.0,2.375,1.375,4.125],"rotation":0,"texture":"#0","tintindex":0},"north":{"uv":[1.0,2.375,1.375,4.125],"rotation":0,"texture":"#0","tintindex":0},"west":{"uv":[1.0,2.375,1.375,4.125],"rotation":0,"texture":"#0","tintindex":0},"up":{"uv":[1.0,2.375,1.375,4.125],"rotation":0,"texture":"#0","tintindex":0},"down":{"uv":[1.0,2.375,1.322,2.739],"rotation":0,"texture":"#0","tintindex":0}}},{"from":[7.718059,-12.434288,7.864561],"to":[10.413739,-0.22226524,10.249202],"rotation":{"angle":-45.0,"axis":"x","origin":[9.065899,-6.8874083,9.056881]},"faces":{"east":{"uv":[1.0,2.375,1.375,4.125],"rotation":0,"texture":"#0","tintindex":0},"south":{"uv":[1.0,2.375,1.375,4.125],"rotation":0,"texture":"#0","tintindex":0},"north":{"uv":[1.0,2.375,1.375,4.125],"rotation":0,"texture":"#0","tintindex":0},"west":{"uv":[1.0,2.375,1.375,4.125],"rotation":0,"texture":"#0","tintindex":0},"up":{"uv":[1.0,2.375,1.364,2.697],"rotation":0,"texture":"#0","tintindex":0},"down":{"uv":[1.0,2.375,1.364,2.697],"rotation":0,"texture":"#0","tintindex":0}}},{"from":[5.740733,15.396387,8.271875],"to":[8.125374,27.334398,10.967556],"rotation":{"angle":-45.0,"axis":"z","origin":[6.9330535,18.714148,9.619716]},"faces":{"east":{"uv":[1.0,2.375,1.375,4.125],"rotation":0,"texture":"#0","tintindex":0},"south":{"uv":[1.0,2.375,1.375,4.125],"rotation":0,"texture":"#0","tintindex":0},"north":{"uv":[1.0,2.375,1.375,4.125],"rotation":0,"texture":"#0","tintindex":0},"west":{"uv":[1.0,2.375,1.375,4.125],"rotation":0,"texture":"#0","tintindex":0},"up":{"uv":[1.0,2.375,1.322,2.739],"rotation":0,"texture":"#0","tintindex":0},"down":{"uv":[1.0,2.375,1.322,2.739],"rotation":0,"texture":"#0","tintindex":0}}},{"from":[7.718059,16.314697,8.427396],"to":[10.413739,29.526491,10.812036],"rotation":{"angle":-45.0,"axis":"x","origin":[9.065899,19.632458,9.619716]},"faces":{"east":{"uv":[1.0,2.375,1.375,4.125],"rotation":0,"texture":"#0","tintindex":0},"south":{"uv":[1.0,2.375,1.375,4.125],"rotation":0,"texture":"#0","tintindex":0},"north":{"uv":[1.0,2.375,1.375,4.125],"rotation":0,"texture":"#0","tintindex":0},"west":{"uv":[1.0,2.375,1.375,4.125],"rotation":0,"texture":"#0","tintindex":0},"up":{"uv":[1.0,2.375,1.364,2.697],"rotation":0,"texture":"#0","tintindex":0},"down":{"uv":[1.0,2.375,1.364,2.697],"rotation":0,"texture":"#0","tintindex":0}}},{"from":[7.873579,16.314697,4.9837384],"to":[10.258219,29.141394,7.6794186],"rotation":{"angle":45.0,"axis":"z","origin":[9.065899,19.632458,6.3315783]},"faces":{"east":{"uv":[1.0,2.375,1.375,4.125],"rotation":0,"texture":"#0","tintindex":0},"south":{"uv":[1.0,2.375,1.375,4.125],"rotation":0,"texture":"#0","tintindex":0},"north":{"uv":[1.0,2.375,1.375,4.125],"rotation":0,"texture":"#0","tintindex":0},"west":{"uv":[1.0,2.375,1.375,4.125],"rotation":0,"texture":"#0","tintindex":0},"up":{"uv":[1.0,2.375,1.322,2.739],"rotation":0,"texture":"#0","tintindex":0},"down":{"uv":[1.0,2.375,1.322,2.739],"rotation":0,"texture":"#0","tintindex":0}}},{"from":[5.881442,-2.495819,10.115898],"to":[15.864346,-0.11117935,12.811579],"rotation":{"angle":45.0,"axis":"z","origin":[9.199202,-1.3034992,11.463738]},"faces":{"east":{"uv":[1.0,2.375,1.322,2.739],"rotation":90,"texture":"#0","tintindex":0},"south":{"uv":[1.0,2.375,1.322,3.723],"rotation":90,"texture":"#0","tintindex":0},"north":{"uv":[1.0,2.375,1.322,3.723],"rotation":90,"texture":"#0","tintindex":0},"west":{"uv":[1.0,2.375,1.322,2.739],"rotation":90,"texture":"#0","tintindex":0},"up":{"uv":[1.0,2.375,1.322,3.723],"rotation":90,"texture":"#0","tintindex":0},"down":{"uv":[1.0,2.375,1.322,3.723],"rotation":90,"texture":"#0","tintindex":0}}},{"from":[10.924734,-2.495819,0.6884241],"to":[13.620414,-0.11117935,10.671328],"rotation":{"angle":45.0,"axis":"x","origin":[12.272573,-1.3034992,7.353567]},"faces":{"east":{"uv":[1.0,2.375,1.322,3.723],"rotation":90,"texture":"#0","tintindex":0},"south":{"uv":[1.0,2.375,1.364,2.697],"rotation":0,"texture":"#0","tintindex":0},"north":{"uv":[1.0,2.375,1.375,4.125],"rotation":0,"texture":"#0","tintindex":0},"west":{"uv":[1.0,2.375,1.322,3.723],"rotation":90,"texture":"#0","tintindex":0},"up":{"uv":[1.0,2.375,1.375,4.125],"rotation":0,"texture":"#0","tintindex":0},"down":{"uv":[1.0,2.375,1.375,4.125],"rotation":0,"texture":"#0","tintindex":0}}},{"from":[0.13460732,-1.5775108,2.9323554],"to":[10.117511,0.80712986,5.6280355],"rotation":{"angle":-45.0,"axis":"z","origin":[6.7997503,-0.38519096,4.280195]},"faces":{"east":{"uv":[1.0,2.375,1.322,2.739],"rotation":90,"texture":"#0","tintindex":0},"south":{"uv":[1.0,2.375,1.322,3.723],"rotation":90,"texture":"#0","tintindex":0},"north":{"uv":[1.0,2.375,1.322,3.723],"rotation":90,"texture":"#0","tintindex":0},"west":{"uv":[1.0,2.375,1.322,2.739],"rotation":90,"texture":"#0","tintindex":0},"up":{"uv":[1.0,2.375,1.322,3.723],"rotation":90,"texture":"#0","tintindex":0},"down":{"uv":[1.0,2.375,1.322,3.723],"rotation":90,"texture":"#0","tintindex":0}}},{"from":[2.3785386,-1.5775108,5.279967],"to":[5.074219,0.80712986,15.26287],"rotation":{"angle":-45.0,"axis":"x","origin":[3.726379,-0.38519096,8.597727]},"faces":{"east":{"uv":[1.0,2.375,1.322,3.723],"rotation":90,"texture":"#0","tintindex":0},"south":{"uv":[1.0,2.375,1.322,2.739],"rotation":90,"texture":"#0","tintindex":0},"north":{"uv":[1.0,2.375,1.322,2.739],"rotation":90,"texture":"#0","tintindex":0},"west":{"uv":[1.0,2.375,1.322,3.723],"rotation":90,"texture":"#0","tintindex":0},"up":{"uv":[1.0,2.375,1.375,4.125],"rotation":0,"texture":"#0","tintindex":0},"down":{"uv":[1.0,2.375,1.375,4.125],"rotation":0,"texture":"#0","tintindex":0}}},{"from":[5.881442,13.19689,2.710184],"to":[15.864346,15.581531,5.405864],"rotation":{"angle":-45.0,"axis":"z","origin":[9.199202,14.38921,4.0580244]},