{"textures":{"0":"modelengine:entity/goblin_miner"},"elements":[{"from":[8.571428,13.714286,3.4285712],"to":[9.142858,14.285715,6.285714],"rotation":{"angle":0.0,"axis":"y","origin":[11.428572,10.285714,6.285714]},"faces":{"east":{"uv":[0.75,8.25,1.375,8.375],"rotation":0,"texture":"#0","tintindex":0},"south":{"uv":[1.75,8.875,1.875,9.0],"rotation":0,"texture":"#0","tintindex":0},"north":{"uv":[9.5,2.25,9.625,2.375],"rotation":0,"texture":"#0","tintindex":0},"west":{"uv":[0.75,8.375,1.375,8.25],"rotation":180,"texture":"#0","tintindex":0},"up":{"uv":[9.0,0.0,8.375,0.125],"rotation":90,"texture":"#0","tintindex":0},"down":{"uv":[0.75,0.25,1.375,0.375],"rotation":90,"texture":"#0","tintindex":0}}},{"from":[8.571428,13.142858,1.7142854],"to":[9.142858,13.714286,6.857143],"rotation":{"angle":0.0,"axis":"y","origin":[11.428572,10.285714,6.285714]},"faces":{"east":{"uv":[0.625,8.375,1.75,8.5],"rotation":0,"texture":"#0","tintindex":0},"south":{"uv":[1.75,9.0,1.875,9.125],"rotation":0,"texture":"#0","tintindex":0},"north":{"uv":[1.625,0.375,1.75,0.5],"rotation":0,"texture":"#0","tintindex":0},"west":{"uv":[0.625,8.5,1.75,8.375],"rotation":180,"texture":"#0","tintindex":0},"up":{"uv":[10.0,1.25,8.875,1.375],"rotation":90,"texture":"#0","tintindex":0},"down":{"uv":[4.5,8.0,5.625,8.125],"rotation":90,"texture":"#0","tintindex":0}}},{"from":[8.571428,12.571428,1.7142854],"to":[9.142858,13.142858,6.285714],"rotation":{"angle":0.0,"axis":"y","origin":[11.428572,10.285714,6.285714]},"faces":{"east":{"uv":[0.75,8.5,1.75,8.625],"rotation":0,"texture":"#0","tintindex":0},"south":{"uv":[1.75,9.125,1.875,9.25],"rotation":0,"texture":"#0","tintindex":0},"north":{"uv":[1.75,8.875,1.875,9.0],"rotation":0,"texture":"#0","tintindex":0},"west":{"uv":[0.75,8.625,1.75,8.5],"rotation":180,"texture":"#0","tintindex":0},"up":{"uv":[1.75,0.5,0.75,0.625],"rotation":90,"texture":"#0","tintindex":0},"down":{"uv":[3.875,8.625,4.875,8.75],"rotation":90,"texture":"#0","tintindex":0}}},{"from":[8.571428,12.0,1.7142854],"to":[9.142858,12.571428,4.0],"rotation":{"angle":0.0,"axis":"y","origin":[11.428572,10.285714,6.285714]},"faces":{"east":{"uv":[1.25,8.625,1.75,8.75],"rotation":0,"texture":"#0","tintindex":0},"south":{"uv":[3.5,3.5,3.625,3.625],"rotation":0,"texture":"#0","tintindex":0},"north":{"uv":[1.75,8.875,1.875,9.0],"rotation":0,"texture":"#0","tintindex":0},"west":{"uv":[1.25,8.75,1.75,8.625],"rotation":180,"texture":"#0","tintindex":0},"up":{"uv":[1.75,0.625,1.25,0.75],"rotation":90,"texture":"#0","tintindex":0},"down":{"uv":[1.25,0.625,1.75,0.75],"rotation":90,"texture":"#0","tintindex":0}}},{"from":[8.571428,11.428572,1.1428566],"to":[9.142858,12.0,4.5714283],"rotation":{"angle":0.0,"axis":"y","origin":[11.428572,10.285714,6.285714]},"faces":{"east":{"uv":[1.125,8.75,1.875,8.875],"rotation":0,"texture":"#0","tintindex":0},"south":{"uv":[3.75,3.5,3.875,3.625],"rotation":0,"texture":"#0","tintindex":0},"north":{"uv":[1.75,9.0,1.875,9.125],"rotation":0,"texture":"#0","tintindex":0},"west":{"uv":[1.125,8.875,1.875,8.75],"rotation":180,"texture":"#0","tintindex":0},"up":{"uv":[4.125,8.75,3.375,8.875],"rotation":90,"texture":"#0","tintindex":0},"down":{"uv":[3.375,8.0,4.125,8.125],"rotation":90,"texture":"#0","tintindex":0}}},{"from":[8.571428,10.857143,3.4285712],"to":[9.142858,11.428572,5.142857],"rotation":{"angle":0.0,"axis":"y","origin":[11.428572,10.285714,6.285714]},"faces":{"east":{"uv":[1.0,8.875,1.375,9.0],"rotation":0,"texture":"#0","tintindex":0},"south":{"uv":[3.875,3.375,4.0,3.5],"rotation":0,"texture":"#0","tintindex":0},"north":{"uv":[1.625,0.375,1.75,0.5],"rotation":0,"texture":"#0","tintindex":0},"west":{"uv":[1.0,9.0,1.375,8.875],"rotation":180,"texture":"#0","tintindex":0},"up":{"uv":[4.0,3.375,3.625,3.5],"rotation":90,"texture":"#0","tintindex":0},"down":{"uv":[3.25,3.25,3.625,3.375],"rotation":90,"texture":"#0","tintindex":0}}},{"from":[8.571428,10.857143,1.1428566],"to":[9.142858,11.428572,2.8571424],"rotation":{"angle":0.0,"axis":"y","origin":[11.428572,10.285714,6.285714]},"faces":{"east":{"uv":[1.5,8.875,1.875,9.0],"rotation":0,"texture":"#0","tintindex":0},"south":{"uv":[1.75,8.875,1.875,9.0],"rotation":0,"texture":"#0","tintindex":0},"north":{"uv":[1.75,9.0,1.875,9.125],"rotation":0,"texture":"#0","tintindex":0},"west":{"uv":[1.5,9.0,1.875,8.875],"rotation":180,"texture":"#0","tintindex":0},"up":{"uv":[1.875,0.875,1.5,1.0],"rotation":90,"texture":"#0","tintindex":0},"down":{"uv":[1.5,0.875,1.875,1.0],"rotation":90,"texture":"#0","tintindex":0}}},{"from":[8.571428,10.285714,4.0],"to":[9.142858,10.857143,5.714286],"rotation":{"angle":0.0,"axis":"y","origin":[11.428572,10.285714,6.285714]},"faces":{"east":{"uv":[1.0,8.875,1.375,9.0],"rotation":0,"texture":"#0","tintindex":0},"south":{"uv":[3.5,3.25,3.625,3.375],"rotation":0,"texture":"#0","tintindex":0},"north":{"uv":[3.625,3.375,3.75,3.5],"rotation":0,"texture":"#0","tintindex":0},"west":{"uv":[0.875,9.125,1.25,9.0],"rotation":180,"texture":"#0","tintindex":0},"up":{"uv":[3.75,3.375,3.375,3.5],"rotation":90,"texture":"#0","tintindex":0},"down":{"uv":[3.375,3.625,3.75,3.75],"rotation":90,"texture":"#0","tintindex":0}}},{"from":[8.571428,10.285714,1.1428566],"to":[9.142858,10.857143,2.8571424],"rotation":{"angle":0.0,"axis":"y","origin":[11.428572,10.285714,6.285714]},"faces":{"east":{"uv":[1.5,8.875,1.875,9.0],"rotation":0,"texture":"#0","tintindex":0},"south":{"uv":[1.5,9.125,1.625,9.25],"rotation":0,"texture":"#0","tintindex":0},"north":{"uv":[1.75,9.0,1.875,9.125],"rotation":0,"texture":"#0","tintindex":0},"west":{"uv":[1.5,9.125,1.875,9.0],"rotation":180,"texture":"#0","tintindex":0},"up":{"uv":[1.875,1.0,1.5,1.125],"rotation":90,"texture":"#0","tintindex":0},"down":{"uv":[1.5,1.0,1.875,1.125],"rotation":90,"texture":"#0","tintindex":0}}},{"from":[8.571428,9.714286,4.5714283],"to":[9.142858,10.285714,6.285714],"rotation":{"angle":0.0,"axis":"y","origin":[11.428572,10.285714,6.285714]},"faces":{"east":{"uv":[0.875,9.0,1.25,9.125],"rotation":0,"texture":"#0","tintindex":0},"south":{"uv":[3.75,3.625,3.875,3.75],"rotation":0,"texture":"#0","tintindex":0},"north":{"uv":[3.25,3.25,3.375,3.375],"rotation":0,"texture":"#0","tintindex":0},"west":{"uv":[0.75,9.25,1.125,9.125],"rotation":180,"texture":"#0","tintindex":0},"up":{"uv":[4.0,3.5,3.625,3.625],"rotation":90,"texture":"#0","tintindex":0},"down":{"uv":[3.5,3.5,3.875,3.625],"rotation":90,"texture":"#0","tintindex":0}}},{"from":[8.571428,9.714286,1.1428566],"to":[9.142858,10.285714,2.8571424],"rotation":{"angle":0.0,"axis":"y","origin":[11.428572,10.285714,6.285714]},"faces":{"east":{"uv":[1.5,9.125,1.875,9.25],"rotation":0,"texture":"#0","tintindex":0},"south":{"uv":[1.75,9.125,1.875,9.25],"rotation":0,"texture":"#0","tintindex":0},"north":{"uv":[1.75,8.875,1.875,9.0],"rotation":0,"texture":"#0","tintindex":0},"west":{"uv":[1.5,9.25,1.875,9.125],"rotation":180,"texture":"#0","tintindex":0},"up":{"uv":[1.875,1.125,1.5,1.25],"rotation":90,"texture":"#0","tintindex":0},"down":{"uv":[1.5,1.125,1.875,1.25],"rotation":90,"texture":"#0","tintindex":0}}},{"from":[8.571428,9.142858,5.142857],"to":[9.142858,9.714286,6.857143],"rotation":{"angle":0.0,"axis":"y","origin":[11.428572,10.285714,6.285714]},"faces":{"east":{"uv":[0.75,9.125,1.125,9.25],"rotation":0,"texture":"#0","tintindex":0},"south":{"uv":[3.875,3.375,4.0,3.5],"rotation":0,"texture":"#0","tintindex":0},"north":{"uv":[3.875,3.375,4.0,3.5],"rotation":0,"texture":"#0","tintindex":0},"west":{"uv":[0.625,9.375,1.0,9.25],"rotation":180,"texture":"#0","tintindex":0},"up":{"uv":[3.75,3.5,3.375,3.625],"rotation":90,"texture":"#0","tintindex":0},"down":{"uv":[3.5,3.375,3.875,3.5],"rotation":90,"texture":"#0","tintindex":0}}},{"from":[8.571428,9.142858,1.1428566],"to":[9.142858,9.714286,2.8571424],"rotation":{"angle":0.0,"axis":"y","origin":[11.428572,10.285714,6.285714]},"faces":{"east":{"uv":[1.5,9.25,1.875,9.375],"rotation":0,"texture":"#0","tintindex":0},"south":{"uv":[1.5,9.0,1.625,9.125],"rotation":0,