{"textures":{"0":"modelengine:entity/airship","1":"modelengine:entity/stearingwheel"},"elements":[{"name":"cube","from":[7.8775997,7.55,7.4384003],"to":[9.562401,8.6732,8.5616],"rotation":{"angle":0.0,"axis":"x","origin":[-10.000001,4.0399995,8.0]},"faces":{"down":{"uv":[13.6,0.6333333,13.300001,0.8333334],"rotation":0,"texture":"#0","tintindex":0},"east":{"uv":[11.7,3.266667,11.900001,3.4666667],"rotation":0,"texture":"#0","tintindex":0},"north":{"uv":[8.733334,12.133334,9.033334,12.333334],"rotation":0,"texture":"#0","tintindex":0},"south":{"uv":[13.266666,1.9666667,13.566668,2.1666667],"rotation":0,"texture":"#0","tintindex":0},"up":{"uv":[13.566668,8.466667,13.266666,8.266666],"rotation":0,"texture":"#0","tintindex":0},"west":{"uv":[0.6333333,12.066668,0.8333334,12.266666],"rotation":0,"texture":"#0","tintindex":0}}},{"name":"cube","from":[8.4392,8.6732,7.4384003],"to":[9.000799,9.7964,8.5616],"rotation":{"angle":0.0,"axis":"x","origin":[-10.000001,4.0399995,8.0]},"faces":{"down":{"uv":[11.433333,13.900001,11.333334,14.1],"rotation":0,"texture":"#0","tintindex":0},"east":{"uv":[13.566668,2.7000003,13.766666,2.9],"rotation":0,"texture":"#0","tintindex":0},"north":{"uv":[9.033334,12.133334,9.133333,12.333334],"rotation":0,"texture":"#0","tintindex":0},"south":{"uv":[7.7333336,13.900001,7.8333335,14.1],"rotation":0,"texture":"#0","tintindex":0},"up":{"uv":[10.033334,14.1,9.933333,13.900001],"rotation":0,"texture":"#0","tintindex":0},"west":{"uv":[13.6,0.6333333,13.800001,0.8333334],"rotation":0,"texture":"#0","tintindex":0}}},{"name":"cube","from":[8.4392,9.7964,6.8768],"to":[9.000799,10.9196,8.0],"rotation":{"angle":0.0,"axis":"x","origin":[-10.000001,4.0399995,8.0]},"faces":{"down":{"uv":[5.9666667,13.933333,5.866667,14.133334],"rotation":0,"texture":"#0","tintindex":0},"east":{"uv":[13.6,9.066668,13.800001,9.266666],"rotation":0,"texture":"#0","tintindex":0},"north":{"uv":[1.4,13.933333,1.5,14.133334],"rotation":0,"texture":"#0","tintindex":0},"south":{"uv":[3.4666667,13.933333,3.5666666,14.133334],"rotation":0,"texture":"#0","tintindex":0},"up":{"uv":[5.1000004,14.133334,5.0,13.933333],"rotation":0,"texture":"#0","tintindex":0},"west":{"uv":[13.433333,13.6,13.633334,13.800001],"rotation":0,"texture":"#0","tintindex":0}}},{"name":"cube","from":[8.4392,10.9196,6.3152],"to":[9.000799,12.042801,7.4384003],"rotation":{"angle":0.0,"axis":"x","origin":[-10.000001,4.0399995,8.0]},"faces":{"down":{"uv":[7.533334,13.933333,7.4333334,14.133334],"rotation":0,"texture":"#0","tintindex":0},"east":{"uv":[2.266667,13.633334,2.4666667,13.833334],"rotation":0,"texture":"#0","tintindex":0},"north":{"uv":[5.9666667,13.933333,6.066667,14.133334],"rotation":0,"texture":"#0","tintindex":0},"south":{"uv":[13.933333,6.4000006,14.033333,6.6],"rotation":0,"texture":"#0","tintindex":0},"up":{"uv":[14.033333,6.8,13.933333,6.6],"rotation":0,"texture":"#0","tintindex":0},"west":{"uv":[11.833334,13.633334,12.033333,13.833334],"rotation":0,"texture":"#0","tintindex":0}}},{"name":"cube","from":[8.4392,8.111601,9.684801],"to":[9.000799,9.2348,10.808001],"rotation":{"angle":0.0,"axis":"x","origin":[-10.000001,4.0399995,8.0]},"faces":{"down":{"uv":[14.033333,10.666667,13.933333,10.866667],"rotation":0,"texture":"#0","tintindex":0},"east":{"uv":[1.9,13.666667,2.1000001,13.866667],"rotation":0,"texture":"#0","tintindex":0},"north":{"uv":[10.233334,13.933333,10.333334,14.133334],"rotation":0,"texture":"#0","tintindex":0},"south":{"uv":[10.466667,13.933333,10.566668,14.133334],"rotation":0,"texture":"#0","tintindex":0},"up":{"uv":[10.666667,14.133334,10.566668,13.933333],"rotation":0,"texture":"#0","tintindex":0},"west":{"uv":[13.666667,4.1000004,13.866667,4.3],"rotation":0,"texture":"#0","tintindex":0}}},{"name":"cube","from":[8.4392,8.705601,10.8188],"to":[9.000799,9.8288,11.942],"rotation":{"angle":0.0,"axis":"x","origin":[-10.000001,4.0399995,8.0]},"faces":{"down":{"uv":[9.366667,13.966667,9.266666,14.166667],"rotation":0,"texture":"#0","tintindex":0},"east":{"uv":[13.800001,0.6333333,14.0,0.8333334],"rotation":0,"texture":"#0","tintindex":0},"north":{"uv":[7.9333334,13.966667,8.033334,14.166667],"rotation":0,"texture":"#0","tintindex":0},"south":{"uv":[13.966667,8.6,14.066668,8.8],"rotation":0,"texture":"#0","tintindex":0},"up":{"uv":[9.266666,14.166667,9.166667,13.966667],"rotation":0,"texture":"#0","tintindex":0},"west":{"uv":[13.800001,9.066668,14.0,9.266666],"rotation":0,"texture":"#0","tintindex":0}}},{"name":"cube","from":[8.4392,7.55,8.5616],"to":[9.000799,8.6732,9.684801],"rotation":{"angle":0.0,"axis":"x","origin":[-10.000001,4.0399995,8.0]},"faces":{"down":{"uv":[10.233334,13.933333,10.133333,14.133334],"rotation":0,"texture":"#0","tintindex":0},"east":{"uv":[13.633334,13.6,13.833334,13.800001],"rotation":0,"texture":"#0","tintindex":0},"north":{"uv":[7.533334,13.933333,7.633333,14.133334],"rotation":0,"texture":"#0","tintindex":0},"south":{"uv":[7.633333,13.933333,7.7333336,14.133334],"rotation":0,"texture":"#0","tintindex":0},"up":{"uv":[10.133333,14.133334,10.033334,13.933333],"rotation":0,"texture":"#0","tintindex":0},"west":{"uv":[13.666667,1.6333334,13.866667,1.8333334],"rotation":0,"texture":"#0","tintindex":0}}},{"name":"cube","from":[8.4392,4.1804004,8.5616],"to":[9.000799,5.3036003,9.684801],"rotation":{"angle":0.0,"axis":"x","origin":[-10.000001,4.0399995,8.0]},"faces":{"down":{"uv":[1.1,13.966667,1.0,14.166667],"rotation":0,"texture":"#0","tintindex":0},"east":{"uv":[13.666667,8.0,13.866667,8.200001],"rotation":0,"texture":"#0","tintindex":0},"north":{"uv":[0.7,13.966667,0.8000001,14.166667],"rotation":0,"texture":"#0","tintindex":0},"south":{"uv":[0.8000001,13.966667,0.90000004,14.166667],"rotation":0,"texture":"#0","tintindex":0},"up":{"uv":[1.0,14.166667,0.90000004,13.966667],"rotation":0,"texture":"#0","tintindex":0},"west":{"uv":[13.666667,8.200001,13.866667,8.400001],"rotation":0,"texture":"#0","tintindex":0}}},{"name":"cube","from":[8.4392,5.3036003,8.0],"to":[9.000799,6.4268,9.123199],"rotation":{"angle":0.0,"axis":"x","origin":[-10.000001,4.0399995,8.0]},"faces":{"down":{"uv":[0.7,13.966667,0.6,14.166667],"rotation":0,"texture":"#0","tintindex":0},"east":{"uv":[13.666667,7.6,13.866667,7.8],"rotation":0,"texture":"#0","tintindex":0},"north":{"uv":[13.933333,13.0,14.033333,13.2],"rotation":0,"texture":"#0","tintindex":0},"south":{"uv":[13.233334,13.933333,13.333334,14.133334],"rotation":0,"texture":"#0","tintindex":0},"up":{"uv":[14.033333,14.0,13.933333,13.800001],"rotation":0,"texture":"#0","tintindex":0},"west":{"uv":[13.666667,7.8,13.866667,8.0],"rotation":0,"texture":"#0","tintindex":0}}},{"name":"cube","from":[8.4392,6.4268,7.4384003],"to":[9.000799,7.55,8.5616],"rotation":{"angle":0.0,"axis":"x","origin":[-10.000001,4.0399995,8.0]},"faces":{"down":{"uv":[14.033333,12.633334,13.933333,12.833334],"rotation":0,"texture":"#0","tintindex":0},"east":{"uv":[6.633333,13.666667,6.8333335,13.866667],"rotation":0,"texture":"#0","tintindex":0},"north":{"uv":[13.933333,11.166667,14.033333,11.366667],"rotation":0,"texture":"#0","tintindex":0},"south":{"uv":[13.933333,11.833334,14.033333,12.033333],"rotation":0,"texture":"#0","tintindex":0},"up":{"uv":[14.033333,12.633334,13.933333,12.433333],"rotation":0,"texture":"#0","tintindex":0},"west":{"uv":[6.8333335,13.666667,7.033334,13.866667],"rotation":0,"texture":"#0","tintindex":0}}},{"name":"cube","from":[8.4392,6.4268,4.0688],"to":[9.000799,7.55,5.192],"rotation":{"angle":0.0,"axis":"x","origin":[-10.000001,4.0399995,8.0]},"faces":{"down":{"uv":[14.066668,7.0,13.966667,7.2000003],"rotation":0,"texture":"#0","tintindex":0},"east":{"uv":[13.7,5.3,13.900001,5.5],"rotation":0,"texture":"#0","tintindex":0},"north":{"uv":[6.3,13.966667,6.4000006,14.166667],"rotation":0,"texture":"#0","tintindex":0},"south":{"uv":[6.4000006,13.966667,6.5,14.166667],"rotation":0,"texture":"#0","tintindex":0},"up":{"uv":[14.066668,7.0,13.966667,6.8],"rotation":0,"texture":"#0","tintindex":0},