{"textures":{"0":"modelengine:entity/ent_guardian"},"elements":[{"from":[2.3017678,1.3014193,-3.6882925],"to":[13.7849045,12.784555,7.7948437],"rotation":{"angle":0.0,"axis":"y","origin":[8.043336,6.632875,3.6937237]},"faces":{"east":{"uv":[3.375,5.5,4.25,6.375],"rotation":0,"texture":"#0","tintindex":0},"south":{"uv":[0.75,5.625,1.625,6.5],"rotation":0,"texture":"#0","tintindex":0},"north":{"uv":[5.5,2.125,6.375,3.0],"rotation":0,"texture":"#0","tintindex":0},"west":{"uv":[5.625,3.125,6.5,4.0],"rotation":0,"texture":"#0","tintindex":0},"up":{"uv":[0.0,0.0,0.875,0.875],"rotation":0,"texture":"#0","tintindex":0},"down":{"uv":[6.875,1.0,6.0,1.875],"rotation":0,"texture":"#0","tintindex":0}}},{"from":[2.7118802,10.117914,-8.59618],"to":[5.992776,13.39881,-3.6748343],"rotation":{"angle":22.5,"axis":"x","origin":[4.3523283,12.0587845,-8.24979]},"faces":{"east":{"uv":[6.125,5.0,6.5,5.25],"rotation":0,"texture":"#0","tintindex":0},"south":{"uv":[10.875,7.5,11.125,7.75],"rotation":0,"texture":"#0","tintindex":0},"north":{"uv":[9.875,5.75,10.125,6.0],"rotation":0,"texture":"#0","tintindex":0},"west":{"uv":[9.875,0.625,10.25,0.875],"rotation":0,"texture":"#0","tintindex":0},"up":{"uv":[3.25,7.25,3.0,6.875],"rotation":0,"texture":"#0","tintindex":0},"down":{"uv":[7.5,8.375,7.25,8.75],"rotation":0,"texture":"#0","tintindex":0}}},{"from":[3.5321035,11.666422,-10.011671],"to":[5.172552,16.587765,-8.371223],"rotation":{"angle":-45.0,"axis":"x","origin":[4.3523283,12.0587845,-8.24979]},"faces":{"east":{"uv":[9.875,11.0,10.0,11.375],"rotation":0,"texture":"#0","tintindex":0},"south":{"uv":[10.125,11.0,10.25,11.375],"rotation":0,"texture":"#0","tintindex":0},"north":{"uv":[1.25,10.25,1.375,10.625],"rotation":0,"texture":"#0","tintindex":0},"west":{"uv":[11.125,0.0,11.25,0.375],"rotation":0,"texture":"#0","tintindex":0},"up":{"uv":[2.0,5.375,1.875,5.25],"rotation":0,"texture":"#0","tintindex":0},"down":{"uv":[1.75,6.625,1.625,6.75],"rotation":0,"texture":"#0","tintindex":0}}},{"from":[0.66131973,11.144108,-2.047844],"to":[3.942216,19.346348,-0.40739632],"rotation":{"angle":22.5,"axis":"x","origin":[2.3017678,15.245228,-2.8680687]},"faces":{"east":{"uv":[1.25,2.25,1.375,2.875],"rotation":0,"texture":"#0","tintindex":0},"south":{"uv":[10.0,2.375,10.25,3.0],"rotation":0,"texture":"#0","tintindex":0},"north":{"uv":[1.5,10.0,1.75,10.625],"rotation":0,"texture":"#0","tintindex":0},"west":{"uv":[1.875,4.5,2.0,5.125],"rotation":0,"texture":"#0","tintindex":0},"up":{"uv":[7.625,0.75,7.375,0.625],"rotation":0,"texture":"#0","tintindex":0},"down":{"uv":[7.75,3.375,7.5,3.5],"rotation":0,"texture":"#0","tintindex":0}}},{"from":[0.78435326,17.419582,0.95886993],"to":[2.4248013,22.340927,2.599318],"rotation":{"angle":45.0,"axis":"x","origin":[1.4815435,19.880253,1.7790942]},"faces":{"east":{"uv":[1.0,11.125,1.125,11.5],"rotation":0,"texture":"#0","tintindex":0},"south":{"uv":[2.375,11.125,2.5,11.5],"rotation":0,"texture":"#0","tintindex":0},"north":{"uv":[0.75,11.125,0.875,11.5],"rotation":0,"texture":"#0","tintindex":0},"west":{"uv":[2.625,11.125,2.75,11.5],"rotation":0,"texture":"#0","tintindex":0},"up":{"uv":[9.875,2.5,9.75,2.375],"rotation":0,"texture":"#0","tintindex":0},"down":{"uv":[6.25,9.875,6.125,10.0],"rotation":0,"texture":"#0","tintindex":0}}},{"from":[2.3017678,11.567091,1.6457238],"to":[3.942216,18.128883,4.92662],"rotation":{"angle":22.5,"axis":"x","origin":[3.1219916,15.668211,3.286172]},"faces":{"east":{"uv":[6.625,7.125,6.875,7.625],"rotation":0,"texture":"#0","tintindex":0},"south":{"uv":[4.375,10.125,4.5,10.625],"rotation":0,"texture":"#0","tintindex":0},"north":{"uv":[4.75,8.125,4.875,8.625],"rotation":0,"texture":"#0","tintindex":0},"west":{"uv":[10.25,4.5,10.5,5.0],"rotation":0,"texture":"#0","tintindex":0},"up":{"uv":[6.75,5.25,6.625,5.0],"rotation":0,"texture":"#0","tintindex":0},"down":{"uv":[1.625,8.5,1.5,8.75],"rotation":0,"texture":"#0","tintindex":0}}},{"from":[1.4815435,8.683435,-5.7388535],"to":[14.605128,13.60478,2.4633875],"rotation":{"angle":-22.5,"axis":"x","origin":[8.043336,10.323883,-1.2276201]},"faces":{"east":{"uv":[7.125,4.5,7.75,4.875],"rotation":0,"texture":"#0","tintindex":0},"south":{"uv":[8.5,2.75,9.5,3.125],"rotation":0,"texture":"#0","tintindex":0},"north":{"uv":[8.375,0.0,9.375,0.375],"rotation":0,"texture":"#0","tintindex":0},"west":{"uv":[9.25,7.5,9.875,7.875],"rotation":0,"texture":"#0","tintindex":0},"up":{"uv":[6.875,7.0,5.875,6.375],"rotation":0,"texture":"#0","tintindex":0},"down":{"uv":[7.5,2.0,6.5,2.625],"rotation":0,"texture":"#0","tintindex":0}}},{"from":[1.5430608,10.104505,-0.279953],"to":[14.543612,15.025848,4.6413918],"rotation":{"angle":22.5,"axis":"x","origin":[8.104853,10.924728,-1.9204006]},"faces":{"east":{"uv":[0.0,0.0,0.375,0.375],"rotation":0,"texture":"#0","tintindex":0},"south":{"uv":[2.5,8.75,3.5,9.125],"rotation":0,"texture":"#0","tintindex":0},"north":{"uv":[8.625,2.125,9.625,2.5],"rotation":0,"texture":"#0","tintindex":0},"west":{"uv":[0.0,0.0,0.375,0.375],"rotation":0,"texture":"#0","tintindex":0},"up":{"uv":[0.0,0.0,0.990625,0.375],"rotation":0,"texture":"#0","tintindex":0},"down":{"uv":[5.75,8.75,4.75,9.125],"rotation":0,"texture":"#0","tintindex":0}}},{"from":[1.5225549,5.640788,0.7899914],"to":[14.564117,12.20258,5.711335],"rotation":{"angle":0.0,"axis":"y","origin":[8.084348,10.972244,2.4304395]},"faces":{"east":{"uv":[9.75,9.75,10.125,10.25],"rotation":0,"texture":"#0","tintindex":0},"south":{"uv":[7.0,6.25,8.0,6.75],"rotation":0,"texture":"#0","tintindex":0},"north":{"uv":[7.0,0.875,8.0,1.375],"rotation":0,"texture":"#0","tintindex":0},"west":{"uv":[9.875,0.0,10.25,0.5],"rotation":0,"texture":"#0","tintindex":0},"up":{"uv":[9.75,5.5,8.75,5.125],"rotation":0,"texture":"#0","tintindex":0},"down":{"uv":[9.75,5.625,8.75,6.0],"rotation":0,"texture":"#0","tintindex":0}}},{"from":[6.402888,3.3571348,-5.3364573],"to":[9.6837845,9.918927,-3.6960096],"rotation":{"angle":0.0,"axis":"y","origin":[8.043336,6.638031,-4.5162325]},"faces":{"east":{"uv":[10.875,10.875,11.0,11.375],"rotation":0,"texture":"#0","tintindex":0},"south":{"uv":[10.25,5.75,10.5,6.25],"rotation":0,"texture":"#0","tintindex":0},"north":{"uv":[10.25,5.125,10.5,5.625],"rotation":0,"texture":"#0","tintindex":0},"west":{"uv":[11.0,1.0,11.125,1.5],"rotation":0,"texture":"#0","tintindex":0},"up":{"uv":[9.75,6.75,9.5,6.625],"rotation":0,"texture":"#0","tintindex":0},"down":{"uv":[10.375,9.125,10.125,9.25],"rotation":0,"texture":"#0","tintindex":0}}},{"from":[12.144457,11.567091,1.6457238],"to":[13.7849045,18.128883,4.92662],"rotation":{"angle":22.5,"axis":"x","origin":[12.964681,15.668211,3.286172]},"faces":{"east":{"uv":[10.5,4.5,10.25,5.0],"rotation":0,"texture":"#0","tintindex":0},"south":{"uv":[4.5,10.125,4.375,10.625],"rotation":0,"texture":"#0","tintindex":0},"north":{"uv":[4.875,8.125,4.75,8.625],"rotation":0,"texture":"#0","tintindex":0},"west":{"uv":[6.875,7.125,6.625,7.625],"rotation":0,"texture":"#0","tintindex":0},"up":{"uv":[6.625,5.25,6.75,5.0],"rotation":0,"texture":"#0","tintindex":0},"down":{"uv":[1.5,8.5,1.625,8.75],"rotation":0,"texture":"#0","tintindex":0}}},{"from":[12.144457,17.87318,5.693652],"to":[13.7849045,22.794525,7.3341002],"rotation":{"angle":45.0,"axis":"x","origin":[12.144457,19.92374,4.873428]},"faces":{"east":{"uv":[8.25,11.125,8.125,11.5],"rotation":0,"texture":"#0","tintindex":0},"south":{"uv":[11.25,7.875,11.125,8.25],"rotation":0,"texture":"#0","tintindex":0},"north":{"uv":[7.75,11.125,7.625,11.5],"rotation":0,"texture":"#0","tintindex":0},"west":{"uv":[8.0,11.125,7.875,11.5],"rotation":0,"texture":"#0","tintindex":0},"up":{"uv":[11.25,6.75,11.375,6.625],"rotation":0,"texture":"#0","tintindex":0},"down":{"uv":[3.625,11.375,3.75,11.5],"rotation":0,"texture":"#0","tintindex":0}}},{"from":[13.661871,17.419582,0.95886993],"to":[15.302319,22.340927,2.599318],"rotation":{"angle":45.0,"axis":"x","origin":[14.605128,19.880253,1.7790942]},"faces":{"east":{"uv":[2.75,11.125,2.625,11.5],"rotation":0,"texture":"#0",