{"textures":{"0":"modelengine:entity/ent_guardian"},"elements":[{"from":[1.4815435,0.25600052,-0.9421692],"to":[14.605128,6.8177934,10.540968],"rotation":{"angle":-22.5,"axis":"x","origin":[7.223112,1.0762248,4.7993994]},"faces":{"east":{"uv":[7.375,0.0,8.25,0.5],"rotation":0,"texture":"#0","tintindex":0},"south":{"uv":[6.875,5.625,7.875,6.125],"rotation":0,"texture":"#0","tintindex":0},"north":{"uv":[6.875,5.0,7.875,5.5],"rotation":0,"texture":"#0","tintindex":0},"west":{"uv":[3.0,7.375,3.875,7.875],"rotation":0,"texture":"#0","tintindex":0},"up":{"uv":[5.25,0.875,4.25,0.0],"rotation":0,"texture":"#0","tintindex":0},"down":{"uv":[5.5,3.25,4.5,4.125],"rotation":0,"texture":"#0","tintindex":0}}},{"from":[3.1219916,-2.8375883,0.8197136],"to":[12.964681,0.44330835,10.662402],"rotation":{"angle":-22.5,"axis":"x","origin":[8.043336,-1.1971397,5.7410574]},"faces":{"east":{"uv":[9.75,2.0,10.5,2.25],"rotation":0,"texture":"#0","tintindex":0},"south":{"uv":[6.375,9.75,7.125,10.0],"rotation":0,"texture":"#0","tintindex":0},"north":{"uv":[0.75,7.5,1.5,7.75],"rotation":0,"texture":"#0","tintindex":0},"west":{"uv":[9.75,9.375,10.5,9.625],"rotation":0,"texture":"#0","tintindex":0},"up":{"uv":[4.125,7.25,3.375,6.5],"rotation":0,"texture":"#0","tintindex":0},"down":{"uv":[1.5,6.625,0.75,7.375],"rotation":0,"texture":"#0","tintindex":0}}},{"from":[1.4815435,6.8177934,-0.9421692],"to":[3.1219916,9.278465,0.6982789],"rotation":{"angle":-22.5,"axis":"x","origin":[8.86356,1.0762248,4.7993994]},"faces":{"east":{"uv":[0.875,9.875,1.0,10.0625],"rotation":0,"texture":"#0","tintindex":0},"south":{"uv":[11.375,1.625,11.5,1.8125],"rotation":0,"texture":"#0","tintindex":0},"north":{"uv":[0.5,8.875,0.625,9.0625],"rotation":0,"texture":"#0","tintindex":0},"west":{"uv":[11.375,2.0,11.5,2.1875],"rotation":0,"texture":"#0","tintindex":0},"up":{"uv":[5.75,11.5,5.625,11.375],"rotation":0,"texture":"#0","tintindex":0},"down":{"uv":[11.5,5.625,11.375,5.75],"rotation":0,"texture":"#0","tintindex":0}}},{"from":[4.3523283,6.8177934,-0.9421692],"to":[5.992776,8.458241,0.6982789],"rotation":{"angle":-22.5,"axis":"x","origin":[8.86356,1.0762248,4.7993994]},"faces":{"east":{"uv":[11.375,4.625,11.5,4.75],"rotation":0,"texture":"#0","tintindex":0},"south":{"uv":[4.875,11.375,5.0,11.5],"rotation":0,"texture":"#0","tintindex":0},"north":{"uv":[4.625,11.375,4.75,11.5],"rotation":0,"texture":"#0","tintindex":0},"west":{"uv":[11.375,4.875,11.5,5.0],"rotation":0,"texture":"#0","tintindex":0},"up":{"uv":[11.5,5.25,11.375,5.125],"rotation":0,"texture":"#0","tintindex":0},"down":{"uv":[11.5,5.375,11.375,5.5],"rotation":0,"texture":"#0","tintindex":0}}},{"from":[10.093896,6.8177934,-0.9421692],"to":[11.7343445,8.458241,0.6982789],"rotation":{"angle":-22.5,"axis":"x","origin":[7.223112,1.0762248,4.7993994]},"faces":{"east":{"uv":[11.5,4.875,11.375,5.0],"rotation":0,"texture":"#0","tintindex":0},"south":{"uv":[5.0,11.375,4.875,11.5],"rotation":0,"texture":"#0","tintindex":0},"north":{"uv":[4.75,11.375,4.625,11.5],"rotation":0,"texture":"#0","tintindex":0},"west":{"uv":[11.5,4.625,11.375,4.75],"rotation":0,"texture":"#0","tintindex":0},"up":{"uv":[11.375,5.25,11.5,5.125],"rotation":0,"texture":"#0","tintindex":0},"down":{"uv":[11.375,5.375,11.5,5.5],"rotation":0,"texture":"#0","tintindex":0}}},{"from":[12.964681,6.8177934,-0.9421692],"to":[14.605128,9.278465,0.6982789],"rotation":{"angle":-22.5,"axis":"x","origin":[7.223112,1.0762248,4.7993994]},"faces":{"east":{"uv":[11.5,2.0,11.375,2.1875],"rotation":0,"texture":"#0","tintindex":0},"south":{"uv":[11.5,1.625,11.375,1.8125],"rotation":0,"texture":"#0","tintindex":0},"north":{"uv":[0.625,8.875,0.5,9.0625],"rotation":0,"texture":"#0","tintindex":0},"west":{"uv":[1.0,9.875,0.875,10.0625],"rotation":0,"texture":"#0","tintindex":0},"up":{"uv":[5.625,11.5,5.75,11.375],"rotation":0,"texture":"#0","tintindex":0},"down":{"uv":[11.375,5.625,11.5,5.75],"rotation":0,"texture":"#0","tintindex":0}}}],"display":{"head":{"translation":[0.0,-6.4,0.0],"scale":[4.0,4.0,4.0]}}}