{"textures":{"0":"modelengine:entity/ent_guardian"},"elements":[{"from":[3.0984535,2.1931515,4.8588796],"to":[5.9692373,8.754944,7.729664],"rotation":{"angle":45.0,"axis":"x","origin":[4.6978903,6.2942715,6.2942715]},"faces":{"east":{"uv":[3.625,3.0,3.84375,3.5],"rotation":0,"texture":"#0","tintindex":0},"south":{"uv":[3.625,3.0,3.84375,3.5],"rotation":0,"texture":"#0","tintindex":0},"north":{"uv":[3.84375,3.0,3.625,3.5],"rotation":0,"texture":"#0","tintindex":0},"west":{"uv":[3.625,3.0,3.84375,3.5],"rotation":0,"texture":"#0","tintindex":0},"up":{"uv":[3.625,3.0,3.84375,3.21875],"rotation":0,"texture":"#0","tintindex":0},"down":{"uv":[3.625,3.0,3.84375,3.21875],"rotation":0,"texture":"#0","tintindex":0}}},{"from":[6.6070356,2.1931515,4.8588796],"to":[9.477819,8.754944,7.729664],"rotation":{"angle":45.0,"axis":"x","origin":[46.100822,6.2942715,6.2942715]},"faces":{"east":{"uv":[3.84375,3.0,3.625,3.5],"rotation":0,"texture":"#0","tintindex":0},"south":{"uv":[3.84375,3.0,3.625,3.5],"rotation":0,"texture":"#0","tintindex":0},"north":{"uv":[4.21875,3.125,4.0,3.625],"rotation":0,"texture":"#0","tintindex":0},"west":{"uv":[3.84375,3.0,3.625,3.5],"rotation":0,"texture":"#0","tintindex":0},"up":{"uv":[3.84375,3.0,3.625,3.21875],"rotation":0,"texture":"#0","tintindex":0},"down":{"uv":[3.84375,3.0,3.625,3.21875],"rotation":0,"texture":"#0","tintindex":0}}},{"from":[9.988335,2.1931515,4.8588796],"to":[12.859119,8.754944,7.729664],"rotation":{"angle":45.0,"axis":"x","origin":[4.6978903,6.2942715,6.2942715]},"faces":{"east":{"uv":[3.625,3.0,3.84375,3.5],"rotation":0,"texture":"#0","tintindex":0},"south":{"uv":[3.625,3.0,3.84375,3.5],"rotation":0,"texture":"#0","tintindex":0},"north":{"uv":[3.625,3.0,3.84375,3.5],"rotation":0,"texture":"#0","tintindex":0},"west":{"uv":[3.625,3.0,3.84375,3.5],"rotation":0,"texture":"#0","tintindex":0},"up":{"uv":[3.625,3.0,3.84375,3.21875],"rotation":0,"texture":"#0","tintindex":0},"down":{"uv":[3.625,3.0,3.84375,3.21875],"rotation":0,"texture":"#0","tintindex":0}}}],"display":{"head":{"translation":[0.0,-6.4,0.0],"scale":[4.0,4.0,4.0]}}}