{"textures":{"0":"modelengine:entity/ent_guardian"},"elements":[{"from":[0.8659158,-7.649129,4.208963],"to":[9.068156,8.755352,12.411203],"rotation":{"angle":-22.5,"axis":"z","origin":[4.967036,0.55311155,8.310083]},"faces":{"east":{"uv":[3.625,3.0,4.25,4.25],"rotation":0,"texture":"#0","tintindex":0},"south":{"uv":[3.625,3.0,4.25,4.25],"rotation":0,"texture":"#0","tintindex":0},"north":{"uv":[3.625,3.0,4.25,4.25],"rotation":0,"texture":"#0","tintindex":0},"west":{"uv":[3.625,3.0,4.25,4.25],"rotation":0,"texture":"#0","tintindex":0},"up":{"uv":[3.625,3.0,4.25,3.625],"rotation":0,"texture":"#0","tintindex":0},"down":{"uv":[4.94375,6.675,4.31875,7.3],"rotation":0,"texture":"#0","tintindex":0}}},{"from":[-4.257633,-10.407038,4.3319964],"to":[-0.976737,-5.485692,7.6128926],"rotation":{"angle":-45.0,"axis":"z","origin":[-1.3868484,-8.356476,5.849411]},"faces":{"east":{"uv":[3.625,3.0,3.875,3.375],"rotation":0,"texture":"#0","tintindex":0},"south":{"uv":[3.625,3.0,3.875,3.375],"rotation":0,"texture":"#0","tintindex":0},"north":{"uv":[3.625,3.0,3.875,3.375],"rotation":0,"texture":"#0","tintindex":0},"west":{"uv":[3.625,3.0,3.875,3.375],"rotation":0,"texture":"#0","tintindex":0},"up":{"uv":[3.625,3.0,3.875,3.25],"rotation":0,"texture":"#0","tintindex":0},"down":{"uv":[3.875,3.25,4.125,3.5],"rotation":0,"texture":"#0","tintindex":0}}},{"from":[-7.3363247,-4.368232,9.130307],"to":[0.8659158,8.755352,9.130307],"rotation":{"angle":-22.5,"axis":"z","origin":[4.967036,0.55311155,8.310083]},"faces":{"east":{"uv":[12.5,3.875,13.125,4.875],"rotation":0,"texture":"#0","tintindex":0},"south":{"uv":[5.0,5.5,4.375,6.5],"rotation":0,"texture":"#0","tintindex":0},"north":{"uv":[4.375,5.5,5.0,6.5],"rotation":0,"texture":"#0","tintindex":0},"west":{"uv":[12.5,3.875,13.125,4.875],"rotation":0,"texture":"#0","tintindex":0},"up":{"uv":[12.5,3.875,13.125,4.875],"rotation":0,"texture":"#0","tintindex":0},"down":{"uv":[12.5,3.875,13.125,4.875],"rotation":0,"texture":"#0","tintindex":0}}},{"from":[-4.257633,-10.407038,9.089296],"to":[-0.976737,-5.485692,12.370192],"rotation":{"angle":-45.0,"axis":"z","origin":[-1.3868484,-8.356476,5.849411]},"faces":{"east":{"uv":[3.625,3.0,3.875,3.375],"rotation":0,"texture":"#0","tintindex":0},"south":{"uv":[3.625,3.0,3.875,3.375],"rotation":0,"texture":"#0","tintindex":0},"north":{"uv":[3.625,3.0,3.875,3.375],"rotation":0,"texture":"#0","tintindex":0},"west":{"uv":[3.625,3.0,3.875,3.375],"rotation":0,"texture":"#0","tintindex":0},"up":{"uv":[3.625,3.0,3.875,3.25],"rotation":0,"texture":"#0","tintindex":0},"down":{"uv":[3.875,3.25,4.125,3.5],"rotation":0,"texture":"#0","tintindex":0}}},{"from":[2.9545097,-11.2976265,2.6915483],"to":[6.235406,-6.37628,5.9724445],"rotation":{"angle":45.0,"axis":"x","origin":[-1.9668341,-7.1965046,5.9724445]},"faces":{"east":{"uv":[3.625,3.0,3.875,3.375],"rotation":0,"texture":"#0","tintindex":0},"south":{"uv":[3.625,3.0,3.875,3.375],"rotation":0,"texture":"#0","tintindex":0},"north":{"uv":[3.625,3.0,3.875,3.375],"rotation":0,"texture":"#0","tintindex":0},"west":{"uv":[3.625,3.0,3.875,3.375],"rotation":0,"texture":"#0","tintindex":0},"up":{"uv":[3.625,3.0,3.875,3.25],"rotation":90,"texture":"#0","tintindex":0},"down":{"uv":[3.875,3.25,4.125,3.5],"rotation":270,"texture":"#0","tintindex":0}}}],"display":{"head":{"translation":[0.0,-6.4,0.0],"scale":[4.0,4.0,4.0]}}}