{"textures":{"0":"modelengine:entity/ent_guardian"},"elements":[{"from":[10.030763,2.1931515,4.8588796],"to":[12.9015465,8.754944,7.729664],"rotation":{"angle":45.0,"axis":"x","origin":[11.30211,6.2942715,6.2942715]},"faces":{"east":{"uv":[3.84375,3.0,3.625,3.5],"rotation":0,"texture":"#0","tintindex":0},"south":{"uv":[3.84375,3.0,3.625,3.5],"rotation":0,"texture":"#0","tintindex":0},"north":{"uv":[3.625,3.0,3.84375,3.5],"rotation":0,"texture":"#0","tintindex":0},"west":{"uv":[3.84375,3.0,3.625,3.5],"rotation":0,"texture":"#0","tintindex":0},"up":{"uv":[3.84375,3.0,3.625,3.21875],"rotation":0,"texture":"#0","tintindex":0},"down":{"uv":[3.84375,3.0,3.625,3.21875],"rotation":0,"texture":"#0","tintindex":0}}},{"from":[6.52218,2.1931515,4.8588796],"to":[9.392964,8.754944,7.729664],"rotation":{"angle":45.0,"axis":"x","origin":[-30.100822,6.2942715,6.2942715]},"faces":{"east":{"uv":[3.625,3.0,3.84375,3.5],"rotation":0,"texture":"#0","tintindex":0},"south":{"uv":[3.625,3.0,3.84375,3.5],"rotation":0,"texture":"#0","tintindex":0},"north":{"uv":[4.0,3.125,4.21875,3.625],"rotation":0,"texture":"#0","tintindex":0},"west":{"uv":[3.625,3.0,3.84375,3.5],"rotation":0,"texture":"#0","tintindex":0},"up":{"uv":[3.625,3.0,3.84375,3.21875],"rotation":0,"texture":"#0","tintindex":0},"down":{"uv":[3.625,3.0,3.84375,3.21875],"rotation":0,"texture":"#0","tintindex":0}}},{"from":[3.140881,2.1931515,4.8588796],"to":[6.011665,8.754944,7.729664],"rotation":{"angle":45.0,"axis":"x","origin":[11.30211,6.2942715,6.2942715]},"faces":{"east":{"uv":[3.84375,3.0,3.625,3.5],"rotation":0,"texture":"#0","tintindex":0},"south":{"uv":[3.84375,3.0,3.625,3.5],"rotation":0,"texture":"#0","tintindex":0},"north":{"uv":[3.84375,3.0,3.625,3.5],"rotation":0,"texture":"#0","tintindex":0},"west":{"uv":[3.84375,3.0,3.625,3.5],"rotation":0,"texture":"#0","tintindex":0},"up":{"uv":[3.84375,3.0,3.625,3.21875],"rotation":0,"texture":"#0","tintindex":0},"down":{"uv":[3.84375,3.0,3.625,3.21875],"rotation":0,"texture":"#0","tintindex":0}}}],"display":{"head":{"translation":[0.0,-6.4,0.0],"scale":[4.0,4.0,4.0]}}}