{"textures":{"0":"modelengine:entity/ent_guardian"},"elements":[{"from":[6.9318438,-7.649129,4.208963],"to":[15.134085,8.755352,12.411203],"rotation":{"angle":22.5,"axis":"z","origin":[11.032965,0.55311155,8.310083]},"faces":{"east":{"uv":[4.25,3.0,3.625,4.25],"rotation":0,"texture":"#0","tintindex":0},"south":{"uv":[4.25,3.0,3.625,4.25],"rotation":0,"texture":"#0","tintindex":0},"north":{"uv":[4.25,3.0,3.625,4.25],"rotation":0,"texture":"#0","tintindex":0},"west":{"uv":[4.25,3.0,3.625,4.25],"rotation":0,"texture":"#0","tintindex":0},"up":{"uv":[4.25,3.0,3.625,3.625],"rotation":0,"texture":"#0","tintindex":0},"down":{"uv":[4.31875,6.675,4.94375,7.3],"rotation":0,"texture":"#0","tintindex":0}}},{"from":[16.976738,-10.407038,4.3319964],"to":[20.257633,-5.485692,7.6128926],"rotation":{"angle":45.0,"axis":"z","origin":[17.386848,-8.356476,5.849411]},"faces":{"east":{"uv":[3.875,3.0,3.625,3.375],"rotation":0,"texture":"#0","tintindex":0},"south":{"uv":[3.875,3.0,3.625,3.375],"rotation":0,"texture":"#0","tintindex":0},"north":{"uv":[3.875,3.0,3.625,3.375],"rotation":0,"texture":"#0","tintindex":0},"west":{"uv":[3.875,3.0,3.625,3.375],"rotation":0,"texture":"#0","tintindex":0},"up":{"uv":[3.875,3.0,3.625,3.25],"rotation":0,"texture":"#0","tintindex":0},"down":{"uv":[4.125,3.25,3.875,3.5],"rotation":0,"texture":"#0","tintindex":0}}},{"from":[15.134085,-4.368232,9.130307],"to":[23.336325,8.755352,9.130307],"rotation":{"angle":22.5,"axis":"z","origin":[11.032965,0.55311155,8.310083]},"faces":{"east":{"uv":[13.125,3.875,12.5,4.875],"rotation":0,"texture":"#0","tintindex":0},"south":{"uv":[4.375,5.5,5.0,6.5],"rotation":0,"texture":"#0","tintindex":0},"north":{"uv":[5.0,5.5,4.375,6.5],"rotation":0,"texture":"#0","tintindex":0},"west":{"uv":[13.125,3.875,12.5,4.875],"rotation":0,"texture":"#0","tintindex":0},"up":{"uv":[13.125,3.875,12.5,4.875],"rotation":0,"texture":"#0","tintindex":0},"down":{"uv":[13.125,3.875,12.5,4.875],"rotation":0,"texture":"#0","tintindex":0}}},{"from":[16.976738,-10.407038,9.089296],"to":[20.257633,-5.485692,12.370192],"rotation":{"angle":45.0,"axis":"z","origin":[17.386848,-8.356476,5.849411]},"faces":{"east":{"uv":[3.875,3.0,3.625,3.375],"rotation":0,"texture":"#0","tintindex":0},"south":{"uv":[3.875,3.0,3.625,3.375],"rotation":0,"texture":"#0","tintindex":0},"north":{"uv":[3.875,3.0,3.625,3.375],"rotation":0,"texture":"#0","tintindex":0},"west":{"uv":[3.875,3.0,3.625,3.375],"rotation":0,"texture":"#0","tintindex":0},"up":{"uv":[3.875,3.0,3.625,3.25],"rotation":0,"texture":"#0","tintindex":0},"down":{"uv":[4.125,3.25,3.875,3.5],"rotation":0,"texture":"#0","tintindex":0}}},{"from":[9.764594,-11.2976265,2.6915483],"to":[13.04549,-6.37628,5.9724445],"rotation":{"angle":45.0,"axis":"x","origin":[17.966835,-7.1965046,5.9724445]},"faces":{"east":{"uv":[3.875,3.0,3.625,3.375],"rotation":0,"texture":"#0","tintindex":0},"south":{"uv":[3.875,3.0,3.625,3.375],"rotation":0,"texture":"#0","tintindex":0},"north":{"uv":[3.875,3.0,3.625,3.375],"rotation":0,"texture":"#0","tintindex":0},"west":{"uv":[3.875,3.0,3.625,3.375],"rotation":0,"texture":"#0","tintindex":0},"up":{"uv":[3.625,3.25,3.875,3.0],"rotation":90,"texture":"#0","tintindex":0},"down":{"uv":[3.875,3.5,4.125,3.25],"rotation":270,"texture":"#0","tintindex":0}}}],"display":{"head":{"translation":[0.0,-6.4,0.0],"scale":[4.0,4.0,4.0]}}}