{"textures":{"0":"modelengine:entity/snow_boar"},"elements":[{"name":"cube","from":[6.5228844,6.313238,5.8634157],"to":[9.477116,8.282726,7.832904],"rotation":{"angle":0.0,"axis":"x","origin":[8.0,6.6827803,15.20381]},"faces":{"down":{"uv":[10.735,9.765,10.015,10.235],"rotation":0,"texture":"#0","tintindex":0},"east":{"uv":[0.765,11.265,1.235,11.735],"rotation":0,"texture":"#0","tintindex":0},"north":{"uv":[10.015,8.265,10.735,8.735],"rotation":0,"texture":"#0","tintindex":0},"south":{"uv":[9.015,10.015,9.735,10.485],"rotation":0,"texture":"#0","tintindex":0},"up":{"uv":[10.735,9.485,10.015,9.015],"rotation":0,"texture":"#0","tintindex":0},"west":{"uv":[11.265,0.765,11.735,1.235],"rotation":0,"texture":"#0","tintindex":0}}},{"name":"cube","from":[6.030512,0.61511135,7.239131],"to":[7.015256,1.5998548,9.208619],"rotation":{"angle":45.0,"axis":"x","origin":[8.0,6.6827803,15.20381]},"faces":{"down":{"uv":[2.735,7.015,2.515,7.485],"rotation":0,"texture":"#0","tintindex":0},"east":{"uv":[9.265,2.515,9.735,2.735],"rotation":0,"texture":"#0","tintindex":0},"north":{"uv":[5.015,8.515,5.235,8.735],"rotation":0,"texture":"#0","tintindex":0},"south":{"uv":[8.515,10.265,8.735,10.485],"rotation":0,"texture":"#0","tintindex":0},"up":{"uv":[3.485,4.485,3.265,4.015],"rotation":0,"texture":"#0","tintindex":0},"west":{"uv":[12.015,9.515,12.485,9.735],"rotation":0,"texture":"#0","tintindex":0}}},{"name":"cube","from":[8.984744,0.61511135,7.239131],"to":[9.969488,1.5998548,9.208619],"rotation":{"angle":45.0,"axis":"x","origin":[8.0,6.6827803,15.20381]},"faces":{"down":{"uv":[2.235,8.515,2.015,8.985],"rotation":0,"texture":"#0","tintindex":0},"east":{"uv":[9.515,12.265,9.985,12.485],"rotation":0,"texture":"#0","tintindex":0},"north":{"uv":[11.015,10.015,11.235,10.235],"rotation":0,"texture":"#0","tintindex":0},"south":{"uv":[8.015,11.265,8.235,11.485],"rotation":0,"texture":"#0","tintindex":0},"up":{"uv":[5.235,8.235,5.015,7.765],"rotation":0,"texture":"#0","tintindex":0},"west":{"uv":[12.265,10.015,12.735,10.235],"rotation":0,"texture":"#0","tintindex":0}}}],"display":{"head":{"translation":[0.0,-6.4,0.0],"rotation":[0.0,0.0,0.0],"scale":[3.8095,3.8095,3.8095]}}}