{"textures":{"0":"modelengine:entity/snow_boar"},"elements":[{"from":[8.0,5.562244,5.322778],"to":[8.0,8.844724,8.1363325],"rotation":{"angle":22.5,"axis":"x","origin":[10.110166,3.9024057,12.454007]},"faces":{"east":{"uv":[1.735,10.015,1.015,10.875],"rotation":0,"texture":"#0","tintindex":0},"south":{"uv":[11.515,12.765,11.515,13.625],"rotation":0,"texture":"#0","tintindex":0},"north":{"uv":[11.265,12.765,11.265,13.625],"rotation":0,"texture":"#0","tintindex":0},"west":{"uv":[1.015,10.015,1.735,10.875],"rotation":0,"texture":"#0","tintindex":0},"up":{"uv":[11.765,13.485,11.765,12.765],"rotation":0,"texture":"#0","tintindex":0},"down":{"uv":[12.015,12.765,12.015,13.485],"rotation":0,"texture":"#0","tintindex":0}}}],"display":{"head":{"translation":[0.0,-6.4,0.0],"scale":[4.0,4.0,4.0]}}}