{"textures":{"0":"modelengine:entity/snow_boar"},"elements":[{"from":[7.0621486,6.4456973,6.39225],"to":[8.937852,9.259252,8.267953],"rotation":{"angle":-22.5,"axis":"x","origin":[10.579092,9.7402935,9.636282]},"faces":{"east":{"uv":[7.015,10.265,7.485,10.985],"rotation":0,"texture":"#0","tintindex":0},"south":{"uv":[7.765,10.265,8.235,10.985],"rotation":0,"texture":"#0","tintindex":0},"north":{"uv":[10.265,6.265,10.735,6.985],"rotation":0,"texture":"#0","tintindex":0},"west":{"uv":[2.015,10.515,2.485,11.235],"rotation":0,"texture":"#0","tintindex":0},"up":{"uv":[11.735,4.485,11.265,4.015],"rotation":0,"texture":"#0","tintindex":0},"down":{"uv":[11.735,4.765,11.265,5.235],"rotation":0,"texture":"#0","tintindex":0}}}],"display":{"head":{"translation":[0.0,-6.4,0.0],"scale":[4.0,4.0,4.0]}}}