{"textures":{"0":"modelengine:entity/snow_boar"},"elements":[{"name":"cube","from":[7.015256,6.367982,6.3118625],"to":[8.984744,9.322214,8.281351],"rotation":{"angle":-22.5,"axis":"x","origin":[10.708046,9.827309,9.718096]},"faces":{"down":{"uv":[11.735,4.765,11.265,5.235],"rotation":0,"texture":"#0","tintindex":0},"east":{"uv":[7.015,10.265,7.485,10.985],"rotation":0,"texture":"#0","tintindex":0},"north":{"uv":[10.265,6.265,10.735,6.985],"rotation":0,"texture":"#0","tintindex":0},"south":{"uv":[7.765,10.265,8.235,10.985],"rotation":0,"texture":"#0","tintindex":0},"up":{"uv":[11.735,4.485,11.265,4.015],"rotation":0,"texture":"#0","tintindex":0},"west":{"uv":[2.015,10.515,2.485,11.235],"rotation":0,"texture":"#0","tintindex":0}}}],"display":{"head":{"translation":[0.0,-6.4,0.0],"rotation":[0.0,0.0,0.0],"scale":[3.8095,3.8095,3.8095]}}}