{"textures":{"0":"modelengine:entity/snow_boar"},"elements":[{"name":"cube","from":[5.5381403,5.4917445,8.034327],"to":[10.461861,10.415464,12.958047],"rotation":{"angle":0.0,"axis":"x","origin":[8.0,6.599845,4.573048]},"faces":{"down":{"uv":[6.485,3.265,5.265,4.485],"rotation":0,"texture":"#0","tintindex":0},"east":{"uv":[3.265,4.765,4.485,5.985],"rotation":0,"texture":"#0","tintindex":0},"north":{"uv":[1.765,4.015,2.985,5.235],"rotation":0,"texture":"#0","tintindex":0},"south":{"uv":[4.765,4.765,5.985,5.985],"rotation":0,"texture":"#0","tintindex":0},"up":{"uv":[6.485,2.985,5.265,1.765],"rotation":0,"texture":"#0","tintindex":0},"west":{"uv":[0.015,5.265,1.235,6.485],"rotation":0,"texture":"#0","tintindex":0}}},{"name":"cube","from":[8.0,10.415464,8.034327],"to":[8.0,12.877324,11.973302],"rotation":{"angle":0.0,"axis":"x","origin":[8.0,6.599845,4.573048]},"faces":{"down":{"uv":[7.765,12.765,7.765,13.735],"rotation":0,"texture":"#0","tintindex":0},"east":{"uv":[10.015,4.515,10.985,5.125],"rotation":0,"texture":"#0","tintindex":0},"north":{"uv":[7.015,12.765,7.015,13.375],"rotation":0,"texture":"#0","tintindex":0},"south":{"uv":[7.265,12.765,7.265,13.375],"rotation":0,"texture":"#0","tintindex":0},"up":{"uv":[7.515,13.735,7.515,12.765],"rotation":0,"texture":"#0","tintindex":0},"west":{"uv":[10.015,7.265,10.985,7.875],"rotation":0,"texture":"#0","tintindex":0}}},{"name":"cube","from":[7.507628,10.524353,11.368132],"to":[8.492372,11.509097,13.337619],"rotation":{"angle":22.5,"axis":"x","origin":[8.0,6.599845,5.173048]},"faces":{"down":{"uv":[12.735,1.515,12.515,1.985],"rotation":0,"texture":"#0","tintindex":0},"east":{"uv":[12.265,11.515,12.735,11.735],"rotation":0,"texture":"#0","tintindex":0},"north":{"uv":[4.515,11.515,4.735,11.735],"rotation":0,"texture":"#0","tintindex":0},"south":{"uv":[9.515,11.765,9.735,11.985],"rotation":0,"texture":"#0","tintindex":0},"up":{"uv":[7.735,12.485,7.515,12.015],"rotation":0,"texture":"#0","tintindex":0},"west":{"uv":[11.765,12.265,12.235,12.485],"rotation":0,"texture":"#0","tintindex":0}}}],"display":{"head":{"translation":[0.0,-6.4,0.0],"rotation":[0.0,0.0,0.0],"scale":[3.8095,3.8095,3.8095]}}}