{"textures":{"0":"modelengine:entity/snow_boar"},"elements":[{"name":"cube","from":[6.522884,7.867323,3.5021648],"to":[9.477116,12.791043,7.441141],"rotation":{"angle":45.0,"axis":"x","origin":[5.291954,7.1217785,1.4083797]},"faces":{"down":{"uv":[9.015,8.765,9.735,9.735],"rotation":0,"texture":"#0","tintindex":0},"east":{"uv":[7.985,0.015,7.015,1.235],"rotation":0,"texture":"#0","tintindex":0},"north":{"uv":[0.735,8.265,0.015,9.485],"rotation":0,"texture":"#0","tintindex":0},"south":{"uv":[8.985,0.015,8.265,1.235],"rotation":0,"texture":"#0","tintindex":0},"up":{"uv":[8.015,9.985,8.735,9.015],"rotation":0,"texture":"#0","tintindex":0},"west":{"uv":[7.735,3.015,6.765,4.235],"rotation":0,"texture":"#0","tintindex":0}}}],"display":{"head":{"translation":[0.0,-6.4,0.0],"rotation":[0.0,0.0,0.0],"scale":[3.8095,3.8095,3.8095]}}}