{"textures":{"0":"modelengine:entity/snow_boar"},"elements":[{"from":[5.1864457,4.907797,1.5855594],"to":[10.813555,10.534906,8.15052],"rotation":{"angle":0.0,"axis":"y","origin":[8.0,6.666519,4.8540645]},"faces":{"east":{"uv":[0.015,0.015,1.735,1.485],"rotation":0,"texture":"#0","tintindex":0},"south":{"uv":[3.765,0.015,5.235,1.485],"rotation":0,"texture":"#0","tintindex":0},"north":{"uv":[0.015,3.515,1.485,4.985],"rotation":0,"texture":"#0","tintindex":0},"west":{"uv":[0.015,1.765,1.735,3.235],"rotation":0,"texture":"#0","tintindex":0},"up":{"uv":[3.485,1.735,2.015,0.015],"rotation":0,"texture":"#0","tintindex":0},"down":{"uv":[3.485,2.015,2.015,3.735],"rotation":0,"texture":"#0","tintindex":0}}},{"from":[8.0,10.534906,4.399114],"to":[8.0,12.879534,8.15052],"rotation":{"angle":0.0,"axis":"y","origin":[8.0,6.666519,4.8540645]},"faces":{"east":{"uv":[10.015,2.515,10.985,3.125],"rotation":0,"texture":"#0","tintindex":0},"south":{"uv":[6.265,12.765,6.265,13.375],"rotation":0,"texture":"#0","tintindex":0},"north":{"uv":[6.015,12.765,6.015,13.375],"rotation":0,"texture":"#0","tintindex":0},"west":{"uv":[10.015,3.515,10.985,4.125],"rotation":0,"texture":"#0","tintindex":0},"up":{"uv":[6.515,13.735,6.515,12.765],"rotation":0,"texture":"#0","tintindex":0},"down":{"uv":[6.765,12.765,6.765,13.735],"rotation":0,"texture":"#0","tintindex":0}}}],"display":{"head":{"translation":[0.0,-6.4,0.0],"scale":[4.0,4.0,4.0]}}}