{"textures":{"0":"modelengine:entity/go_03"},"elements":[{"from":[5.714286,8.0,5.714286],"to":[10.285714,9.714286,10.285714],"rotation":{"angle":0.0,"axis":"y","origin":[-22.857143,-7.4285717,7.428571]},"faces":{"east":{"uv":[4.625,8.0,5.625,8.375],"rotation":0,"texture":"#0","tintindex":0},"south":{"uv":[4.625,8.0,5.625,8.375],"rotation":0,"texture":"#0","tintindex":0},"north":{"uv":[4.625,8.0,5.625,8.375],"rotation":0,"texture":"#0","tintindex":0},"west":{"uv":[4.625,8.0,5.625,8.375],"rotation":0,"texture":"#0","tintindex":0},"up":{"uv":[5.625,7.375,6.625,8.375],"rotation":0,"texture":"#0","tintindex":0},"down":{"uv":[10.25,6.875,11.25,7.875],"rotation":0,"texture":"#0","tintindex":0}}},{"from":[5.714286,9.714286,10.268572],"to":[10.285714,11.428572,10.285714],"rotation":{"angle":0.0,"axis":"y","origin":[-22.857143,-7.4285717,7.428571]},"faces":{"east":{"uv":[16.0,8.5,15.875,8.875],"rotation":0,"texture":"#0","tintindex":0},"south":{"uv":[5.625,7.625,4.625,8.0],"rotation":0,"texture":"#0","tintindex":0},"north":{"uv":[4.625,7.625,5.625,8.0],"rotation":0,"texture":"#0","tintindex":0},"west":{"uv":[16.0,8.5,15.875,8.875],"rotation":0,"texture":"#0","tintindex":0},"up":{"uv":[15.75,9.0,16.0,8.625],"rotation":0,"texture":"#0","tintindex":0},"down":{"uv":[15.75,8.875,16.0,8.625],"rotation":0,"texture":"#0","tintindex":0}}},{"from":[10.268572,9.714286,5.714286],"to":[10.285714,11.428572,10.285714],"rotation":{"angle":0.0,"axis":"y","origin":[11.991428,10.571428,5.142857]},"faces":{"east":{"uv":[4.625,7.625,5.625,8.0],"rotation":0,"texture":"#0","tintindex":0},"south":{"uv":[15.875,8.5,16.0,8.875],"rotation":0,"texture":"#0","tintindex":0},"north":{"uv":[15.875,8.5,16.0,8.875],"rotation":0,"texture":"#0","tintindex":0},"west":{"uv":[5.625,7.625,4.625,8.0],"rotation":0,"texture":"#0","tintindex":0},"up":{"uv":[15.75,8.625,16.0,9.0],"rotation":90,"texture":"#0","tintindex":0},"down":{"uv":[15.75,8.625,16.0,8.875],"rotation":270,"texture":"#0","tintindex":0}}},{"from":[5.714286,9.714286,5.714286],"to":[5.731428,11.428572,10.285714],"rotation":{"angle":0.0,"axis":"y","origin":[4.008571,10.571428,5.142857]},"faces":{"east":{"uv":[4.625,7.625,5.625,8.0],"rotation":0,"texture":"#0","tintindex":0},"south":{"uv":[16.0,8.5,15.875,8.875],"rotation":0,"texture":"#0","tintindex":0},"north":{"uv":[16.0,8.5,15.875,8.875],"rotation":0,"texture":"#0","tintindex":0},"west":{"uv":[5.625,7.625,4.625,8.0],"rotation":0,"texture":"#0","tintindex":0},"up":{"uv":[15.75,9.0,16.0,8.625],"rotation":90,"texture":"#0","tintindex":0},"down":{"uv":[15.75,8.875,16.0,8.625],"rotation":270,"texture":"#0","tintindex":0}}},{"from":[5.714286,9.714286,5.714286],"to":[10.285714,11.428572,5.731428],"rotation":{"angle":0.0,"axis":"y","origin":[-22.857143,-7.4285717,7.428571]},"faces":{"east":{"uv":[15.875,8.5,16.0,8.875],"rotation":0,"texture":"#0","tintindex":0},"south":{"uv":[5.625,7.625,4.625,8.0],"rotation":0,"texture":"#0","tintindex":0},"north":{"uv":[4.625,7.625,5.625,8.0],"rotation":0,"texture":"#0","tintindex":0},"west":{"uv":[15.875,8.5,16.0,8.875],"rotation":0,"texture":"#0","tintindex":0},"up":{"uv":[15.75,8.625,16.0,9.0],"rotation":0,"texture":"#0","tintindex":0},"down":{"uv":[15.75,8.625,16.0,8.875],"rotation":0,"texture":"#0","tintindex":0}}}],"display":{"head":{"translation":[0.0,-6.4,0.0],"scale":[4.0,4.0,4.0]}}}