{"textures":{"0":"modelengine:entity/go_03"},"elements":[{"from":[6.285714,5.714286,5.142857],"to":[9.714286,8.0,5.1257143],"rotation":{"angle":22.5,"axis":"x","origin":[8.0,8.0,5.134286]},"faces":{"east":{"uv":[15.875,8.5,16.0,8.875],"rotation":0,"texture":"#0","tintindex":0},"south":{"uv":[1.5,5.75,0.75,6.25],"rotation":0,"texture":"#0","tintindex":0},"north":{"uv":[0.75,5.75,1.5,6.25],"rotation":0,"texture":"#0","tintindex":0},"west":{"uv":[15.875,8.5,16.0,8.875],"rotation":0,"texture":"#0","tintindex":0},"up":{"uv":[15.75,8.625,16.0,9.0],"rotation":0,"texture":"#0","tintindex":0},"down":{"uv":[15.75,8.625,16.0,8.875],"rotation":0,"texture":"#0","tintindex":0}}},{"from":[7.428571,12.571428,5.0857143],"to":[11.428572,14.857143,5.068571],"rotation":{"angle":22.5,"axis":"x","origin":[9.428572,14.857143,5.0771427]},"faces":{"east":{"uv":[15.875,8.5,16.0,8.875],"rotation":180,"texture":"#0","tintindex":0},"south":{"uv":[1.5,5.875,2.375,6.375],"rotation":180,"texture":"#0","tintindex":0},"north":{"uv":[2.375,5.875,1.5,6.375],"rotation":180,"texture":"#0","tintindex":0},"west":{"uv":[15.875,8.5,16.0,8.875],"rotation":180,"texture":"#0","tintindex":0},"up":{"uv":[15.75,8.625,16.0,8.875],"rotation":0,"texture":"#0","tintindex":0},"down":{"uv":[15.75,8.625,16.0,9.0],"rotation":0,"texture":"#0","tintindex":0}}},{"from":[8.0,10.462984,4.2116613],"to":[12.0,12.748698,4.1945186],"rotation":{"angle":0.0,"axis":"y","origin":[7.428571,-19.852016,35.377373]},"faces":{"east":{"uv":[16.0,8.5,15.875,8.875],"rotation":180,"texture":"#0","tintindex":0},"south":{"uv":[2.375,6.375,1.5,6.875],"rotation":180,"texture":"#0","tintindex":0},"north":{"uv":[1.5,6.375,2.375,6.875],"rotation":180,"texture":"#0","tintindex":0},"west":{"uv":[16.0,8.5,15.875,8.875],"rotation":180,"texture":"#0","tintindex":0},"up":{"uv":[16.0,8.625,15.75,8.875],"rotation":0,"texture":"#0","tintindex":0},"down":{"uv":[16.0,8.625,15.75,9.0],"rotation":0,"texture":"#0","tintindex":0}}},{"from":[8.0,8.17727,4.2116613],"to":[12.0,10.462984,4.1945186],"rotation":{"angle":22.5,"axis":"x","origin":[9.428572,10.462984,4.20309]},"faces":{"east":{"uv":[15.875,8.5,16.0,8.875],"rotation":0,"texture":"#0","tintindex":0},"south":{"uv":[1.5,6.875,2.375,7.375],"rotation":0,"texture":"#0","tintindex":0},"north":{"uv":[2.375,6.875,1.5,7.375],"rotation":0,"texture":"#0","tintindex":0},"west":{"uv":[15.875,8.5,16.0,8.875],"rotation":0,"texture":"#0","tintindex":0},"up":{"uv":[15.75,8.625,16.0,9.0],"rotation":180,"texture":"#0","tintindex":0},"down":{"uv":[15.75,8.625,16.0,8.875],"rotation":180,"texture":"#0","tintindex":0}}},{"from":[4.0,8.17727,4.2116613],"to":[8.0,10.462984,4.1945186],"rotation":{"angle":22.5,"axis":"x","origin":[6.5714283,10.462984,4.20309]},"faces":{"east":{"uv":[16.0,8.5,15.875,8.875],"rotation":0,"texture":"#0","tintindex":0},"south":{"uv":[2.375,6.875,1.5,7.375],"rotation":0,"texture":"#0","tintindex":0},"north":{"uv":[1.5,6.875,2.375,7.375],"rotation":0,"texture":"#0","tintindex":0},"west":{"uv":[16.0,8.5,15.875,8.875],"rotation":0,"texture":"#0","tintindex":0},"up":{"uv":[16.0,8.625,15.75,9.0],"rotation":180,"texture":"#0","tintindex":0},"down":{"uv":[16.0,8.625,15.75,8.875],"rotation":180,"texture":"#0","tintindex":0}}},{"from":[4.5714283,12.571428,5.0857143],"to":[8.571428,14.857143,5.068571],"rotation":{"angle":22.5,"axis":"x","origin":[6.5714283,14.857143,5.0771427]},"faces":{"east":{"uv":[16.0,8.5,15.875,8.875],"rotation":180,"texture":"#0","tintindex":0},"south":{"uv":[2.375,5.875,1.5,6.375],"rotation":180,"texture":"#0","tintindex":0},"north":{"uv":[1.5,5.875,2.375,6.375],"rotation":180,"texture":"#0","tintindex":0},"west":{"uv":[16.0,8.5,15.875,8.875],"rotation":180,"texture":"#0","tintindex":0},"up":{"uv":[16.0,8.625,15.75,8.875],"rotation":0,"texture":"#0","tintindex":0},"down":{"uv":[16.0,8.625,15.75,9.0],"rotation":0,"texture":"#0","tintindex":0}}},{"from":[4.0,10.462984,4.2116613],"to":[8.0,12.748698,4.1945186],"rotation":{"angle":0.0,"axis":"y","origin":[8.571428,-19.852016,35.377373]},"faces":{"east":{"uv":[15.875,8.5,16.0,8.875],"rotation":180,"texture":"#0","tintindex":0},"south":{"uv":[1.5,6.375,2.375,6.875],"rotation":180,"texture":"#0","tintindex":0},"north":{"uv":[2.375,6.375,1.5,6.875],"rotation":180,"texture":"#0","tintindex":0},"west":{"uv":[15.875,8.5,16.0,8.875],"rotation":180,"texture":"#0","tintindex":0},"up":{"uv":[15.75,8.625,16.0,8.875],"rotation":0,"texture":"#0","tintindex":0},"down":{"uv":[15.75,8.625,16.0,9.0],"rotation":0,"texture":"#0","tintindex":0}}},{"from":[5.714286,-1.1428576,6.857143],"to":[8.571428,0.0,8.0],"rotation":{"angle":22.5,"axis":"z","origin":[-22.857143,-0.57142925,7.428571]},"faces":{"east":{"uv":[7.75,8.375,8.0,8.625],"rotation":0,"texture":"#0","tintindex":0},"south":{"uv":[7.875,8.875,8.5,9.125],"rotation":0,"texture":"#0","tintindex":0},"north":{"uv":[8.5,8.875,9.125,9.125],"rotation":0,"texture":"#0","tintindex":0},"west":{"uv":[7.75,8.375,8.0,8.625],"rotation":0,"texture":"#0","tintindex":0},"up":{"uv":[0.0,0.0,2.5,1.0],"rotation":0,"texture":"#0","tintindex":0},"down":{"uv":[6.625,8.125,7.25,8.375],"rotation":0,"texture":"#0","tintindex":0}}},{"from":[7.428571,-1.1428576,6.857143],"to":[10.285714,0.0,8.0],"rotation":{"angle":-22.5,"axis":"z","origin":[38.857143,-0.57142925,7.428571]},"faces":{"east":{"uv":[8.0,8.375,7.75,8.625],"rotation":0,"texture":"#0","tintindex":0},"south":{"uv":[8.5,8.875,7.875,9.125],"rotation":0,"texture":"#0","tintindex":0},"north":{"uv":[9.125,8.875,8.5,9.125],"rotation":0,"texture":"#0","tintindex":0},"west":{"uv":[8.0,8.375,7.75,8.625],"rotation":0,"texture":"#0","tintindex":0},"up":{"uv":[2.5,0.0,0.0,1.0],"rotation":0,"texture":"#0","tintindex":0},"down":{"uv":[7.25,8.125,6.625,8.375],"rotation":0,"texture":"#0","tintindex":0}}},{"from":[4.5714283,0.0,6.857143],"to":[8.571428,2.2857141,8.0],"rotation":{"angle":22.5,"axis":"z","origin":[-22.857143,-0.57142925,7.428571]},"faces":{"east":{"uv":[7.75,8.375,8.0,8.625],"rotation":0,"texture":"#0","tintindex":0},"south":{"uv":[9.125,8.125,10.0,8.625],"rotation":0,"texture":"#0","tintindex":0},"north":{"uv":[9.125,8.625,10.0,9.125],"rotation":0,"texture":"#0","tintindex":0},"west":{"uv":[8.875,7.875,9.125,8.375],"rotation":0,"texture":"#0","tintindex":0},"up":{"uv":[9.125,7.875,10.0,8.125],"rotation":0,"texture":"#0","tintindex":0},"down":{"uv":[7.75,8.375,8.0,8.625],"rotation":0,"texture":"#0","tintindex":0}}},{"from":[7.428571,0.0,6.857143],"to":[11.428572,2.2857141,8.0],"rotation":{"angle":-22.5,"axis":"z","origin":[38.857143,-0.57142925,7.428571]},"faces":{"east":{"uv":[9.125,7.875,8.875,8.375],"rotation":0,"texture":"#0","tintindex":0},"south":{"uv":[10.0,8.125,9.125,8.625],"rotation":0,"texture":"#0","tintindex":0},"north":{"uv":[10.0,8.625,9.125,9.125],"rotation":0,"texture":"#0","tintindex":0},"west":{"uv":[8.0,8.375,7.75,8.625],"rotation":0,"texture":"#0","tintindex":0},"up":{"uv":[10.0,7.875,9.125,8.125],"rotation":0,"texture":"#0","tintindex":0},"down":{"uv":[8.0,8.375,7.75,8.625],"rotation":0,"texture":"#0","tintindex":0}}},{"from":[7.428571,7.428571,7.428571],"to":[8.571428,9.142858,8.571428],"rotation":{"angle":0.0,"axis":"y","origin":[-22.857143,-0.57142925,7.428571]},"faces":{"east":{"uv":[7.75,8.375,8.0,8.625],"rotation":0,"texture":"#0","tintindex":0},"south":{"uv":[7.75,8.375,8.0,8.625],"rotation":0,"texture":"#0","tintindex":0},"north":{"uv":[7.75,8.375,8.0,8.625],"rotation":0,"texture":"#0","tintindex":0},"west":{"uv":[7.75,8.375,8.0,8.625],"rotation":0,"texture":"#0","tintindex":0},"up":{"uv":[0.0,0.0,1.0,1.0],"rotation":0,"texture":"#0","tintindex":0},"down":{"uv":[7.75,8.375,8.0,8.625],"rotation":0,"texture":"#0","tintindex":0}}},{"from":[6.285714,8.0,5.142857],"to":[9.714286,9.142858,7.428571],"rotation":{"angle":0.0,"axis":"y","origin":[-22.857143,-0.57142925,7.428571]},"faces":{"east":{"uv":[6.625,7.875,7.125,8.125],"rotation":0,"texture":"#0","tintindex":0},"south":{"uv":[7.75,8.375,8.0,8.625],"rotation":0,"texture":"#0",