{"textures":{"0":"modelengine:entity/frobat"},"elements":[{"name":"cube","from":[5.016786,5.421683,9.555449],"to":[10.983213,8.68811,11.274223],"rotation":{"angle":0.0,"axis":"x","origin":[8.0,8.374897,7.8498354]},"faces":{"down":{"uv":[4.875,5.265,3.515,6.735],"rotation":0,"texture":"#0","tintindex":0},"east":{"uv":[1.485,5.64,1.14,6.375],"rotation":0,"texture":"#0","tintindex":0},"north":{"uv":[5.265,5.265,6.625,6.625],"rotation":0,"texture":"#0","tintindex":0},"south":{"uv":[6.265,0.64,7.625,1.375],"rotation":0,"texture":"#0","tintindex":0},"up":{"uv":[3.125,6.485,1.765,5.015],"rotation":0,"texture":"#0","tintindex":0},"west":{"uv":[1.14,5.64,1.485,6.375],"rotation":0,"texture":"#0","tintindex":0}}},{"name":"cube","from":[5.016786,8.676683,4.440448],"to":[10.983213,11.343111,11.259223],"rotation":{"angle":0.0,"axis":"x","origin":[8.0,8.374897,7.8498354]},"faces":{"down":{"uv":[4.875,5.265,3.515,6.735],"rotation":0,"texture":"#0","tintindex":0},"east":{"uv":[1.485,5.015,0.015,5.625],"rotation":0,"texture":"#0","tintindex":0},"north":{"uv":[5.265,5.265,6.625,5.875],"rotation":0,"texture":"#0","tintindex":0},"south":{"uv":[6.265,0.015,7.625,0.625],"rotation":0,"texture":"#0","tintindex":0},"up":{"uv":[3.125,6.485,1.765,5.015],"rotation":0,"texture":"#0","tintindex":0},"west":{"uv":[0.015,5.015,1.485,5.625],"rotation":0,"texture":"#0","tintindex":0}}},{"name":"cube","from":[5.016786,5.421683,10.140448],"to":[10.983213,8.68811,11.259223],"rotation":{"angle":0.0,"axis":"x","origin":[8.0,8.374897,7.8498354]},"faces":{"down":{"uv":[4.875,5.39,3.515,5.61],"rotation":0,"texture":"#0","tintindex":0},"east":{"uv":[1.485,5.64,1.265,6.375],"rotation":0,"texture":"#0","tintindex":0},"north":{"uv":[5.265,5.265,6.625,5.875],"rotation":0,"texture":"#0","tintindex":0},"south":{"uv":[6.265,0.64,7.625,1.375],"rotation":0,"texture":"#0","tintindex":0},"up":{"uv":[3.125,6.485,1.765,5.015],"rotation":0,"texture":"#0","tintindex":0},"west":{"uv":[1.265,5.64,1.485,6.375],"rotation":0,"texture":"#0","tintindex":0}}},{"name":"cube","from":[4.448555,10.727971,4.9660244],"to":[5.3009014,11.580318,7.23895],"rotation":{"angle":-22.5,"axis":"x","origin":[4.874728,11.154144,6.102487]},"faces":{"down":{"uv":[9.735,5.265,9.515,5.735],"rotation":0,"texture":"#0","tintindex":0},"east":{"uv":[6.265,4.765,6.735,4.985],"rotation":0,"texture":"#0","tintindex":0},"north":{"uv":[9.765,7.765,9.985,7.985],"rotation":0,"texture":"#0","tintindex":0},"south":{"uv":[9.765,8.265,9.985,8.485],"rotation":0,"texture":"#0","tintindex":0},"up":{"uv":[8.985,7.985,8.765,7.515],"rotation":0,"texture":"#0","tintindex":0},"west":{"uv":[5.015,9.515,5.485,9.735],"rotation":0,"texture":"#0","tintindex":0}}},{"name":"cube","from":[10.699099,10.727971,4.9660244],"to":[11.551445,11.580318,7.23895],"rotation":{"angle":-22.5,"axis":"x","origin":[11.125272,11.154144,6.102487]},"faces":{"down":{"uv":[9.485,9.515,9.265,9.985],"rotation":0,"texture":"#0","tintindex":0},"east":{"uv":[5.765,9.515,6.235,9.735],"rotation":0,"texture":"#0","tintindex":0},"north":{"uv":[9.765,8.765,9.985,8.985],"rotation":0,"texture":"#0","tintindex":0},"south":{"uv":[9.765,9.265,9.985,9.485],"rotation":0,"texture":"#0","tintindex":0},"up":{"uv":[9.735,6.985,9.515,6.515],"rotation":0,"texture":"#0","tintindex":0},"west":{"uv":[9.515,6.015,9.985,6.235],"rotation":0,"texture":"#0","tintindex":0}}},{"name":"cube","from":[4.4463935,10.518183,7.8498354],"to":[6.7193184,13.075223,10.122761],"rotation":{"angle":22.5,"axis":"z","origin":[5.582856,11.796702,8.986298]},"faces":{"down":{"uv":[4.985,8.765,4.515,9.235],"rotation":0,"texture":"#0","tintindex":0},"east":{"uv":[7.765,8.265,8.235,8.875],"rotation":0,"texture":"#0","tintindex":0},"north":{"uv":[7.015,8.265,7.485,8.875],"rotation":0,"texture":"#0","tintindex":0},"south":{"uv":[8.515,8.265,8.985,8.875],"rotation":0,"texture":"#0","tintindex":0},"up":{"uv":[4.235,9.235,3.765,8.765],"rotation":0,"texture":"#0","tintindex":0},"west":{"uv":[0.015,8.765,0.485,9.375],"rotation":0,"texture":"#0","tintindex":0}}},{"name":"cube","from":[5.1947684,12.183186,8.418066],"to":[6.331231,14.740226,9.554529],"rotation":{"angle":-22.5,"axis":"z","origin":[5.7629995,13.461705,8.986298]},"faces":{"down":{"uv":[1.735,9.765,1.515,9.985],"rotation":0,"texture":"#0","tintindex":0},"east":{"uv":[7.265,9.265,7.485,9.875],"rotation":0,"texture":"#0","tintindex":0},"north":{"uv":[6.765,9.265,6.985,9.875],"rotation":0,"texture":"#0","tintindex":0},"south":{"uv":[9.265,7.515,9.485,8.125],"rotation":0,"texture":"#0","tintindex":0},"up":{"uv":[1.235,9.985,1.015,9.765],"rotation":0,"texture":"#0","tintindex":0},"west":{"uv":[7.765,9.265,7.985,9.875],"rotation":0,"texture":"#0","tintindex":0}}},{"name":"cube","from":[9.280682,10.518183,7.8498354],"to":[11.553606,13.075223,10.122761],"rotation":{"angle":-22.5,"axis":"z","origin":[10.417144,11.796702,8.986298]},"faces":{"down":{"uv":[5.735,8.765,5.265,9.235],"rotation":0,"texture":"#0","tintindex":0},"east":{"uv":[1.515,8.765,1.985,9.375],"rotation":0,"texture":"#0","tintindex":0},"north":{"uv":[0.765,8.765,1.235,9.375],"rotation":0,"texture":"#0","tintindex":0},"south":{"uv":[2.265,8.765,2.735,9.375],"rotation":0,"texture":"#0","tintindex":0},"up":{"uv":[9.235,4.985,8.765,4.515],"rotation":0,"texture":"#0","tintindex":0},"west":{"uv":[3.015,8.765,3.485,9.375],"rotation":0,"texture":"#0","tintindex":0}}},{"name":"cube","from":[9.668769,12.183186,8.418066],"to":[10.805231,14.740226,9.554529],"rotation":{"angle":22.5,"axis":"z","origin":[10.2369995,13.461705,8.986298]},"faces":{"down":{"uv":[3.235,9.765,3.015,9.985],"rotation":0,"texture":"#0","tintindex":0},"east":{"uv":[9.265,8.515,9.485,9.125],"rotation":0,"texture":"#0","tintindex":0},"north":{"uv":[8.265,9.265,8.485,9.875],"rotation":0,"texture":"#0","tintindex":0},"south":{"uv":[8.765,9.265,8.985,9.875],"rotation":0,"texture":"#0","tintindex":0},"up":{"uv":[9.985,2.735,9.765,2.515],"rotation":0,"texture":"#0","tintindex":0},"west":{"uv":[3.765,9.515,3.985,10.125],"rotation":0,"texture":"#0","tintindex":0}}}],"display":{"head":{"translation":[0.0,-6.4,0.0],"rotation":[0.0,0.0,0.0],"scale":[3.8095,3.8095,3.8095]}}}