{"textures":{"0":"modelengine:entity/frobat"},"elements":[{"from":[5.158844,5.54446,9.4813795],"to":[10.841156,8.655343,11.118307],"rotation":{"angle":0.0,"axis":"y","origin":[8.0,8.357044,7.856986]},"faces":{"east":{"uv":[1.485,5.64,1.14,6.375],"rotation":0,"texture":"#0","tintindex":0},"south":{"uv":[6.265,0.64,7.625,1.375],"rotation":0,"texture":"#0","tintindex":0},"north":{"uv":[5.265,5.265,6.625,6.625],"rotation":0,"texture":"#0","tintindex":0},"west":{"uv":[1.14,5.64,1.485,6.375],"rotation":0,"texture":"#0","tintindex":0},"up":{"uv":[3.125,6.485,1.765,5.015],"rotation":0,"texture":"#0","tintindex":0},"down":{"uv":[4.875,5.265,3.515,6.735],"rotation":0,"texture":"#0","tintindex":0}}},{"from":[5.158844,8.64446,4.60995],"to":[10.841156,11.183915,11.104021],"rotation":{"angle":0.0,"axis":"y","origin":[8.0,8.357044,7.856986]},"faces":{"east":{"uv":[1.485,5.015,0.015,5.625],"rotation":0,"texture":"#0","tintindex":0},"south":{"uv":[6.265,0.015,7.625,0.625],"rotation":0,"texture":"#0","tintindex":0},"north":{"uv":[5.265,5.265,6.625,5.875],"rotation":0,"texture":"#0","tintindex":0},"west":{"uv":[0.015,5.015,1.485,5.625],"rotation":0,"texture":"#0","tintindex":0},"up":{"uv":[3.125,6.485,1.765,5.015],"rotation":0,"texture":"#0","tintindex":0},"down":{"uv":[4.875,5.265,3.515,6.735],"rotation":0,"texture":"#0","tintindex":0}}},{"from":[5.158844,5.54446,10.038523],"to":[10.841156,8.655343,11.104021],"rotation":{"angle":0.0,"axis":"y","origin":[8.0,8.357044,7.856986]},"faces":{"east":{"uv":[1.485,5.64,1.265,6.375],"rotation":0,"texture":"#0","tintindex":0},"south":{"uv":[6.265,0.64,7.625,1.375],"rotation":0,"texture":"#0","tintindex":0},"north":{"uv":[5.265,5.265,6.625,5.875],"rotation":0,"texture":"#0","tintindex":0},"west":{"uv":[1.265,5.64,1.485,6.375],"rotation":0,"texture":"#0","tintindex":0},"up":{"uv":[3.125,6.485,1.765,5.015],"rotation":0,"texture":"#0","tintindex":0},"down":{"uv":[4.875,5.39,3.515,5.61],"rotation":0,"texture":"#0","tintindex":0}}},{"from":[4.617671,10.598067,5.1104994],"to":[5.42943,11.409826,7.27519],"rotation":{"angle":-22.5,"axis":"x","origin":[5.023551,11.003947,6.192845]},"faces":{"east":{"uv":[6.265,4.765,6.735,4.985],"rotation":0,"texture":"#0","tintindex":0},"south":{"uv":[9.765,8.265,9.985,8.485],"rotation":0,"texture":"#0","tintindex":0},"north":{"uv":[9.765,7.765,9.985,7.985],"rotation":0,"texture":"#0","tintindex":0},"west":{"uv":[5.015,9.515,5.485,9.735],"rotation":0,"texture":"#0","tintindex":0},"up":{"uv":[8.985,7.985,8.765,7.515],"rotation":0,"texture":"#0","tintindex":0},"down":{"uv":[9.735,5.265,9.515,5.735],"rotation":0,"texture":"#0","tintindex":0}}},{"from":[10.57057,10.598067,5.1104994],"to":[11.382329,11.409826,7.27519],"rotation":{"angle":-22.5,"axis":"x","origin":[10.976449,11.003947,6.192845]},"faces":{"east":{"uv":[5.765,9.515,6.235,9.735],"rotation":0,"texture":"#0","tintindex":0},"south":{"uv":[9.765,9.265,9.985,9.485],"rotation":0,"texture":"#0","tintindex":0},"north":{"uv":[9.765,8.765,9.985,8.985],"rotation":0,"texture":"#0","tintindex":0},"west":{"uv":[9.515,6.015,9.985,6.235],"rotation":0,"texture":"#0","tintindex":0},"up":{"uv":[9.735,6.985,9.515,6.515],"rotation":0,"texture":"#0","tintindex":0},"down":{"uv":[9.485,9.515,9.265,9.985],"rotation":0,"texture":"#0","tintindex":0}}},{"from":[4.615613,10.398269,7.856986],"to":[6.7803035,12.833546,10.021676],"rotation":{"angle":22.5,"axis":"z","origin":[5.697958,11.615907,8.939331]},"faces":{"east":{"uv":[7.765,8.265,8.235,8.875],"rotation":0,"texture":"#0","tintindex":0},"south":{"uv":[8.515,8.265,8.985,8.875],"rotation":0,"texture":"#0","tintindex":0},"north":{"uv":[7.015,8.265,7.485,8.875],"rotation":0,"texture":"#0","tintindex":0},"west":{"uv":[0.015,8.765,0.485,9.375],"rotation":0,"texture":"#0","tintindex":0},"up":{"uv":[4.235,9.235,3.765,8.765],"rotation":0,"texture":"#0","tintindex":0},"down":{"uv":[4.985,8.765,4.515,9.235],"rotation":0,"texture":"#0","tintindex":0}}},{"from":[5.328351,11.983986,8.398159],"to":[6.4106965,14.419263,9.480504],"rotation":{"angle":-22.5,"axis":"z","origin":[5.869524,13.201624,8.939331]},"faces":{"east":{"uv":[7.265,9.265,7.485,9.875],"rotation":0,"texture":"#0","tintindex":0},"south":{"uv":[9.265,7.515,9.485,8.125],"rotation":0,"texture":"#0","tintindex":0},"north":{"uv":[6.765,9.265,6.985,9.875],"rotation":0,"texture":"#0","tintindex":0},"west":{"uv":[7.765,9.265,7.985,9.875],"rotation":0,"texture":"#0","tintindex":0},"up":{"uv":[1.235,9.985,1.015,9.765],"rotation":0,"texture":"#0","tintindex":0},"down":{"uv":[1.735,9.765,1.515,9.985],"rotation":0,"texture":"#0","tintindex":0}}},{"from":[9.219696,10.398269,7.856986],"to":[11.384387,12.833546,10.021676],"rotation":{"angle":-22.5,"axis":"z","origin":[10.302042,11.615907,8.939331]},"faces":{"east":{"uv":[1.515,8.765,1.985,9.375],"rotation":0,"texture":"#0","tintindex":0},"south":{"uv":[2.265,8.765,2.735,9.375],"rotation":0,"texture":"#0","tintindex":0},"north":{"uv":[0.765,8.765,1.235,9.375],"rotation":0,"texture":"#0","tintindex":0},"west":{"uv":[3.015,8.765,3.485,9.375],"rotation":0,"texture":"#0","tintindex":0},"up":{"uv":[9.235,4.985,8.765,4.515],"rotation":0,"texture":"#0","tintindex":0},"down":{"uv":[5.735,8.765,5.265,9.235],"rotation":0,"texture":"#0","tintindex":0}}},{"from":[9.589304,11.983986,8.398159],"to":[10.671649,14.419263,9.480504],"rotation":{"angle":22.5,"axis":"z","origin":[10.130476,13.201624,8.939331]},"faces":{"east":{"uv":[9.265,8.515,9.485,9.125],"rotation":0,"texture":"#0","tintindex":0},"south":{"uv":[8.765,9.265,8.985,9.875],"rotation":0,"texture":"#0","tintindex":0},"north":{"uv":[8.265,9.265,8.485,9.875],"rotation":0,"texture":"#0","tintindex":0},"west":{"uv":[3.765,9.515,3.985,10.125],"rotation":0,"texture":"#0","tintindex":0},"up":{"uv":[9.985,2.735,9.765,2.515],"rotation":0,"texture":"#0","tintindex":0},"down":{"uv":[3.235,9.765,3.015,9.985],"rotation":0,"texture":"#0","tintindex":0}}}],"display":{"head":{"translation":[0.0,-6.4,0.0],"scale":[4.0,4.0,4.0]}}}