{"textures":{"0":"modelengine:entity/frobat"},"elements":[{"from":[4.7529645,3.4676795,1.5309],"to":[11.247036,8.067647,8.024971],"rotation":{"angle":0.0,"axis":"y","origin":[8.0,5.767663,4.7779355]},"faces":{"east":{"uv":[6.265,3.265,7.735,4.375],"rotation":0,"texture":"#0","tintindex":0},"south":{"uv":[0.015,6.765,1.485,7.875],"rotation":0,"texture":"#0","tintindex":0},"north":{"uv":[6.265,1.765,7.735,2.875],"rotation":0,"texture":"#0","tintindex":0},"west":{"uv":[1.765,6.765,3.235,7.875],"rotation":0,"texture":"#0","tintindex":0},"up":{"uv":[5.985,1.485,4.515,0.015],"rotation":0,"texture":"#0","tintindex":0},"down":{"uv":[5.985,1.765,4.515,3.235],"rotation":0,"texture":"#0","tintindex":0}}},{"from":[4.9153166,8.067647,1.5309],"to":[4.9153166,9.420578,8.024971],"rotation":{"angle":0.0,"axis":"y","origin":[4.9153166,8.744112,4.7779355]},"faces":{"east":{"uv":[8.485,4.765,7.015,5.125],"rotation":0,"texture":"#0","tintindex":0},"south":{"uv":[5.765,10.015,5.765,10.375],"rotation":0,"texture":"#0","tintindex":0},"north":{"uv":[5.515,10.015,5.515,10.375],"rotation":0,"texture":"#0","tintindex":0},"west":{"uv":[7.015,4.765,8.485,5.125],"rotation":0,"texture":"#0","tintindex":0},"up":{"uv":[6.015,11.485,6.015,10.015],"rotation":0,"texture":"#0","tintindex":0},"down":{"uv":[6.265,10.015,6.265,11.485],"rotation":0,"texture":"#0","tintindex":0}}},{"from":[4.7529645,8.067647,1.666193],"to":[11.247036,9.420578,1.666193],"rotation":{"angle":0.0,"axis":"y","origin":[8.0,8.744112,1.666193]},"faces":{"east":{"uv":[1.265,10.265,1.265,10.625],"rotation":0,"texture":"#0","tintindex":0},"south":{"uv":[8.485,6.265,7.015,6.625],"rotation":0,"texture":"#0","tintindex":0},"north":{"uv":[7.015,6.265,8.485,6.625],"rotation":0,"texture":"#0","tintindex":0},"west":{"uv":[1.515,10.265,1.515,10.625],"rotation":0,"texture":"#0","tintindex":0},"up":{"uv":[11.485,5.765,10.015,5.765],"rotation":0,"texture":"#0","tintindex":0},"down":{"uv":[3.235,10.265,1.765,10.265],"rotation":0,"texture":"#0","tintindex":0}}},{"from":[11.084683,8.067647,1.5309],"to":[11.084683,9.420578,8.024971],"rotation":{"angle":0.0,"axis":"y","origin":[11.084683,8.744112,4.7779355]},"faces":{"east":{"uv":[8.485,4.765,7.015,5.125],"rotation":0,"texture":"#0","tintindex":0},"south":{"uv":[5.765,10.015,5.765,10.375],"rotation":0,"texture":"#0","tintindex":0},"north":{"uv":[5.515,10.015,5.515,10.375],"rotation":0,"texture":"#0","tintindex":0},"west":{"uv":[7.015,4.765,8.485,5.125],"rotation":0,"texture":"#0","tintindex":0},"up":{"uv":[6.015,11.485,6.015,10.015],"rotation":0,"texture":"#0","tintindex":0},"down":{"uv":[6.265,10.015,6.265,11.485],"rotation":0,"texture":"#0","tintindex":0}}}],"display":{"head":{"translation":[0.0,-6.4,0.0],"scale":[4.0,4.0,4.0]}}}