{"textures":{"0":"modelengine:entity/frobat"},"elements":[{"name":"cube","from":[4.5906124,3.2410636,1.2074449],"to":[11.409388,8.071029,8.026219],"rotation":{"angle":0.0,"axis":"x","origin":[8.0,5.656046,4.6168323]},"faces":{"down":{"uv":[5.985,1.765,4.515,3.235],"rotation":0,"texture":"#0","tintindex":0},"east":{"uv":[6.265,3.265,7.735,4.375],"rotation":0,"texture":"#0","tintindex":0},"north":{"uv":[6.265,1.765,7.735,2.875],"rotation":0,"texture":"#0","tintindex":0},"south":{"uv":[0.015,6.765,1.485,7.875],"rotation":0,"texture":"#0","tintindex":0},"up":{"uv":[5.985,1.485,4.515,0.015],"rotation":0,"texture":"#0","tintindex":0},"west":{"uv":[1.765,6.765,3.235,7.875],"rotation":0,"texture":"#0","tintindex":0}}},{"name":"cube","from":[4.761082,8.071029,1.2074449],"to":[4.761082,9.491608,8.026219],"rotation":{"angle":0.0,"axis":"x","origin":[4.761082,8.781318,4.6168323]},"faces":{"down":{"uv":[6.265,10.015,6.265,11.485],"rotation":0,"texture":"#0","tintindex":0},"east":{"uv":[8.485,4.765,7.015,5.125],"rotation":0,"texture":"#0","tintindex":0},"north":{"uv":[5.515,10.015,5.515,10.375],"rotation":0,"texture":"#0","tintindex":0},"south":{"uv":[5.765,10.015,5.765,10.375],"rotation":0,"texture":"#0","tintindex":0},"up":{"uv":[6.015,11.485,6.015,10.015],"rotation":0,"texture":"#0","tintindex":0},"west":{"uv":[7.015,4.765,8.485,5.125],"rotation":0,"texture":"#0","tintindex":0}}},{"name":"cube","from":[4.5906124,8.071029,1.3495027],"to":[11.409388,9.491608,1.3495027],"rotation":{"angle":0.0,"axis":"x","origin":[8.0,8.781318,1.3495027]},"faces":{"down":{"uv":[3.235,10.265,1.765,10.265],"rotation":0,"texture":"#0","tintindex":0},"east":{"uv":[1.265,10.265,1.265,10.625],"rotation":0,"texture":"#0","tintindex":0},"north":{"uv":[7.015,6.265,8.485,6.625],"rotation":0,"texture":"#0","tintindex":0},"south":{"uv":[8.485,6.265,7.015,6.625],"rotation":0,"texture":"#0","tintindex":0},"up":{"uv":[11.485,5.765,10.015,5.765],"rotation":0,"texture":"#0","tintindex":0},"west":{"uv":[1.515,10.265,1.515,10.625],"rotation":0,"texture":"#0","tintindex":0}}},{"name":"cube","from":[11.238918,8.071029,1.2074449],"to":[11.238918,9.491608,8.026219],"rotation":{"angle":0.0,"axis":"x","origin":[11.238918,8.781318,4.6168323]},"faces":{"down":{"uv":[6.265,10.015,6.265,11.485],"rotation":0,"texture":"#0","tintindex":0},"east":{"uv":[8.485,4.765,7.015,5.125],"rotation":0,"texture":"#0","tintindex":0},"north":{"uv":[5.515,10.015,5.515,10.375],"rotation":0,"texture":"#0","tintindex":0},"south":{"uv":[5.765,10.015,5.765,10.375],"rotation":0,"texture":"#0","tintindex":0},"up":{"uv":[6.015,11.485,6.015,10.015],"rotation":0,"texture":"#0","tintindex":0},"west":{"uv":[7.015,4.765,8.485,5.125],"rotation":0,"texture":"#0","tintindex":0}}}],"display":{"head":{"translation":[0.0,-6.4,0.0],"rotation":[0.0,0.0,0.0],"scale":[3.8095,3.8095,3.8095]}}}