{"textures":{"0":"modelengine:entity/frobat"},"elements":[{"name":"cube","from":[3.126356,9.165122,7.4412394],"to":[9.092784,10.301584,8.577702],"rotation":{"angle":-45.0,"axis":"z","origin":[6.1095695,9.733353,8.00947]},"faces":{"down":{"uv":[9.375,0.015,8.015,0.235],"rotation":0,"texture":"#0","tintindex":0},"east":{"uv":[9.765,1.515,9.985,1.735],"rotation":0,"texture":"#0","tintindex":0},"north":{"uv":[3.515,7.765,4.875,7.985],"rotation":0,"texture":"#0","tintindex":0},"south":{"uv":[5.265,7.765,6.625,7.985],"rotation":0,"texture":"#0","tintindex":0},"up":{"uv":[8.375,7.985,7.015,7.765],"rotation":0,"texture":"#0","tintindex":0},"west":{"uv":[2.015,9.765,2.235,9.985],"rotation":0,"texture":"#0","tintindex":0}}},{"name":"cube","from":[-1.131423,10.0154505,7.4128275],"to":[4.835005,11.151914,8.54929],"rotation":{"angle":22.5,"axis":"z","origin":[1.8517908,10.583681,7.981059]},"faces":{"down":{"uv":[9.375,2.015,8.015,2.235],"rotation":0,"texture":"#0","tintindex":0},"east":{"uv":[9.765,2.015,9.985,2.235],"rotation":0,"texture":"#0","tintindex":0},"north":{"uv":[8.015,0.515,9.375,0.735],"rotation":0,"texture":"#0","tintindex":0},"south":{"uv":[8.015,1.015,9.375,1.235],"rotation":0,"texture":"#0","tintindex":0},"up":{"uv":[9.375,1.735,8.015,1.515],"rotation":0,"texture":"#0","tintindex":0},"west":{"uv":[2.515,9.765,2.735,9.985],"rotation":0,"texture":"#0","tintindex":0}}},{"name":"cube","from":[-0.6810374,2.5950582,8.00947],"to":[7.5583153,11.970874,8.00947],"rotation":{"angle":0.0,"axis":"x","origin":[3.438639,7.2829657,8.00947]},"faces":{"down":{"uv":[11.875,5.515,10.015,5.515],"rotation":0,"texture":"#0","tintindex":0},"east":{"uv":[6.515,9.515,6.515,11.625],"rotation":0,"texture":"#0","tintindex":0},"north":{"uv":[0.015,0.015,1.875,2.125],"rotation":0,"texture":"#0","tintindex":0},"south":{"uv":[1.875,0.015,0.015,2.125],"rotation":0,"texture":"#0","tintindex":0},"up":{"uv":[11.875,5.265,10.015,5.265],"rotation":0,"texture":"#0","tintindex":0},"west":{"uv":[3.515,9.765,3.515,11.875],"rotation":0,"texture":"#0","tintindex":0}}}],"display":{"head":{"translation":[0.0,-6.4,0.0],"rotation":[0.0,0.0,0.0],"scale":[3.8095,3.8095,3.8095]}}}