{"textures":{"0":"modelengine:entity/frobat"},"elements":[{"from":[3.3584342,9.10964,7.467847],"to":[9.040747,10.191985,8.550192],"rotation":{"angle":-45.0,"axis":"z","origin":[6.19959,9.650812,8.00902]},"faces":{"east":{"uv":[9.765,1.515,9.985,1.735],"rotation":0,"texture":"#0","tintindex":0},"south":{"uv":[5.265,7.765,6.625,7.985],"rotation":0,"texture":"#0","tintindex":0},"north":{"uv":[3.515,7.765,4.875,7.985],"rotation":0,"texture":"#0","tintindex":0},"west":{"uv":[2.015,9.765,2.235,9.985],"rotation":0,"texture":"#0","tintindex":0},"up":{"uv":[8.375,7.985,7.015,7.765],"rotation":0,"texture":"#0","tintindex":0},"down":{"uv":[9.375,0.015,8.015,0.235],"rotation":0,"texture":"#0","tintindex":0}}},{"from":[-0.6965933,9.9194765,7.4407883],"to":[4.9857187,11.0018215,8.523133],"rotation":{"angle":22.5,"axis":"z","origin":[2.1445627,10.4606495,7.981961]},"faces":{"east":{"uv":[9.765,2.015,9.985,2.235],"rotation":0,"texture":"#0","tintindex":0},"south":{"uv":[8.015,1.015,9.375,1.235],"rotation":0,"texture":"#0","tintindex":0},"north":{"uv":[8.015,0.515,9.375,0.735],"rotation":0,"texture":"#0","tintindex":0},"west":{"uv":[2.515,9.765,2.735,9.985],"rotation":0,"texture":"#0","tintindex":0},"up":{"uv":[9.375,1.735,8.015,1.515],"rotation":0,"texture":"#0","tintindex":0},"down":{"uv":[9.375,2.015,8.015,2.235],"rotation":0,"texture":"#0","tintindex":0}}},{"from":[-0.26765442,2.852436,8.00902],"to":[7.579348,11.781784,8.00902],"rotation":{"angle":0.0,"axis":"y","origin":[3.6558466,7.31711,8.00902]},"faces":{"east":{"uv":[6.515,9.515,6.515,11.625],"rotation":0,"texture":"#0","tintindex":0},"south":{"uv":[1.875,0.015,0.015,2.125],"rotation":0,"texture":"#0","tintindex":0},"north":{"uv":[0.015,0.015,1.875,2.125],"rotation":0,"texture":"#0","tintindex":0},"west":{"uv":[3.515,9.765,3.515,11.875],"rotation":0,"texture":"#0","tintindex":0},"up":{"uv":[11.875,5.265,10.015,5.265],"rotation":0,"texture":"#0","tintindex":0},"down":{"uv":[11.875,5.515,10.015,5.515],"rotation":0,"texture":"#0","tintindex":0}}}],"display":{"head":{"translation":[0.0,-6.4,0.0],"scale":[4.0,4.0,4.0]}}}