{"textures":{"0":"modelengine:entity/frobat"},"elements":[{"name":"cube","from":[6.907216,9.165122,7.4412394],"to":[12.873644,10.301584,8.577702],"rotation":{"angle":45.0,"axis":"z","origin":[9.89043,9.733353,8.00947]},"faces":{"down":{"uv":[8.015,0.015,9.375,0.235],"rotation":0,"texture":"#0","tintindex":0},"east":{"uv":[2.235,9.765,2.015,9.985],"rotation":0,"texture":"#0","tintindex":0},"north":{"uv":[4.875,7.765,3.515,7.985],"rotation":0,"texture":"#0","tintindex":0},"south":{"uv":[6.625,7.765,5.265,7.985],"rotation":0,"texture":"#0","tintindex":0},"up":{"uv":[7.015,7.985,8.375,7.765],"rotation":0,"texture":"#0","tintindex":0},"west":{"uv":[9.985,1.515,9.765,1.735],"rotation":0,"texture":"#0","tintindex":0}}},{"name":"cube","from":[11.164995,10.0154505,7.4128275],"to":[17.131424,11.151914,8.54929],"rotation":{"angle":-22.5,"axis":"z","origin":[14.14821,10.583681,7.981059]},"faces":{"down":{"uv":[8.015,2.015,9.375,2.235],"rotation":0,"texture":"#0","tintindex":0},"east":{"uv":[2.735,9.765,2.515,9.985],"rotation":0,"texture":"#0","tintindex":0},"north":{"uv":[9.375,0.515,8.015,0.735],"rotation":0,"texture":"#0","tintindex":0},"south":{"uv":[9.375,1.015,8.015,1.235],"rotation":0,"texture":"#0","tintindex":0},"up":{"uv":[8.015,1.735,9.375,1.515],"rotation":0,"texture":"#0","tintindex":0},"west":{"uv":[9.985,2.015,9.765,2.235],"rotation":0,"texture":"#0","tintindex":0}}},{"name":"cube","from":[8.441685,2.5950582,8.00947],"to":[16.681038,11.970874,8.00947],"rotation":{"angle":0.0,"axis":"x","origin":[12.561361,7.2829657,8.00947]},"faces":{"down":{"uv":[10.015,5.515,11.875,5.515],"rotation":0,"texture":"#0","tintindex":0},"east":{"uv":[3.515,9.765,3.515,11.875],"rotation":0,"texture":"#0","tintindex":0},"north":{"uv":[1.875,0.015,0.015,2.125],"rotation":0,"texture":"#0","tintindex":0},"south":{"uv":[0.015,0.015,1.875,2.125],"rotation":0,"texture":"#0","tintindex":0},"up":{"uv":[10.015,5.265,11.875,5.265],"rotation":0,"texture":"#0","tintindex":0},"west":{"uv":[6.515,9.515,6.515,11.625],"rotation":0,"texture":"#0","tintindex":0}}}],"display":{"head":{"translation":[0.0,-6.4,0.0],"rotation":[0.0,0.0,0.0],"scale":[3.8095,3.8095,3.8095]}}}