{"textures":{"0":"modelengine:entity/frobat"},"elements":[{"from":[6.9592533,9.10964,7.467847],"to":[12.641565,10.191985,8.550192],"rotation":{"angle":45.0,"axis":"z","origin":[9.800409,9.650812,8.00902]},"faces":{"east":{"uv":[2.235,9.765,2.015,9.985],"rotation":0,"texture":"#0","tintindex":0},"south":{"uv":[6.625,7.765,5.265,7.985],"rotation":0,"texture":"#0","tintindex":0},"north":{"uv":[4.875,7.765,3.515,7.985],"rotation":0,"texture":"#0","tintindex":0},"west":{"uv":[9.985,1.515,9.765,1.735],"rotation":0,"texture":"#0","tintindex":0},"up":{"uv":[7.015,7.985,8.375,7.765],"rotation":0,"texture":"#0","tintindex":0},"down":{"uv":[8.015,0.015,9.375,0.235],"rotation":0,"texture":"#0","tintindex":0}}},{"from":[11.014281,9.9194765,7.4407883],"to":[16.696594,11.0018215,8.523133],"rotation":{"angle":-22.5,"axis":"z","origin":[13.855437,10.4606495,7.981961]},"faces":{"east":{"uv":[2.735,9.765,2.515,9.985],"rotation":0,"texture":"#0","tintindex":0},"south":{"uv":[9.375,1.015,8.015,1.235],"rotation":0,"texture":"#0","tintindex":0},"north":{"uv":[9.375,0.515,8.015,0.735],"rotation":0,"texture":"#0","tintindex":0},"west":{"uv":[9.985,2.015,9.765,2.235],"rotation":0,"texture":"#0","tintindex":0},"up":{"uv":[8.015,1.735,9.375,1.515],"rotation":0,"texture":"#0","tintindex":0},"down":{"uv":[8.015,2.015,9.375,2.235],"rotation":0,"texture":"#0","tintindex":0}}},{"from":[8.420652,2.852436,8.00902],"to":[16.267654,11.781784,8.00902],"rotation":{"angle":0.0,"axis":"y","origin":[12.344153,7.31711,8.00902]},"faces":{"east":{"uv":[3.515,9.765,3.515,11.875],"rotation":0,"texture":"#0","tintindex":0},"south":{"uv":[0.015,0.015,1.875,2.125],"rotation":0,"texture":"#0","tintindex":0},"north":{"uv":[1.875,0.015,0.015,2.125],"rotation":0,"texture":"#0","tintindex":0},"west":{"uv":[6.515,9.515,6.515,11.625],"rotation":0,"texture":"#0","tintindex":0},"up":{"uv":[10.015,5.265,11.875,5.265],"rotation":0,"texture":"#0","tintindex":0},"down":{"uv":[10.015,5.515,11.875,5.515],"rotation":0,"texture":"#0","tintindex":0}}}],"display":{"head":{"translation":[0.0,-6.4,0.0],"scale":[4.0,4.0,4.0]}}}