{"textures":{"0":"modelengine:entity/viking_miniboss"},"elements":[{"name":"cube","from":[6.2,19.2967,4.6824365],"to":[11.0,21.096699,8.882437],"rotation":{"angle":0.0,"axis":"x","origin":[8.6,18.9967,6.7824364]},"faces":{"down":{"uv":[0.5,5.6875,0.0,6.125],"rotation":0,"texture":"#0","tintindex":0},"east":{"uv":[3.0,6.8125,3.4375,7.0],"rotation":0,"texture":"#0","tintindex":0},"north":{"uv":[5.5625,2.625,6.0625,2.8125],"rotation":0,"texture":"#0","tintindex":0},"south":{"uv":[6.75,4.6875,7.25,4.875],"rotation":0,"texture":"#0","tintindex":0},"up":{"uv":[4.0625,6.0625,3.5625,5.625],"rotation":0,"texture":"#0","tintindex":0},"west":{"uv":[6.8125,3.5625,7.25,3.75],"rotation":0,"texture":"#0","tintindex":0}}},{"name":"cube","from":[0.7999997,13.896701,5.2824364],"to":[5.0,18.0967,6.4824367],"rotation":{"angle":22.5,"axis":"x","origin":[2.8999999,18.696701,5.8824368]},"faces":{"down":{"uv":[6.0625,3.5,5.625,3.625],"rotation":0,"texture":"#0","tintindex":0},"east":{"uv":[1.1875,6.875,1.3125,7.3125],"rotation":0,"texture":"#0","tintindex":0},"north":{"uv":[4.625,6.0,5.0625,6.4375],"rotation":0,"texture":"#0","tintindex":0},"south":{"uv":[5.0625,6.0,5.5,6.4375],"rotation":0,"texture":"#0","tintindex":0},"up":{"uv":[4.9375,4.125,4.5,4.0],"rotation":0,"texture":"#0","tintindex":0},"west":{"uv":[2.75,7.0,2.875,7.4375],"rotation":0,"texture":"#0","tintindex":0}}},{"name":"cube","from":[2.6,11.363464,4.78507],"to":[14.0,16.763466,11.385071],"rotation":{"angle":22.5,"axis":"x","origin":[10.1,14.063464,9.28507]},"faces":{"down":{"uv":[2.375,2.375,1.1875,3.0625],"rotation":0,"texture":"#0","tintindex":0},"east":{"uv":[4.1875,0.0,4.875,0.5625],"rotation":0,"texture":"#0","tintindex":0},"north":{"uv":[0.0,3.0625,1.1875,3.625],"rotation":0,"texture":"#0","tintindex":0},"south":{"uv":[1.1875,3.0625,2.375,3.625],"rotation":0,"texture":"#0","tintindex":0},"up":{"uv":[1.1875,3.0625,0.0,2.375],"rotation":0,"texture":"#0","tintindex":0},"west":{"uv":[4.875,0.0,4.1875,0.5625],"rotation":0,"texture":"#0","tintindex":0}}},{"name":"cube","from":[1.3999997,21.280663,6.75458],"to":[15.2,21.280663,10.354581],"rotation":{"angle":0.0,"axis":"x","origin":[8.3,21.280663,8.554581]},"faces":{"down":{"uv":[3.5625,2.375,5.0,2.75],"rotation":0,"texture":"#0","tintindex":0},"east":{"uv":[0.0,0.0,0.375,0.0],"rotation":0,"texture":"#0","tintindex":0},"north":{"uv":[0.0,0.0,1.4375,0.0],"rotation":0,"texture":"#0","tintindex":0},"south":{"uv":[0.0,0.0,1.4375,0.0],"rotation":0,"texture":"#0","tintindex":0},"up":{"uv":[5.0,2.75,3.5625,2.375],"rotation":0,"texture":"#0","tintindex":0},"west":{"uv":[0.0,0.0,0.375,0.0],"rotation":0,"texture":"#0","tintindex":0}}},{"name":"cube","from":[1.3999997,14.363464,4.18507],"to":[15.2,19.763462,11.985071],"rotation":{"angle":22.5,"axis":"x","origin":[10.1,14.063464,9.28507]},"faces":{"down":{"uv":[1.4375,0.8125,0.0,1.625],"rotation":0,"texture":"#0","tintindex":0},"east":{"uv":[3.125,4.125,2.3125,4.6875],"rotation":0,"texture":"#0","tintindex":0},"north":{"uv":[2.75,0.0,4.1875,0.5625],"rotation":0,"texture":"#0","tintindex":0},"south":{"uv":[2.75,0.5625,4.1875,1.125],"rotation":0,"texture":"#0","tintindex":0},"up":{"uv":[1.4375,0.8125,0.0,0.0],"rotation":0,"texture":"#0","tintindex":0},"west":{"uv":[2.3125,4.125,3.125,4.6875],"rotation":0,"texture":"#0","tintindex":0}}},{"name":"cube","from":[8.6,19.763462,4.18507],"to":[8.6,22.163464,11.985071],"rotation":{"angle":22.5,"axis":"x","origin":[10.1,14.063464,9.28507]},"faces":{"down":{"uv":[0.0,0.0,0.0,0.8125],"rotation":0,"texture":"#0","tintindex":0},"east":{"uv":[5.75,5.0,6.5625,5.25],"rotation":0,"texture":"#0","tintindex":0},"north":{"uv":[0.0,0.0,0.0,0.25],"rotation":0,"texture":"#0","tintindex":0},"south":{"uv":[0.0,0.0,0.0,0.25],"rotation":0,"texture":"#0","tintindex":0},"up":{"uv":[0.0,0.8125,0.0,0.0],"rotation":0,"texture":"#0","tintindex":0},"west":{"uv":[6.5625,5.0,5.75,5.25],"rotation":0,"texture":"#0","tintindex":0}}},{"name":"cube","from":[-0.40000033,14.363464,4.18507],"to":[1.3999997,19.763462,4.18507],"rotation":{"angle":22.5,"axis":"x","origin":[10.1,14.063464,9.28507]},"faces":{"down":{"uv":[0.1875,0.0,0.0,0.0],"rotation":0,"texture":"#0","tintindex":0},"east":{"uv":[0.0,0.0,0.0,0.5625],"rotation":0,"texture":"#0","tintindex":0},"north":{"uv":[0.5,6.625,0.6875,7.1875],"rotation":0,"texture":"#0","tintindex":0},"south":{"uv":[0.6875,6.625,0.5,7.1875],"rotation":0,"texture":"#0","tintindex":0},"up":{"uv":[0.1875,0.0,0.0,0.0],"rotation":0,"texture":"#0","tintindex":0},"west":{"uv":[0.0,0.0,0.0,0.5625],"rotation":0,"texture":"#0","tintindex":0}}},{"name":"cube","from":[4.3999996,17.081264,3.1545799],"to":[4.3999996,21.281265,6.75458],"rotation":{"angle":22.5,"axis":"z","origin":[4.3999996,19.181263,4.95458]},"faces":{"down":{"uv":[0.0,0.0,0.0,0.375],"rotation":0,"texture":"#0","tintindex":0},"east":{"uv":[6.5,5.25,6.125,5.6875],"rotation":0,"texture":"#0","tintindex":0},"north":{"uv":[0.0,0.0,0.0,0.4375],"rotation":0,"texture":"#0","tintindex":0},"south":{"uv":[0.0,0.0,0.0,0.4375],"rotation":0,"texture":"#0","tintindex":0},"up":{"uv":[0.0,0.375,0.0,0.0],"rotation":0,"texture":"#0","tintindex":0},"west":{"uv":[6.125,5.25,6.5,5.6875],"rotation":0,"texture":"#0","tintindex":0}}},{"name":"cube","from":[12.2,17.081264,3.1545799],"to":[12.2,21.281265,6.75458],"rotation":{"angle":-22.5,"axis":"z","origin":[12.2,19.181263,4.95458]},"faces":{"down":{"uv":[0.0,0.0,0.0,0.375],"rotation":0,"texture":"#0","tintindex":0},"east":{"uv":[6.5,5.25,6.125,5.6875],"rotation":0,"texture":"#0","tintindex":0},"north":{"uv":[0.0,0.0,0.0,0.4375],"rotation":0,"texture":"#0","tintindex":0},"south":{"uv":[0.0,0.0,0.0,0.4375],"rotation":0,"texture":"#0","tintindex":0},"up":{"uv":[0.0,0.375,0.0,0.0],"rotation":0,"texture":"#0","tintindex":0},"west":{"uv":[6.125,5.25,6.5,5.6875],"rotation":0,"texture":"#0","tintindex":0}}},{"name":"cube","from":[15.2,14.363464,4.18507],"to":[17.0,19.763462,4.18507],"rotation":{"angle":22.5,"axis":"x","origin":[6.5,14.063464,9.28507]},"faces":{"down":{"uv":[0.0,0.0,0.1875,0.0],"rotation":0,"texture":"#0","tintindex":0},"east":{"uv":[0.0,0.0,0.0,0.5625],"rotation":0,"texture":"#0","tintindex":0},"north":{"uv":[0.6875,6.625,0.5,7.1875],"rotation":0,"texture":"#0","tintindex":0},"south":{"uv":[0.5,6.625,0.6875,7.1875],"rotation":0,"texture":"#0","tintindex":0},"up":{"uv":[0.0,0.0,0.1875,0.0],"rotation":0,"texture":"#0","tintindex":0},"west":{"uv":[0.0,0.0,0.0,0.5625],"rotation":0,"texture":"#0","tintindex":0}}},{"name":"cube","from":[11.6,13.896701,5.2824364],"to":[15.8,18.0967,6.4824367],"rotation":{"angle":22.5,"axis":"x","origin":[13.7,18.696701,5.8824368]},"faces":{"down":{"uv":[5.625,3.5,6.0625,3.625],"rotation":0,"texture":"#0","tintindex":0},"east":{"uv":[2.875,7.0,2.75,7.4375],"rotation":0,"texture":"#0","tintindex":0},"north":{"uv":[5.0625,6.0,4.625,6.4375],"rotation":0,"texture":"#0","tintindex":0},"south":{"uv":[5.5,6.0,5.0625,6.4375],"rotation":0,"texture":"#0","tintindex":0},"up":{"uv":[4.5,4.125,4.9375,4.0],"rotation":0,"texture":"#0","tintindex":0},"west":{"uv":[1.3125,6.875,1.1875,7.3125],"rotation":0,"texture":"#0","tintindex":0}}},{"name":"cube","from":[3.1999998,10.661455,4.648695],"to":[13.400001,13.061456,10.648695],"rotation":{"angle":0.0,"axis":"x","origin":[8.6,13.361455,10.948695]},"faces":{"down":{"uv":[4.5,3.5,3.4375,4.125],"rotation":0,"texture":"#0","tintindex":0},"east":{"uv":[6.125,3.3125,6.75,3.5625],"rotation":0,"texture":"#0","tintindex":0},"north":{"uv":[5.125,3.625,6.1875,3.875],"rotation":0,"texture":"#0","tintindex":0},"south":{"uv":[5.3125,0.0,6.375,0.25],"rotation":0,"texture":"#0","tintindex":0},"up":{"uv":[3.4375,4.125,2.375,3.5],"rotation":0,"texture":"#0","tintindex":0},"west":{"uv":[6.75,3.3125,6.125,3.5625],"rotation":0,"texture":"#0","tintindex":0}}},{"name":"cube","from":[2.6,5.261455,4.0486946],"to":[14.0,10.661455,11.248695],"rotation":{"angle":0.0,"axis":"x","origin":[8.6,13.361455,10.948695]},"faces":{"down":{"uv":[2.375,1.625,1.1875,2.375],