{"textures":{"0":"modelengine:entity/viking_miniboss"},"elements":[{"name":"cube","from":[5.8777966,7.4087133,2.5999992],"to":[10.077797,8.008714,8.0],"rotation":{"angle":0.0,"axis":"x","origin":[24.327797,10.108713,5.299999]},"faces":{"down":{"uv":[6.0,1.625,5.5625,2.1875],"rotation":0,"texture":"#0","tintindex":0},"east":{"uv":[3.75,3.4375,4.3125,3.5],"rotation":0,"texture":"#0","tintindex":0},"north":{"uv":[6.9375,0.1875,7.375,0.25],"rotation":0,"texture":"#0","tintindex":0},"south":{"uv":[7.0,4.5625,7.4375,4.625],"rotation":0,"texture":"#0","tintindex":0},"up":{"uv":[5.9375,4.4375,5.5,3.875],"rotation":0,"texture":"#0","tintindex":0},"west":{"uv":[5.3125,0.6875,5.875,0.75],"rotation":0,"texture":"#0","tintindex":0}}},{"name":"cube","from":[5.577797,2.0087132,2.2999992],"to":[10.377796,7.4087133,8.3],"rotation":{"angle":0.0,"axis":"x","origin":[24.327797,10.108713,5.299999]},"faces":{"down":{"uv":[5.5625,2.1875,5.0625,2.8125],"rotation":0,"texture":"#0","tintindex":0},"east":{"uv":[0.5625,4.6875,1.1875,5.25],"rotation":0,"texture":"#0","tintindex":0},"north":{"uv":[1.375,5.125,1.875,5.6875],"rotation":0,"texture":"#0","tintindex":0},"south":{"uv":[5.125,3.0625,5.625,3.625],"rotation":0,"texture":"#0","tintindex":0},"up":{"uv":[0.5,5.6875,0.0,5.0625],"rotation":0,"texture":"#0","tintindex":0},"west":{"uv":[2.125,4.6875,2.75,5.25],"rotation":0,"texture":"#0","tintindex":0}}}],"display":{"head":{"translation":[0.0,-6.4,0.0],"rotation":[0.0,0.0,0.0],"scale":[3.8095,3.8095,3.8095]}}}