{"textures":{"0":"modelengine:entity/viking_miniboss"},"elements":[{"name":"cube","from":[5.922203,7.4087133,2.5999992],"to":[10.122204,8.008714,8.0],"rotation":{"angle":0.0,"axis":"x","origin":[-8.327797,10.108713,5.299999]},"faces":{"down":{"uv":[5.5625,1.625,6.0,2.1875],"rotation":0,"texture":"#0","tintindex":0},"east":{"uv":[5.875,0.6875,5.3125,0.75],"rotation":0,"texture":"#0","tintindex":0},"north":{"uv":[7.375,0.1875,6.9375,0.25],"rotation":0,"texture":"#0","tintindex":0},"south":{"uv":[7.4375,4.5625,7.0,4.625],"rotation":0,"texture":"#0","tintindex":0},"up":{"uv":[5.5,4.4375,5.9375,3.875],"rotation":0,"texture":"#0","tintindex":0},"west":{"uv":[4.3125,3.4375,3.75,3.5],"rotation":0,"texture":"#0","tintindex":0}}},{"name":"cube","from":[5.622203,2.0087132,2.2999992],"to":[10.422203,7.4087133,8.3],"rotation":{"angle":0.0,"axis":"x","origin":[-8.327797,10.108713,5.299999]},"faces":{"down":{"uv":[5.0625,2.1875,5.5625,2.8125],"rotation":0,"texture":"#0","tintindex":0},"east":{"uv":[2.75,4.6875,2.125,5.25],"rotation":0,"texture":"#0","tintindex":0},"north":{"uv":[1.875,5.125,1.375,5.6875],"rotation":0,"texture":"#0","tintindex":0},"south":{"uv":[5.625,3.0625,5.125,3.625],"rotation":0,"texture":"#0","tintindex":0},"up":{"uv":[0.0,5.6875,0.5,5.0625],"rotation":0,"texture":"#0","tintindex":0},"west":{"uv":[1.1875,4.6875,0.5625,5.25],"rotation":0,"texture":"#0","tintindex":0}}}],"display":{"head":{"translation":[0.0,-6.4,0.0],"rotation":[0.0,0.0,0.0],"scale":[3.8095,3.8095,3.8095]}}}