{"textures":{"0":"modelengine:entity/crimson_furbeak"},"elements":[{"name":"cube","from":[5.76332,5.4327126,3.3316255],"to":[10.236681,11.397193,9.296106],"rotation":{"angle":0.0,"axis":"x","origin":[8.0,9.812878,11.992639]},"faces":{"down":{"uv":[7.735,6.265,7.015,7.235],"rotation":0,"texture":"#0","tintindex":0},"east":{"uv":[6.265,0.015,7.235,0.985],"rotation":0,"texture":"#0","tintindex":0},"north":{"uv":[2.515,7.015,3.235,7.985],"rotation":0,"texture":"#0","tintindex":0},"south":{"uv":[3.515,7.015,4.235,7.985],"rotation":0,"texture":"#0","tintindex":0},"up":{"uv":[5.235,7.985,4.515,7.015],"rotation":0,"texture":"#0","tintindex":0},"west":{"uv":[6.265,1.265,7.235,2.235],"rotation":0,"texture":"#0","tintindex":0}}},{"name":"cube","from":[8.0,11.397193,3.3316255],"to":[8.0,17.361671,7.8049855],"rotation":{"angle":0.0,"axis":"x","origin":[8.0,9.812878,11.992639]},"faces":{"down":{"uv":[5.015,10.515,5.015,11.235],"rotation":0,"texture":"#0","tintindex":0},"east":{"uv":[8.235,1.265,7.515,2.235],"rotation":0,"texture":"#0","tintindex":0},"north":{"uv":[2.265,10.515,2.265,11.485],"rotation":0,"texture":"#0","tintindex":0},"south":{"uv":[4.515,10.515,4.515,11.485],"rotation":0,"texture":"#0","tintindex":0},"up":{"uv":[4.765,11.235,4.765,10.515],"rotation":0,"texture":"#0","tintindex":0},"west":{"uv":[7.515,1.265,8.235,2.235],"rotation":0,"texture":"#0","tintindex":0}}},{"name":"cube","from":[8.0,0.9593525,1.8405046],"to":[8.0,5.4327126,7.8049855],"rotation":{"angle":0.0,"axis":"x","origin":[8.0,9.812878,11.992639]},"faces":{"down":{"uv":[2.515,10.765,2.515,11.735],"rotation":0,"texture":"#0","tintindex":0},"east":{"uv":[3.485,8.265,2.515,8.985],"rotation":0,"texture":"#0","tintindex":0},"north":{"uv":[0.515,10.765,0.515,11.485],"rotation":0,"texture":"#0","tintindex":0},"south":{"uv":[0.765,10.765,0.765,11.485],"rotation":0,"texture":"#0","tintindex":0},"up":{"uv":[10.765,2.235,10.765,1.265],"rotation":0,"texture":"#0","tintindex":0},"west":{"uv":[2.515,8.265,3.485,8.985],"rotation":0,"texture":"#0","tintindex":0}}}],"display":{"head":{"translation":[0.0,-6.4,0.0],"rotation":[0.0,0.0,0.0],"scale":[3.8095,3.8095,3.8095]}}}