{"textures":{"0":"modelengine:entity/crimson_furbeak"},"elements":[{"from":[7.4647436,6.9256144,5.0862184],"to":[8.529829,7.9907,7.2163897],"rotation":{"angle":0.0,"axis":"y","origin":[10.482487,14.611982,5.169145]},"faces":{"east":{"uv":[9.515,0.515,9.875,0.735],"rotation":0,"texture":"#0","tintindex":0},"south":{"uv":[3.515,9.765,3.735,9.985],"rotation":0,"texture":"#0","tintindex":0},"north":{"uv":[3.015,9.765,3.235,9.985],"rotation":0,"texture":"#0","tintindex":0},"west":{"uv":[9.515,1.015,9.875,1.235],"rotation":0,"texture":"#0","tintindex":0},"up":{"uv":[0.735,9.875,0.515,9.515],"rotation":0,"texture":"#0","tintindex":0},"down":{"uv":[6.735,9.515,6.515,9.875],"rotation":0,"texture":"#0","tintindex":0}}},{"from":[6.2068286,6.8901114,3.945424],"to":[7.271914,7.9551973,7.1406817],"rotation":{"angle":22.5,"axis":"y","origin":[10.482487,14.611982,5.169145]},"faces":{"east":{"uv":[5.515,8.765,6.125,8.985],"rotation":0,"texture":"#0","tintindex":0},"south":{"uv":[9.765,4.015,9.985,4.235],"rotation":0,"texture":"#0","tintindex":0},"north":{"uv":[9.765,3.515,9.985,3.735],"rotation":0,"texture":"#0","tintindex":0},"west":{"uv":[0.015,9.015,0.625,9.235],"rotation":0,"texture":"#0","tintindex":0},"up":{"uv":[1.235,9.625,1.015,9.015],"rotation":0,"texture":"#0","tintindex":0},"down":{"uv":[1.735,9.015,1.515,9.625],"rotation":0,"texture":"#0","tintindex":0}}},{"from":[9.11319,6.8901114,5.862579],"to":[10.178276,7.9551973,9.057837],"rotation":{"angle":-22.5,"axis":"y","origin":[10.482487,14.611982,5.169145]},"faces":{"east":{"uv":[9.015,7.265,9.625,7.485],"rotation":0,"texture":"#0","tintindex":0},"south":{"uv":[9.765,5.015,9.985,5.235],"rotation":0,"texture":"#0","tintindex":0},"north":{"uv":[9.765,4.515,9.985,4.735],"rotation":0,"texture":"#0","tintindex":0},"west":{"uv":[9.015,7.765,9.625,7.985],"rotation":0,"texture":"#0","tintindex":0},"up":{"uv":[2.235,9.625,2.015,9.015],"rotation":0,"texture":"#0","tintindex":0},"down":{"uv":[8.735,9.015,8.515,9.625],"rotation":0,"texture":"#0","tintindex":0}}},{"from":[6.561857,7.24514,3.2353673],"to":[6.9168854,7.6001687,3.945424],"rotation":{"angle":22.5,"axis":"y","origin":[10.482487,14.611982,5.169145]},"faces":{"east":{"uv":[10.015,6.515,10.125,6.625],"rotation":0,"texture":"#0","tintindex":0},"south":{"uv":[7.015,10.015,7.125,10.125],"rotation":0,"texture":"#0","tintindex":0},"north":{"uv":[6.015,10.015,6.125,10.125],"rotation":0,"texture":"#0","tintindex":0},"west":{"uv":[10.015,7.015,10.125,7.125],"rotation":0,"texture":"#0","tintindex":0},"up":{"uv":[7.625,10.125,7.515,10.015],"rotation":0,"texture":"#0","tintindex":0},"down":{"uv":[10.125,7.515,10.015,7.625],"rotation":0,"texture":"#0","tintindex":0}}},{"from":[7.8386607,7.24514,4.3865275],"to":[8.193689,7.6001687,5.096585],"rotation":{"angle":0.0,"axis":"y","origin":[10.482487,14.611982,5.169145]},"faces":{"east":{"uv":[10.015,8.015,10.125,8.125],"rotation":0,"texture":"#0","tintindex":0},"south":{"uv":[8.515,10.015,8.625,10.125],"rotation":0,"texture":"#0","tintindex":0},"north":{"uv":[8.015,10.015,8.125,10.125],"rotation":0,"texture":"#0","tintindex":0},"west":{"uv":[10.015,8.515,10.125,8.625],"rotation":0,"texture":"#0","tintindex":0},"up":{"uv":[10.125,9.125,10.015,9.015],"rotation":0,"texture":"#0","tintindex":0},"down":{"uv":[9.625,10.015,9.515,10.125],"rotation":0,"texture":"#0","tintindex":0}}},{"from":[9.468218,7.24514,5.1880245],"to":[9.823247,7.6001687,5.898082],"rotation":{"angle":-22.5,"axis":"y","origin":[10.482487,14.611982,5.169145]},"faces":{"east":{"uv":[10.015,10.015,10.125,10.125],"rotation":0,"texture":"#0","tintindex":0},"south":{"uv":[0.015,10.265,0.125,10.375],"rotation":0,"texture":"#0","tintindex":0},"north":{"uv":[10.015,9.515,10.125,9.625],"rotation":0,"texture":"#0","tintindex":0},"west":{"uv":[10.265,0.015,10.375,0.125],"rotation":0,"texture":"#0","tintindex":0},"up":{"uv":[0.625,10.375,0.515,10.265],"rotation":0,"texture":"#0","tintindex":0},"down":{"uv":[10.375,0.515,10.265,0.625],"rotation":0,"texture":"#0","tintindex":0}}}],"display":{"head":{"translation":[0.0,-6.4,0.0],"scale":[4.0,4.0,4.0]}}}