{"textures":{"0":"modelengine:entity/crimson_furbeak"},"elements":[{"from":[4.449714,3.0770512,-0.50320053],"to":[11.550285,13.017851,8.017486],"rotation":{"angle":0.0,"axis":"y","origin":[8.0,8.668751,3.4850411]},"faces":{"east":{"uv":[0.015,0.015,1.485,1.735],"rotation":0,"texture":"#0","tintindex":0},"south":{"uv":[1.515,2.015,2.735,3.735],"rotation":0,"texture":"#0","tintindex":0},"north":{"uv":[0.015,2.015,1.235,3.735],"rotation":0,"texture":"#0","tintindex":0},"west":{"uv":[1.765,0.015,3.235,1.735],"rotation":0,"texture":"#0","tintindex":0},"up":{"uv":[4.235,3.485,3.015,2.015],"rotation":0,"texture":"#0","tintindex":0},"down":{"uv":[4.735,0.015,3.515,1.485],"rotation":0,"texture":"#0","tintindex":0}}},{"from":[3.329362,6.556126,0.916914],"to":[3.329362,10.816469,6.597371],"rotation":{"angle":22.5,"axis":"z","origin":[8.0,8.668751,3.4850411]},"faces":{"east":{"uv":[8.735,7.515,7.765,8.235],"rotation":0,"texture":"#0","tintindex":0},"south":{"uv":[9.765,10.515,9.765,11.235],"rotation":0,"texture":"#0","tintindex":0},"north":{"uv":[9.515,10.515,9.515,11.235],"rotation":0,"texture":"#0","tintindex":0},"west":{"uv":[7.765,7.515,8.735,8.235],"rotation":0,"texture":"#0","tintindex":0},"up":{"uv":[10.015,11.485,10.015,10.515],"rotation":0,"texture":"#0","tintindex":0},"down":{"uv":[10.265,10.515,10.265,11.485],"rotation":0,"texture":"#0","tintindex":0}}},{"from":[4.7494764,10.106412,-0.50320053],"to":[4.7494764,14.366755,8.017486],"rotation":{"angle":22.5,"axis":"z","origin":[8.0,8.668751,3.4850411]},"faces":{"east":{"uv":[7.235,4.265,5.765,4.985],"rotation":0,"texture":"#0","tintindex":0},"south":{"uv":[1.515,10.515,1.515,11.235],"rotation":0,"texture":"#0","tintindex":0},"north":{"uv":[2.765,4.015,2.765,4.735],"rotation":0,"texture":"#0","tintindex":0},"west":{"uv":[5.765,4.265,7.235,4.985],"rotation":0,"texture":"#0","tintindex":0},"up":{"uv":[1.765,11.985,1.765,10.515],"rotation":0,"texture":"#0","tintindex":0},"down":{"uv":[2.015,10.515,2.015,11.985],"rotation":0,"texture":"#0","tintindex":0}}},{"from":[8.0,13.017851,-0.50320053],"to":[8.0,18.698309,8.017486],"rotation":{"angle":0.0,"axis":"y","origin":[8.0,8.668751,3.4850411]},"faces":{"east":{"uv":[5.985,3.015,4.515,3.985],"rotation":0,"texture":"#0","tintindex":0},"south":{"uv":[5.515,10.515,5.515,11.485],"rotation":0,"texture":"#0","tintindex":0},"north":{"uv":[5.265,10.515,5.265,11.485],"rotation":0,"texture":"#0","tintindex":0},"west":{"uv":[4.515,3.015,5.985,3.985],"rotation":0,"texture":"#0","tintindex":0},"up":{"uv":[5.765,11.985,5.765,10.515],"rotation":0,"texture":"#0","tintindex":0},"down":{"uv":[6.015,10.515,6.015,11.985],"rotation":0,"texture":"#0","tintindex":0}}},{"from":[11.250524,10.106412,-0.50320053],"to":[11.250524,14.366755,8.017486],"rotation":{"angle":-22.5,"axis":"z","origin":[8.0,8.668751,3.4850411]},"faces":{"east":{"uv":[7.235,4.265,5.765,4.985],"rotation":0,"texture":"#0","tintindex":0},"south":{"uv":[1.515,10.515,1.515,11.235],"rotation":0,"texture":"#0","tintindex":0},"north":{"uv":[2.765,4.015,2.765,4.735],"rotation":0,"texture":"#0","tintindex":0},"west":{"uv":[5.765,4.265,7.235,4.985],"rotation":0,"texture":"#0","tintindex":0},"up":{"uv":[1.765,11.985,1.765,10.515],"rotation":0,"texture":"#0","tintindex":0},"down":{"uv":[2.015,10.515,2.015,11.985],"rotation":0,"texture":"#0","tintindex":0}}},{"from":[12.670638,6.556126,0.916914],"to":[12.670638,10.816469,6.597371],"rotation":{"angle":-22.5,"axis":"z","origin":[8.0,8.668751,3.4850411]},"faces":{"east":{"uv":[8.735,7.515,7.765,8.235],"rotation":0,"texture":"#0","tintindex":0},"south":{"uv":[9.765,10.515,9.765,11.235],"rotation":0,"texture":"#0","tintindex":0},"north":{"uv":[9.515,10.515,9.515,11.235],"rotation":0,"texture":"#0","tintindex":0},"west":{"uv":[7.765,7.515,8.735,8.235],"rotation":0,"texture":"#0","tintindex":0},"up":{"uv":[10.015,11.485,10.015,10.515],"rotation":0,"texture":"#0","tintindex":0},"down":{"uv":[10.265,10.515,10.265,11.485],"rotation":0,"texture":"#0","tintindex":0}}}],"display":{"head":{"translation":[0.0,-6.4,0.0],"scale":[4.0,4.0,4.0]}}}