{"credit":"magic_store_official","texture_size":[48,48],"textures":{"1":"summer_001:item/oak"},"elements":[{"from":[3.75,-2.93993,7.90162],"to":[8.75,29.06007,9.90162],"rotation":{"angle":22.5,"axis":"x","origin":[2.75,14,14]},"faces":{"north":{"uv":[0,0,10.66667,1.66667],"rotation":270,"texture":"#1"},"east":{"uv":[0,1.66667,10.66667,2.33333],"rotation":90,"texture":"#1"},"south":{"uv":[0,0,10.66667,1.66667],"rotation":90,"texture":"#1"},"west":{"uv":[0,2.33333,10.66667,3],"rotation":270,"texture":"#1"},"up":{"uv":[10.66667,0,11.33333,1.66667],"rotation":90,"texture":"#1"},"down":{"uv":[11.33333,0,12,1.66667],"rotation":270,"texture":"#1"}}},{"from":[8.75,0,14],"to":[13.75,32,16],"rotation":{"angle":0,"axis":"x","origin":[9.75,0,-3]},"faces":{"north":{"uv":[0,0,10.66667,1.66667],"rotation":270,"texture":"#1"},"east":{"uv":[0,1.66667,10.66667,2.33333],"rotation":90,"texture":"#1"},"south":{"uv":[0,0,10.66667,1.66667],"rotation":90,"texture":"#1"},"west":{"uv":[0,2.33333,10.66667,3],"rotation":270,"texture":"#1"},"up":{"uv":[10.66667,0,11.33333,1.66667],"rotation":90,"texture":"#1"},"down":{"uv":[11.33333,0,12,1.66667],"rotation":270,"texture":"#1"}}},{"from":[-7.25,0.06497,7],"to":[24.75,2.06497,12],"rotation":{"angle":0,"axis":"z","origin":[9.75,19,6]},"faces":{"north":{"uv":[0,2.33333,10.66667,3],"texture":"#1"},"east":{"uv":[11.33333,0,12,1.66667],"rotation":90,"texture":"#1"},"south":{"uv":[0,1.66667,10.66667,2.33333],"texture":"#1"},"west":{"uv":[10.66667,0,11.33333,1.66667],"rotation":90,"texture":"#1"},"up":{"uv":[0,0,10.66667,1.66667],"rotation":180,"texture":"#1"},"down":{"uv":[0,0,10.66667,1.66667],"texture":"#1"}}}],"gui_light":"front","display":{"thirdperson_righthand":{"rotation":[80.57,87.24,-102.43],"translation":[0.5,1.5,0],"scale":[0.2,0.2,0.2]},"thirdperson_lefthand":{"rotation":[80.57,87.24,-102.43],"translation":[0.5,1.5,0],"scale":[0.2,0.2,0.2]},"firstperson_righthand":{"rotation":[-0.41,19.85,16.74],"translation":[9,-0.25,-2]},"firstperson_lefthand":{"rotation":[-0.41,19.85,16.74],"translation":[9,-0.25,-2]},"ground":{"translation":[0,2.25,0],"scale":[0.3,0.3,0.3]},"gui":{"rotation":[21.75,0,0],"translation":[-0.5,-1.75,0],"scale":[0.4,0.4,0.4]},"head":{"translation":[0,-30.5,0],"scale":[1.6,1.6,1.6]},"fixed":{"rotation":[-90,0,0],"translation":[0,0,-16],"scale":[2,2,2]}}}