{"textures":{"0":"modelengine:entity/texture"},"elements":[{"from":[6.9142857,-0.16736794,4.9348793],"to":[8.6285715,1.5469179,8.934879],"rotation":{"angle":0.0,"axis":"y","origin":[9.714286,0.97548914,12.363451]},"faces":{"east":{"uv":[11.0,2.0,12.75,2.75],"rotation":0,"texture":"#0","tintindex":0},"south":{"uv":[12.5,5.0,13.25,5.75],"rotation":0,"texture":"#0","tintindex":0},"north":{"uv":[12.5,4.25,13.25,5.0],"rotation":0,"texture":"#0","tintindex":0},"west":{"uv":[11.0,7.25,12.75,8.0],"rotation":0,"texture":"#0","tintindex":0},"up":{"uv":[10.25,12.75,9.5,11.0],"rotation":0,"texture":"#0","tintindex":0},"down":{"uv":[11.0,11.0,10.25,12.75],"rotation":0,"texture":"#0","tintindex":0}}},{"from":[6.9142857,2.7878165,0.08614683],"to":[8.6285715,9.073531,1.8004327],"rotation":{"angle":45.0,"axis":"x","origin":[9.714286,-0.0693264,4.0861473]},"faces":{"east":{"uv":[6.5,9.0,7.25,11.75],"rotation":0,"texture":"#0","tintindex":0},"south":{"uv":[7.25,9.0,8.0,11.75],"rotation":0,"texture":"#0","tintindex":0},"north":{"uv":[8.5,8.25,9.25,11.0],"rotation":0,"texture":"#0","tintindex":0},"west":{"uv":[9.25,0.0,10.0,2.75],"rotation":0,"texture":"#0","tintindex":0},"up":{"uv":[6.0,13.25,5.25,12.5],"rotation":0,"texture":"#0","tintindex":0},"down":{"uv":[13.25,5.75,12.5,6.5],"rotation":0,"texture":"#0","tintindex":0}}},{"from":[6.9142857,4.0,8.571428],"to":[8.6285715,9.714286,10.285714],"rotation":{"angle":-45.0,"axis":"x","origin":[9.714286,1.1428566,12.571428]},"faces":{"east":{"uv":[0.0,9.75,0.75,12.25],"rotation":0,"texture":"#0","tintindex":0},"south":{"uv":[0.75,9.75,1.5,12.25],"rotation":0,"texture":"#0","tintindex":0},"north":{"uv":[4.5,9.5,5.25,12.0],"rotation":0,"texture":"#0","tintindex":0},"west":{"uv":[1.5,9.75,2.25,12.25],"rotation":0,"texture":"#0","tintindex":0},"up":{"uv":[13.25,7.25,12.5,6.5],"rotation":0,"texture":"#0","tintindex":0},"down":{"uv":[13.25,10.0,12.5,10.75],"rotation":0,"texture":"#0","tintindex":0}}},{"from":[6.285714,6.787817,7.5147185],"to":[8.571428,10.216389,10.371861],"rotation":{"angle":0.0,"axis":"y","origin":[5.714286,-0.0693264,4.0861473]},"faces":{"east":{"uv":[9.25,4.25,10.5,5.75],"rotation":0,"texture":"#0","tintindex":0},"south":{"uv":[10.5,4.25,11.5,5.75],"rotation":0,"texture":"#0","tintindex":0},"north":{"uv":[10.5,2.75,11.5,4.25],"rotation":0,"texture":"#0","tintindex":0},"west":{"uv":[9.25,5.75,10.5,7.25],"rotation":0,"texture":"#0","tintindex":0},"up":{"uv":[12.5,1.25,11.5,0.0],"rotation":0,"texture":"#0","tintindex":0},"down":{"uv":[12.5,2.75,11.5,4.0],"rotation":0,"texture":"#0","tintindex":0}}}],"display":{"head":{"translation":[0.0,-6.4,0.0],"scale":[4.0,4.0,4.0]}}}