{"textures":{"0":"modelengine:entity/star_guardian"},"elements":[{"from":[4.0,7.74626,2.9609718],"to":[12.0,9.4605465,10.960972],"rotation":{"angle":-22.5,"axis":"x","origin":[8.0,11.746261,5.8181143]},"faces":{"east":{"uv":[10.375,9.75,12.125,10.125],"rotation":0,"texture":"#0","tintindex":0},"south":{"uv":[10.375,10.125,12.125,10.5],"rotation":0,"texture":"#0","tintindex":0},"north":{"uv":[10.375,9.375,12.125,9.75],"rotation":0,"texture":"#0","tintindex":0},"west":{"uv":[10.375,10.5,12.125,10.875],"rotation":0,"texture":"#0","tintindex":0},"up":{"uv":[5.75,4.5,4.0,2.75],"rotation":0,"texture":"#0","tintindex":0},"down":{"uv":[5.75,4.5,4.0,6.25],"rotation":0,"texture":"#0","tintindex":0}}},{"from":[5.0,5.4605455,4.103829],"to":[7.857143,8.174831,9.246686],"rotation":{"angle":-22.5,"axis":"x","origin":[8.0,9.4605465,5.8181143]},"faces":{"east":{"uv":[6.5,10.25,7.625,10.875],"rotation":0,"texture":"#0","tintindex":0},"south":{"uv":[11.625,7.5,12.25,8.125],"rotation":0,"texture":"#0","tintindex":0},"north":{"uv":[0.625,11.625,1.25,12.25],"rotation":0,"texture":"#0","tintindex":0},"west":{"uv":[1.5,10.375,2.625,11.0],"rotation":0,"texture":"#0","tintindex":0},"up":{"uv":[3.25,11.5,2.625,10.375],"rotation":0,"texture":"#0","tintindex":0},"down":{"uv":[4.875,10.375,4.25,11.5],"rotation":0,"texture":"#0","tintindex":0}}},{"from":[6.5714283,3.8891172,6.246686],"to":[9.428572,9.603403,10.960972],"rotation":{"angle":0.0,"axis":"y","origin":[7.857143,9.4605465,5.8181143]},"faces":{"east":{"uv":[7.0,4.75,8.0,6.0],"rotation":0,"texture":"#0","tintindex":0},"south":{"uv":[1.875,9.125,2.5,10.375],"rotation":0,"texture":"#0","tintindex":0},"north":{"uv":[9.0,0.0,9.625,1.25],"rotation":0,"texture":"#0","tintindex":0},"west":{"uv":[7.0,6.0,8.0,7.25],"rotation":0,"texture":"#0","tintindex":0},"up":{"uv":[9.75,11.375,9.125,10.375],"rotation":0,"texture":"#0","tintindex":0},"down":{"uv":[3.875,10.5,3.25,11.5],"rotation":0,"texture":"#0","tintindex":0}}},{"from":[8.142858,5.4605455,4.103829],"to":[11.0,8.174831,9.246686],"rotation":{"angle":-22.5,"axis":"x","origin":[8.0,9.4605465,5.8181143]},"faces":{"east":{"uv":[10.375,6.25,11.5,6.875],"rotation":0,"texture":"#0","tintindex":0},"south":{"uv":[11.0,11.625,11.625,12.25],"rotation":0,"texture":"#0","tintindex":0},"north":{"uv":[11.625,10.875,12.25,11.5],"rotation":0,"texture":"#0","tintindex":0},"west":{"uv":[10.375,6.875,11.5,7.5],"rotation":0,"texture":"#0","tintindex":0},"up":{"uv":[11.0,8.625,10.375,7.5],"rotation":0,"texture":"#0","tintindex":0},"down":{"uv":[8.25,10.375,7.625,11.5],"rotation":0,"texture":"#0","tintindex":0}}},{"from":[4.5714283,7.1748314,3.5324001],"to":[11.428572,10.031975,10.389544],"rotation":{"angle":-22.5,"axis":"x","origin":[8.0,11.746261,5.8181143]},"faces":{"east":{"uv":[7.5,0.0,9.0,0.625],"rotation":0,"texture":"#0","tintindex":0},"south":{"uv":[7.5,0.625,9.0,1.25],"rotation":0,"texture":"#0","tintindex":0},"north":{"uv":[7.0,7.25,8.5,7.875],"rotation":0,"texture":"#0","tintindex":0},"west":{"uv":[7.0,7.875,8.5,8.5],"rotation":0,"texture":"#0","tintindex":0},"up":{"uv":[1.5,7.25,0.0,5.75],"rotation":0,"texture":"#0","tintindex":0},"down":{"uv":[3.0,5.75,1.5,7.25],"rotation":0,"texture":"#0","tintindex":0}}},{"from":[2.8571424,9.4605465,6.389543],"to":[13.142858,15.603403,6.389543],"rotation":{"angle":-22.5,"axis":"x","origin":[8.0,11.746261,5.8181143]},"faces":{"east":{"uv":[0.0,0.0,0.0,1.375],"rotation":0,"texture":"#0","tintindex":0},"south":{"uv":[4.0,1.375,6.125,2.75],"rotation":0,"texture":"#0","tintindex":0},"north":{"uv":[6.125,1.375,4.0,2.75],"rotation":0,"texture":"#0","tintindex":0},"west":{"uv":[0.0,0.0,0.0,1.375],"rotation":0,"texture":"#0","tintindex":0},"up":{"uv":[2.25,0.0,0.0,0.0],"rotation":0,"texture":"#0","tintindex":0},"down":{"uv":[2.25,0.0,0.0,0.0],"rotation":0,"texture":"#0","tintindex":0}}},{"from":[8.285714,9.4605465,3.389543],"to":[8.285714,15.603403,11.103829],"rotation":{"angle":-22.5,"axis":"x","origin":[8.857143,11.746261,6.6752577]},"faces":{"east":{"uv":[6.125,1.375,4.0,2.75],"rotation":0,"texture":"#0","tintindex":0},"south":{"uv":[0.0,0.0,0.0,1.375],"rotation":0,"texture":"#0","tintindex":0},"north":{"uv":[0.0,0.0,0.0,1.375],"rotation":0,"texture":"#0","tintindex":0},"west":{"uv":[4.0,1.375,6.125,2.75],"rotation":0,"texture":"#0","tintindex":0},"up":{"uv":[2.25,0.0,0.0,0.0],"rotation":90,"texture":"#0","tintindex":0},"down":{"uv":[2.25,0.0,0.0,0.0],"rotation":270,"texture":"#0","tintindex":0}}}],"display":{"head":{"translation":[0.0,-6.4,0.0],"scale":[4.0,4.0,4.0]}}}