{"textures":{"0":"modelengine:entity/star_guardian"},"elements":[{"from":[7.0804906,0.64491844,6.5714283],"to":[9.9376335,7.5020614,9.428572],"rotation":{"angle":0.0,"axis":"y","origin":[16.794777,15.502062,7.714286]},"faces":{"east":{"uv":[8.125,2.75,8.75,4.25],"rotation":0,"texture":"#0","tintindex":0},"south":{"uv":[3.0,8.125,3.625,9.625],"rotation":0,"texture":"#0","tintindex":0},"north":{"uv":[8.125,1.25,8.75,2.75],"rotation":0,"texture":"#0","tintindex":0},"west":{"uv":[4.75,8.125,5.375,9.625],"rotation":0,"texture":"#0","tintindex":0},"up":{"uv":[12.25,12.125,11.625,11.5],"rotation":0,"texture":"#0","tintindex":0},"down":{"uv":[1.875,11.75,1.25,12.375],"rotation":0,"texture":"#0","tintindex":0}}},{"from":[6.2233477,6.5020614,6.0],"to":[10.509062,7.787776,10.0],"rotation":{"angle":0.0,"axis":"y","origin":[16.794777,15.502062,7.714286]},"faces":{"east":{"uv":[12.375,12.125,13.25,12.375],"rotation":0,"texture":"#0","tintindex":0},"south":{"uv":[12.25,11.625,13.25,11.875],"rotation":0,"texture":"#0","tintindex":0},"north":{"uv":[12.25,11.375,13.25,11.625],"rotation":0,"texture":"#0","tintindex":0},"west":{"uv":[12.375,12.375,13.25,12.625],"rotation":0,"texture":"#0","tintindex":0},"up":{"uv":[7.75,9.375,6.75,8.5],"rotation":0,"texture":"#0","tintindex":0},"down":{"uv":[9.5,7.25,8.5,8.125],"rotation":0,"texture":"#0","tintindex":0}}},{"from":[6.0804906,0.64491844,6.857143],"to":[8.223348,7.5020614,9.142858],"rotation":{"angle":22.5,"axis":"z","origin":[6.794776,4.07349,8.0]},"faces":{"east":{"uv":[0.0,9.75,0.5,11.25],"rotation":0,"texture":"#0","tintindex":0},"south":{"uv":[0.5,9.75,1.0,11.25],"rotation":0,"texture":"#0","tintindex":0},"north":{"uv":[6.0,9.625,6.5,11.125],"rotation":0,"texture":"#0","tintindex":0},"west":{"uv":[9.75,0.75,10.25,2.25],"rotation":0,"texture":"#0","tintindex":0},"up":{"uv":[12.875,0.5,12.375,0.0],"rotation":0,"texture":"#0","tintindex":0},"down":{"uv":[12.875,0.5,12.375,1.0],"rotation":0,"texture":"#0","tintindex":0}}}],"display":{"head":{"translation":[0.0,-6.4,0.0],"scale":[4.0,4.0,4.0]}}}