{"textures":{"0":"modelengine:entity/star_guardian"},"elements":[{"from":[7.142857,7.285714,6.0],"to":[8.571428,8.571428,8.857143],"rotation":{"angle":0.0,"axis":"y","origin":[16.285715,24.285715,8.714286]},"faces":{"east":{"uv":[10.625,6.0,11.25,6.25],"rotation":0,"texture":"#0","tintindex":0},"south":{"uv":[13.25,12.125,13.625,12.375],"rotation":0,"texture":"#0","tintindex":0},"north":{"uv":[13.25,11.875,13.625,12.125],"rotation":0,"texture":"#0","tintindex":0},"west":{"uv":[12.625,6.625,13.25,6.875],"rotation":0,"texture":"#0","tintindex":0},"up":{"uv":[3.25,13.0,2.875,12.375],"rotation":0,"texture":"#0","tintindex":0},"down":{"uv":[3.625,12.375,3.25,13.0],"rotation":0,"texture":"#0","tintindex":0}}},{"from":[7.285714,6.5714283,4.285714],"to":[8.428572,7.857143,6.5714283],"rotation":{"angle":-45.0,"axis":"x","origin":[7.857143,7.928571,5.714286]},"faces":{"east":{"uv":[12.75,13.125,13.25,13.375],"rotation":0,"texture":"#0","tintindex":0},"south":{"uv":[13.5,0.75,13.75,1.0],"rotation":0,"texture":"#0","tintindex":0},"north":{"uv":[0.625,13.5,0.875,13.75],"rotation":0,"texture":"#0","tintindex":0},"west":{"uv":[13.125,12.875,13.625,13.125],"rotation":0,"texture":"#0","tintindex":0},"up":{"uv":[7.5,13.625,7.25,13.125],"rotation":0,"texture":"#0","tintindex":0},"down":{"uv":[9.5,13.125,9.25,13.625],"rotation":0,"texture":"#0","tintindex":0}}},{"from":[7.428571,5.0,5.0],"to":[8.285714,6.857143,6.0],"rotation":{"angle":0.0,"axis":"y","origin":[7.857143,7.928571,5.714286]},"faces":{"east":{"uv":[13.25,12.375,13.625,12.625],"rotation":0,"texture":"#0","tintindex":0},"south":{"uv":[1.125,13.5,1.375,13.75],"rotation":0,"texture":"#0","tintindex":0},"north":{"uv":[0.875,13.5,1.125,13.75],"rotation":0,"texture":"#0","tintindex":0},"west":{"uv":[13.25,13.125,13.625,13.375],"rotation":0,"texture":"#0","tintindex":0},"up":{"uv":[7.0,8.5,6.75,8.125],"rotation":0,"texture":"#0","tintindex":0},"down":{"uv":[6.875,13.25,6.625,13.625],"rotation":0,"texture":"#0","tintindex":0}}}],"display":{"head":{"translation":[0.0,-6.4,0.0],"scale":[4.0,4.0,4.0]}}}