{"textures":{"0":"modelengine:entity/star_guardian"},"elements":[{"from":[5.915271,1.4985952,6.1883116],"to":[8.772414,7.2128816,9.759741],"rotation":{"angle":0.0,"axis":"y","origin":[15.629557,7.78431,7.6168833]},"faces":{"east":{"uv":[4.0,7.125,4.75,8.375],"rotation":0,"texture":"#0","tintindex":0},"south":{"uv":[3.625,9.25,4.25,10.5],"rotation":0,"texture":"#0","tintindex":0},"north":{"uv":[8.625,9.125,9.25,10.375],"rotation":0,"texture":"#0","tintindex":0},"west":{"uv":[8.0,4.75,8.75,6.0],"rotation":0,"texture":"#0","tintindex":0},"up":{"uv":[2.125,11.75,1.5,11.0],"rotation":0,"texture":"#0","tintindex":0},"down":{"uv":[11.625,7.5,11.0,8.25],"rotation":0,"texture":"#0","tintindex":0}}},{"from":[4.7724137,4.3557386,5.6168833],"to":[9.200985,7.927167,10.331169],"rotation":{"angle":-22.5,"axis":"z","origin":[7.3438425,5.78431,7.974026]},"faces":{"east":{"uv":[2.5,9.625,3.5,10.375],"rotation":0,"texture":"#0","tintindex":0},"south":{"uv":[4.25,9.625,5.25,10.375],"rotation":0,"texture":"#0","tintindex":0},"north":{"uv":[9.625,0.0,10.625,0.75],"rotation":0,"texture":"#0","tintindex":0},"west":{"uv":[9.625,4.75,10.625,5.5],"rotation":0,"texture":"#0","tintindex":0},"up":{"uv":[4.0,8.125,3.0,7.125],"rotation":0,"texture":"#0","tintindex":0},"down":{"uv":[1.0,7.25,0.0,8.25],"rotation":0,"texture":"#0","tintindex":0}}},{"from":[4.915271,0.49859524,5.9025974],"to":[9.200985,1.4985952,10.045455],"rotation":{"angle":0.0,"axis":"y","origin":[15.629557,7.78431,7.6168833]},"faces":{"east":{"uv":[9.75,4.5,10.625,4.75],"rotation":0,"texture":"#0","tintindex":0},"south":{"uv":[12.25,11.125,13.25,11.375],"rotation":0,"texture":"#0","tintindex":0},"north":{"uv":[12.25,10.875,13.25,11.125],"rotation":0,"texture":"#0","tintindex":0},"west":{"uv":[12.375,9.0,13.25,9.25],"rotation":0,"texture":"#0","tintindex":0},"up":{"uv":[2.875,9.125,1.875,8.25],"rotation":0,"texture":"#0","tintindex":0},"down":{"uv":[4.625,8.375,3.625,9.25],"rotation":0,"texture":"#0","tintindex":0}}},{"from":[5.915271,7.4985957,5.3311687],"to":[10.915271,9.212881,10.759741],"rotation":{"angle":-45.0,"axis":"z","origin":[7.3438425,8.498596,8.045455]},"faces":{"east":{"uv":[10.75,4.0,12.0,4.375],"rotation":0,"texture":"#0","tintindex":0},"south":{"uv":[11.5,1.75,12.625,2.125],"rotation":0,"texture":"#0","tintindex":0},"north":{"uv":[11.25,9.0,12.375,9.375],"rotation":0,"texture":"#0","tintindex":0},"west":{"uv":[11.0,8.25,12.25,8.625],"rotation":0,"texture":"#0","tintindex":0},"up":{"uv":[5.875,8.125,4.75,6.875],"rotation":0,"texture":"#0","tintindex":0},"down":{"uv":[7.0,6.875,5.875,8.125],"rotation":0,"texture":"#0","tintindex":0}}},{"from":[5.3438425,7.927167,5.0454545],"to":[11.200985,8.78431,11.045455],"rotation":{"angle":-45.0,"axis":"z","origin":[7.3438425,8.498596,8.045455]},"faces":{"east":{"uv":[11.875,3.625,13.25,3.875],"rotation":0,"texture":"#0","tintindex":0},"south":{"uv":[12.125,6.875,13.375,7.125],"rotation":0,"texture":"#0","tintindex":0},"north":{"uv":[11.875,5.875,13.125,6.125],"rotation":0,"texture":"#0","tintindex":0},"west":{"uv":[11.875,4.375,13.25,4.625],"rotation":0,"texture":"#0","tintindex":0},"up":{"uv":[7.0,4.125,5.75,2.75],"rotation":0,"texture":"#0","tintindex":0},"down":{"uv":[7.0,4.125,5.75,5.5],"rotation":0,"texture":"#0","tintindex":0}}},{"from":[4.3438425,3.3557382,6.7597404],"to":[7.0581284,7.4985957,9.188312],"rotation":{"angle":22.5,"axis":"z","origin":[4.8438425,4.641453,7.974026]},"faces":{"east":{"uv":[7.125,10.875,7.625,11.75],"rotation":0,"texture":"#0","tintindex":0},"south":{"uv":[10.75,3.125,11.375,4.0],"rotation":0,"texture":"#0","tintindex":0},"north":{"uv":[10.75,2.25,11.375,3.125],"rotation":0,"texture":"#0","tintindex":0},"west":{"uv":[2.125,11.0,2.625,11.875],"rotation":0,"texture":"#0","tintindex":0},"up":{"uv":[8.75,4.75,8.125,4.25],"rotation":0,"texture":"#0","tintindex":0},"down":{"uv":[10.25,6.25,9.625,6.75],"rotation":0,"texture":"#0","tintindex":0}}},{"from":[3.334855,7.0114045,7.1883116],"to":[5.334855,8.868547,8.75974],"rotation":{"angle":0.0,"axis":"y","origin":[3.9777126,8.22569,7.974026]},"faces":{"east":{"uv":[3.875,13.0,4.25,13.375],"rotation":0,"texture":"#0","tintindex":0},"south":{"uv":[12.625,1.75,13.125,2.125],"rotation":0,"texture":"#0","tintindex":0},"north":{"uv":[4.25,9.25,4.75,9.625],"rotation":0,"texture":"#0","tintindex":0},"west":{"uv":[0.625,13.125,1.0,13.5],"rotation":0,"texture":"#0","tintindex":0},"up":{"uv":[13.125,10.875,12.625,10.5],"rotation":0,"texture":"#0","tintindex":0},"down":{"uv":[13.25,5.125,12.75,5.5],"rotation":0,"texture":"#0","tintindex":0}}},{"from":[3.6205697,8.439976,7.3311687],"to":[5.049141,10.725691,8.616883],"rotation":{"angle":45.0,"axis":"z","origin":[4.406284,8.511405,7.974026]},"faces":{"east":{"uv":[1.25,11.25,1.5,11.75],"rotation":0,"texture":"#0","tintindex":0},"south":{"uv":[12.75,12.625,13.125,13.125],"rotation":0,"texture":"#0","tintindex":0},"north":{"uv":[10.875,12.75,11.25,13.25],"rotation":0,"texture":"#0","tintindex":0},"west":{"uv":[5.375,11.375,5.625,11.875],"rotation":0,"texture":"#0","tintindex":0},"up":{"uv":[4.0,8.375,3.625,8.125],"rotation":0,"texture":"#0","tintindex":0},"down":{"uv":[9.125,11.125,8.75,11.375],"rotation":0,"texture":"#0","tintindex":0}}},{"from":[1.6205692,9.297119,7.4740257],"to":[3.334855,10.439976,8.474026],"rotation":{"angle":0.0,"axis":"y","origin":[4.406284,8.511405,7.974026]},"faces":{"east":{"uv":[0.375,13.375,0.625,13.625],"rotation":0,"texture":"#0","tintindex":0},"south":{"uv":[13.25,6.625,13.625,6.875],"rotation":0,"texture":"#0","tintindex":0},"north":{"uv":[6.25,13.25,6.625,13.5],"rotation":0,"texture":"#0","tintindex":0},"west":{"uv":[12.25,13.375,12.5,13.625],"rotation":0,"texture":"#0","tintindex":0},"up":{"uv":[7.875,13.5,7.5,13.25],"rotation":0,"texture":"#0","tintindex":0},"down":{"uv":[13.625,8.875,13.25,9.125],"rotation":0,"texture":"#0","tintindex":0}}},{"from":[4.334855,0.86854696,7.1883116],"to":[6.3348556,3.72569,8.75974],"rotation":{"angle":22.5,"axis":"z","origin":[4.9777126,3.0828328,7.974026]},"faces":{"east":{"uv":[9.5,8.5,9.875,9.125],"rotation":0,"texture":"#0","tintindex":0},"south":{"uv":[5.75,12.25,6.25,12.875],"rotation":0,"texture":"#0","tintindex":0},"north":{"uv":[12.125,10.25,12.625,10.875],"rotation":0,"texture":"#0","tintindex":0},"west":{"uv":[1.5,9.75,1.875,10.375],"rotation":0,"texture":"#0","tintindex":0},"up":{"uv":[13.25,5.875,12.75,5.5],"rotation":0,"texture":"#0","tintindex":0},"down":{"uv":[13.375,0.0,12.875,0.375],"rotation":0,"texture":"#0","tintindex":0}}},{"from":[3.4777126,2.72569,7.3311687],"to":[5.334855,3.8685474,8.616883],"rotation":{"angle":-22.5,"axis":"z","origin":[5.406284,3.368547,7.974026]},"faces":{"east":{"uv":[12.5,13.375,12.75,13.625],"rotation":0,"texture":"#0","tintindex":0},"south":{"uv":[10.375,13.25,10.75,13.5],"rotation":0,"texture":"#0","tintindex":0},"north":{"uv":[9.5,13.25,9.875,13.5],"rotation":0,"texture":"#0","tintindex":0},"west":{"uv":[12.75,13.375,13.0,13.625],"rotation":0,"texture":"#0","tintindex":0},"up":{"uv":[11.125,13.5,10.75,13.25],"rotation":0,"texture":"#0","tintindex":0},"down":{"uv":[13.625,10.875,13.25,11.125],"rotation":0,"texture":"#0","tintindex":0}}},{"from":[2.191998,3.2971182,7.4740257],"to":[3.9062839,4.1542616,8.474026],"rotation":{"angle":0.0,"axis":"y","origin":[5.406284,3.368547,7.974026]},"faces":{"east":{"uv":[13.0,13.375,13.25,13.625],"rotation":0,"texture":"#0","tintindex":0},"south":{"uv":[13.25,11.375,13.625,11.625],"rotation":0,"texture":"#0","tintindex":0},"north":{"uv":[13.25,11.125,13.625,11.375],"rotation":0,"texture":"#0","tintindex":0},"west":{"uv":[13.25,13.375,13.5,13.625],"rotation":0,"texture":"#0","tintindex":0},"up":{"uv":[12.0,13.5,11.625,13.25],"rotation":0,"texture":"#0","tintindex":0},"down":{"uv":[13.625,11.625,13.25,11.875],"rotation":0,"texture":"#0","tintindex":0}}}],"display":{"head":{"translation":[0.0,-6.4,0.0],"scale":[4.0,4.0,4.0]}}}