{"textures":{"0":"modelengine:entity/star_guardian"},"elements":[{"from":[6.857143,2.7142854,6.428571],"to":[9.142858,6.714286,10.428572],"rotation":{"angle":0.0,"axis":"y","origin":[17.142857,21.714287,7.428571]},"faces":{"east":{"uv":[6.75,9.375,7.625,10.25],"rotation":0,"texture":"#0","tintindex":0},"south":{"uv":[11.375,2.25,11.875,3.125],"rotation":0,"texture":"#0","tintindex":0},"north":{"uv":[8.25,11.125,8.75,12.0],"rotation":0,"texture":"#0","tintindex":0},"west":{"uv":[9.5,6.75,10.375,7.625],"rotation":0,"texture":"#0","tintindex":0},"up":{"uv":[11.875,4.0,11.375,3.125],"rotation":0,"texture":"#0","tintindex":0},"down":{"uv":[11.875,4.375,11.375,5.25],"rotation":0,"texture":"#0","tintindex":0}}},{"from":[6.0,3.2857141,7.0],"to":[7.285714,7.428571,9.0],"rotation":{"angle":0.0,"axis":"y","origin":[17.142857,21.714287,7.428571]},"faces":{"east":{"uv":[4.875,11.375,5.375,12.25],"rotation":0,"texture":"#0","tintindex":0},"south":{"uv":[11.375,12.25,11.625,13.125],"rotation":0,"texture":"#0","tintindex":0},"north":{"uv":[10.125,12.125,10.375,13.0],"rotation":0,"texture":"#0","tintindex":0},"west":{"uv":[11.375,5.25,11.875,6.125],"rotation":0,"texture":"#0","tintindex":0},"up":{"uv":[2.625,12.375,2.375,11.875],"rotation":0,"texture":"#0","tintindex":0},"down":{"uv":[10.375,13.0,10.125,13.5],"rotation":0,"texture":"#0","tintindex":0}}},{"from":[5.714286,6.142857,6.285714],"to":[9.857143,7.5714283,10.857143],"rotation":{"angle":0.0,"axis":"y","origin":[17.142857,21.714287,7.428571]},"faces":{"east":{"uv":[11.875,2.125,12.875,2.5],"rotation":0,"texture":"#0","tintindex":0},"south":{"uv":[5.375,11.875,6.25,12.25],"rotation":0,"texture":"#0","tintindex":0},"north":{"uv":[11.875,5.125,12.75,5.5],"rotation":0,"texture":"#0","tintindex":0},"west":{"uv":[11.875,2.5,12.875,2.875],"rotation":0,"texture":"#0","tintindex":0},"up":{"uv":[8.625,9.5,7.75,8.5],"rotation":0,"texture":"#0","tintindex":0},"down":{"uv":[9.5,8.125,8.625,9.125],"rotation":0,"texture":"#0","tintindex":0}}},{"from":[7.857143,0.9999995,9.142858],"to":[9.428572,5.0,10.714286],"rotation":{"angle":22.5,"axis":"z","origin":[8.642858,3.0,9.928572]},"faces":{"east":{"uv":[12.0,0.0,12.375,0.875],"rotation":0,"texture":"#0","tintindex":0},"south":{"uv":[12.0,0.875,12.375,1.75],"rotation":0,"texture":"#0","tintindex":0},"north":{"uv":[3.875,10.5,4.25,11.375],"rotation":0,"texture":"#0","tintindex":0},"west":{"uv":[8.25,12.0,8.625,12.875],"rotation":0,"texture":"#0","tintindex":0},"up":{"uv":[13.5,2.125,13.125,1.75],"rotation":0,"texture":"#0","tintindex":0},"down":{"uv":[5.0,13.125,4.625,13.5],"rotation":0,"texture":"#0","tintindex":0}}},{"from":[9.142858,0.7142854,9.285714],"to":[11.714286,1.9999995,10.571428],"rotation":{"angle":0.0,"axis":"y","origin":[8.642858,3.0,9.928572]},"faces":{"east":{"uv":[13.5,1.75,13.75,2.0],"rotation":0,"texture":"#0","tintindex":0},"south":{"uv":[12.875,7.625,13.5,7.875],"rotation":0,"texture":"#0","tintindex":0},"north":{"uv":[12.875,0.75,13.5,1.0],"rotation":0,"texture":"#0","tintindex":0},"west":{"uv":[2.125,13.5,2.375,13.75],"rotation":0,"texture":"#0","tintindex":0},"up":{"uv":[13.5,8.125,12.875,7.875],"rotation":0,"texture":"#0","tintindex":0},"down":{"uv":[13.5,8.125,12.875,8.375],"rotation":0,"texture":"#0","tintindex":0}}},{"from":[10.142858,0.0,9.428572],"to":[12.142858,0.85714245,10.428572],"rotation":{"angle":22.5,"axis":"z","origin":[8.642858,3.0,9.928572]},"faces":{"east":{"uv":[2.375,13.5,2.625,13.75],"rotation":0,"texture":"#0","tintindex":0},"south":{"uv":[2.125,13.25,2.625,13.5],"rotation":0,"texture":"#0","tintindex":0},"north":{"uv":[1.0,13.25,1.5,13.5],"rotation":0,"texture":"#0","tintindex":0},"west":{"uv":[2.625,13.5,2.875,13.75],"rotation":0,"texture":"#0","tintindex":0},"up":{"uv":[13.75,2.75,13.25,2.5],"rotation":0,"texture":"#0","tintindex":0},"down":{"uv":[3.125,13.25,2.625,13.5],"rotation":0,"texture":"#0","tintindex":0}}}],"display":{"head":{"translation":[0.0,-6.4,0.0],"scale":[4.0,4.0,4.0]}}}