{"textures":{"0":"modelengine:entity/star_guardian"},"elements":[{"from":[6.857143,2.7142854,6.428571],"to":[9.142858,6.714286,10.428572],"rotation":{"angle":0.0,"axis":"y","origin":[-1.1428576,21.714287,7.428571]},"faces":{"east":{"uv":[7.625,9.5,8.5,10.375],"rotation":0,"texture":"#0","tintindex":0},"south":{"uv":[11.5,0.875,12.0,1.75],"rotation":0,"texture":"#0","tintindex":0},"north":{"uv":[11.5,0.0,12.0,0.875],"rotation":0,"texture":"#0","tintindex":0},"west":{"uv":[9.5,7.625,10.375,8.5],"rotation":0,"texture":"#0","tintindex":0},"up":{"uv":[3.125,12.375,2.625,11.5],"rotation":0,"texture":"#0","tintindex":0},"down":{"uv":[3.625,11.5,3.125,12.375],"rotation":0,"texture":"#0","tintindex":0}}},{"from":[8.714286,3.2857141,7.0],"to":[10.0,7.428571,9.0],"rotation":{"angle":0.0,"axis":"y","origin":[-1.1428576,21.714287,7.428571]},"faces":{"east":{"uv":[3.625,11.5,4.125,12.375],"rotation":0,"texture":"#0","tintindex":0},"south":{"uv":[4.375,12.375,4.625,13.25],"rotation":0,"texture":"#0","tintindex":0},"north":{"uv":[1.625,12.375,1.875,13.25],"rotation":0,"texture":"#0","tintindex":0},"west":{"uv":[4.125,11.5,4.625,12.375],"rotation":0,"texture":"#0","tintindex":0},"up":{"uv":[3.375,13.75,3.125,13.25],"rotation":0,"texture":"#0","tintindex":0},"down":{"uv":[13.5,3.25,13.25,3.75],"rotation":0,"texture":"#0","tintindex":0}}},{"from":[6.142857,6.142857,6.285714],"to":[10.285714,7.5714283,10.857143],"rotation":{"angle":0.0,"axis":"y","origin":[-1.1428576,21.714287,7.428571]},"faces":{"east":{"uv":[11.875,2.875,12.875,3.25],"rotation":0,"texture":"#0","tintindex":0},"south":{"uv":[12.0,3.875,12.875,4.25],"rotation":0,"texture":"#0","tintindex":0},"north":{"uv":[11.875,5.5,12.75,5.875],"rotation":0,"texture":"#0","tintindex":0},"west":{"uv":[11.875,3.25,12.875,3.625],"rotation":0,"texture":"#0","tintindex":0},"up":{"uv":[9.625,5.75,8.75,4.75],"rotation":0,"texture":"#0","tintindex":0},"down":{"uv":[9.625,5.75,8.75,6.75],"rotation":0,"texture":"#0","tintindex":0}}},{"from":[6.5714283,0.9999995,9.142858],"to":[8.142858,5.0,10.714286],"rotation":{"angle":-22.5,"axis":"z","origin":[7.357143,3.0,9.928572]},"faces":{"east":{"uv":[12.0,12.125,12.375,13.0],"rotation":0,"texture":"#0","tintindex":0},"south":{"uv":[0.0,12.25,0.375,13.125],"rotation":0,"texture":"#0","tintindex":0},"north":{"uv":[11.625,12.125,12.0,13.0],"rotation":0,"texture":"#0","tintindex":0},"west":{"uv":[0.375,12.25,0.75,13.125],"rotation":0,"texture":"#0","tintindex":0},"up":{"uv":[8.875,13.5,8.5,13.125],"rotation":0,"texture":"#0","tintindex":0},"down":{"uv":[9.25,13.125,8.875,13.5],"rotation":0,"texture":"#0","tintindex":0}}},{"from":[4.285714,0.7142854,9.285714],"to":[6.857143,1.9999995,10.571428],"rotation":{"angle":0.0,"axis":"y","origin":[7.357143,3.0,9.928572]},"faces":{"east":{"uv":[13.5,7.375,13.75,7.625],"rotation":0,"texture":"#0","tintindex":0},"south":{"uv":[13.0,6.375,13.625,6.625],"rotation":0,"texture":"#0","tintindex":0},"north":{"uv":[6.25,13.0,6.875,13.25],"rotation":0,"texture":"#0","tintindex":0},"west":{"uv":[7.5,13.5,7.75,13.75],"rotation":0,"texture":"#0","tintindex":0},"up":{"uv":[8.125,13.25,7.5,13.0],"rotation":0,"texture":"#0","tintindex":0},"down":{"uv":[10.125,13.0,9.5,13.25],"rotation":0,"texture":"#0","tintindex":0}}},{"from":[3.8571424,0.0,9.428572],"to":[5.8571424,0.85714245,10.428572],"rotation":{"angle":-22.5,"axis":"z","origin":[7.357143,3.0,9.928572]},"faces":{"east":{"uv":[13.5,7.625,13.75,7.875],"rotation":0,"texture":"#0","tintindex":0},"south":{"uv":[13.25,5.25,13.75,5.5],"rotation":0,"texture":"#0","tintindex":0},"north":{"uv":[13.25,5.0,13.75,5.25],"rotation":0,"texture":"#0","tintindex":0},"west":{"uv":[13.5,7.875,13.75,8.125],"rotation":0,"texture":"#0","tintindex":0},"up":{"uv":[13.75,5.75,13.25,5.5],"rotation":0,"texture":"#0","tintindex":0},"down":{"uv":[6.25,13.25,5.75,13.5],"rotation":0,"texture":"#0","tintindex":0}}}],"display":{"head":{"translation":[0.0,-6.4,0.0],"scale":[4.0,4.0,4.0]}}}