{"textures":{"0":"modelengine:entity/star_guardian"},"elements":[{"from":[6.527193,4.758564,7.214286],"to":[8.098621,8.758564,8.785714],"rotation":{"angle":-22.5,"axis":"z","origin":[7.312907,6.758564,8.0]},"faces":{"east":{"uv":[4.625,12.25,5.0,13.125],"rotation":0,"texture":"#0","tintindex":0},"south":{"uv":[5.0,12.25,5.375,13.125],"rotation":0,"texture":"#0","tintindex":0},"north":{"uv":[0.75,12.25,1.125,13.125],"rotation":0,"texture":"#0","tintindex":0},"west":{"uv":[5.375,12.25,5.75,13.125],"rotation":0,"texture":"#0","tintindex":0},"up":{"uv":[13.5,10.875,13.125,10.5],"rotation":0,"texture":"#0","tintindex":0},"down":{"uv":[11.625,13.125,11.25,13.5],"rotation":0,"texture":"#0","tintindex":0}}},{"from":[3.8129072,4.901421,7.357143],"to":[6.384336,6.187135,8.642858],"rotation":{"angle":22.5,"axis":"z","origin":[7.312907,6.758564,8.0]},"faces":{"east":{"uv":[8.125,13.5,8.375,13.75],"rotation":0,"texture":"#0","tintindex":0},"south":{"uv":[13.0,10.25,13.625,10.5],"rotation":0,"texture":"#0","tintindex":0},"north":{"uv":[13.0,10.0,13.625,10.25],"rotation":0,"texture":"#0","tintindex":0},"west":{"uv":[13.5,8.125,13.75,8.375],"rotation":0,"texture":"#0","tintindex":0},"up":{"uv":[12.25,13.25,11.625,13.0],"rotation":0,"texture":"#0","tintindex":0},"down":{"uv":[0.625,13.125,0.0,13.375],"rotation":0,"texture":"#0","tintindex":0}}},{"from":[2.6700501,4.901421,7.5],"to":[3.8129072,5.758564,8.5],"rotation":{"angle":22.5,"axis":"z","origin":[7.312907,6.758564,8.0]},"faces":{"east":{"uv":[13.5,8.375,13.75,8.625],"rotation":0,"texture":"#0","tintindex":0},"south":{"uv":[8.625,13.5,8.875,13.75],"rotation":0,"texture":"#0","tintindex":0},"north":{"uv":[8.375,13.5,8.625,13.75],"rotation":0,"texture":"#0","tintindex":0},"west":{"uv":[8.875,13.5,9.125,13.75],"rotation":0,"texture":"#0","tintindex":0},"up":{"uv":[9.75,13.75,9.5,13.5],"rotation":0,"texture":"#0","tintindex":0},"down":{"uv":[10.375,13.5,10.125,13.75],"rotation":0,"texture":"#0","tintindex":0}}}],"display":{"head":{"translation":[0.0,-6.4,0.0],"scale":[4.0,4.0,4.0]}}}