{"textures":{"0":"modelengine:entity/star_guardian"},"elements":[{"from":[7.714286,5.0,5.0],"to":[8.571428,6.857143,6.0],"rotation":{"angle":0.0,"axis":"y","origin":[8.142858,7.928571,5.714286]},"faces":{"east":{"uv":[13.625,13.125,13.25,13.375],"rotation":0,"texture":"#0","tintindex":0},"south":{"uv":[1.375,13.5,1.125,13.75],"rotation":0,"texture":"#0","tintindex":0},"north":{"uv":[1.125,13.5,0.875,13.75],"rotation":0,"texture":"#0","tintindex":0},"west":{"uv":[13.625,12.375,13.25,12.625],"rotation":0,"texture":"#0","tintindex":0},"up":{"uv":[6.75,8.5,7.0,8.125],"rotation":0,"texture":"#0","tintindex":0},"down":{"uv":[6.625,13.25,6.875,13.625],"rotation":0,"texture":"#0","tintindex":0}}},{"from":[7.428571,7.285714,6.0],"to":[8.857143,8.571428,8.857143],"rotation":{"angle":0.0,"axis":"y","origin":[-0.2857151,24.285715,8.714286]},"faces":{"east":{"uv":[3.25,13.0,3.875,13.25],"rotation":0,"texture":"#0","tintindex":0},"south":{"uv":[13.375,9.125,13.75,9.375],"rotation":0,"texture":"#0","tintindex":0},"north":{"uv":[13.375,8.625,13.75,8.875],"rotation":0,"texture":"#0","tintindex":0},"west":{"uv":[13.0,6.125,13.625,6.375],"rotation":0,"texture":"#0","tintindex":0},"up":{"uv":[6.625,13.0,6.25,12.375],"rotation":0,"texture":"#0","tintindex":0},"down":{"uv":[7.0,12.375,6.625,13.0],"rotation":0,"texture":"#0","tintindex":0}}},{"from":[7.5714283,6.5714283,4.285714],"to":[8.714286,7.857143,6.5714283],"rotation":{"angle":-45.0,"axis":"x","origin":[8.142858,7.928571,5.714286]},"faces":{"east":{"uv":[3.375,13.25,3.875,13.5],"rotation":0,"texture":"#0","tintindex":0},"south":{"uv":[6.0,13.5,6.25,13.75],"rotation":0,"texture":"#0","tintindex":0},"north":{"uv":[5.75,13.5,6.0,13.75],"rotation":0,"texture":"#0","tintindex":0},"west":{"uv":[13.25,4.25,13.75,4.5],"rotation":0,"texture":"#0","tintindex":0},"up":{"uv":[4.5,13.75,4.25,13.25],"rotation":0,"texture":"#0","tintindex":0},"down":{"uv":[13.5,4.5,13.25,5.0],"rotation":0,"texture":"#0","tintindex":0}}}],"display":{"head":{"translation":[0.0,-6.4,0.0],"scale":[4.0,4.0,4.0]}}}