{"textures":{"0":"modelengine:entity/star_guardian"},"elements":[{"from":[6.0623665,0.64491844,6.5714283],"to":[8.91951,7.5020614,9.428572],"rotation":{"angle":0.0,"axis":"y","origin":[-0.7947769,15.502062,7.714286]},"faces":{"east":{"uv":[0.0,8.25,0.625,9.75],"rotation":0,"texture":"#0","tintindex":0},"south":{"uv":[0.625,8.25,1.25,9.75],"rotation":0,"texture":"#0","tintindex":0},"north":{"uv":[6.125,8.125,6.75,9.625],"rotation":0,"texture":"#0","tintindex":0},"west":{"uv":[1.25,8.25,1.875,9.75],"rotation":0,"texture":"#0","tintindex":0},"up":{"uv":[6.875,12.375,6.25,11.75],"rotation":0,"texture":"#0","tintindex":0},"down":{"uv":[7.5,11.75,6.875,12.375],"rotation":0,"texture":"#0","tintindex":0}}},{"from":[5.4909377,6.5020614,6.0],"to":[9.776652,7.787776,10.0],"rotation":{"angle":0.0,"axis":"y","origin":[-0.7947769,15.502062,7.714286]},"faces":{"east":{"uv":[12.5,9.5,13.375,9.75],"rotation":0,"texture":"#0","tintindex":0},"south":{"uv":[12.375,1.5,13.375,1.75],"rotation":0,"texture":"#0","tintindex":0},"north":{"uv":[12.375,1.25,13.375,1.5],"rotation":0,"texture":"#0","tintindex":0},"west":{"uv":[12.5,9.75,13.375,10.0],"rotation":0,"texture":"#0","tintindex":0},"up":{"uv":[9.75,3.875,8.75,3.0],"rotation":0,"texture":"#0","tintindex":0},"down":{"uv":[9.75,3.875,8.75,4.75],"rotation":0,"texture":"#0","tintindex":0}}},{"from":[7.7766523,0.64491844,6.857143],"to":[9.91951,7.5020614,9.142858],"rotation":{"angle":-22.5,"axis":"z","origin":[9.205224,4.07349,8.0]},"faces":{"east":{"uv":[9.875,8.5,10.375,10.0],"rotation":0,"texture":"#0","tintindex":0},"south":{"uv":[9.875,10.0,10.375,11.5],"rotation":0,"texture":"#0","tintindex":0},"north":{"uv":[1.0,9.75,1.5,11.25],"rotation":0,"texture":"#0","tintindex":0},"west":{"uv":[10.25,0.75,10.75,2.25],"rotation":0,"texture":"#0","tintindex":0},"up":{"uv":[1.625,12.875,1.125,12.375],"rotation":0,"texture":"#0","tintindex":0},"down":{"uv":[2.875,12.375,2.375,12.875],"rotation":0,"texture":"#0","tintindex":0}}}],"display":{"head":{"translation":[0.0,-6.4,0.0],"scale":[4.0,4.0,4.0]}}}