{"textures":{"0":"modelengine:entity/star_guardian"},"elements":[{"from":[7.227586,1.4985952,6.1883116],"to":[10.084729,7.2128816,9.759741],"rotation":{"angle":0.0,"axis":"y","origin":[0.37044287,7.78431,7.6168833]},"faces":{"east":{"uv":[8.0,6.0,8.75,7.25],"rotation":0,"texture":"#0","tintindex":0},"south":{"uv":[5.375,9.375,6.0,10.625],"rotation":0,"texture":"#0","tintindex":0},"north":{"uv":[9.25,9.125,9.875,10.375],"rotation":0,"texture":"#0","tintindex":0},"west":{"uv":[5.375,8.125,6.125,9.375],"rotation":0,"texture":"#0","tintindex":0},"up":{"uv":[11.625,11.625,11.0,10.875],"rotation":0,"texture":"#0","tintindex":0},"down":{"uv":[6.25,11.125,5.625,11.875],"rotation":0,"texture":"#0","tintindex":0}}},{"from":[6.7990146,4.3557386,5.6168833],"to":[11.227587,7.927167,10.331169],"rotation":{"angle":22.5,"axis":"z","origin":[8.6561575,5.78431,7.974026]},"faces":{"east":{"uv":[9.75,2.25,10.75,3.0],"rotation":0,"texture":"#0","tintindex":0},"south":{"uv":[9.75,3.0,10.75,3.75],"rotation":0,"texture":"#0","tintindex":0},"north":{"uv":[9.625,5.5,10.625,6.25],"rotation":0,"texture":"#0","tintindex":0},"west":{"uv":[9.75,3.75,10.75,4.5],"rotation":0,"texture":"#0","tintindex":0},"up":{"uv":[2.0,8.25,1.0,7.25],"rotation":0,"texture":"#0","tintindex":0},"down":{"uv":[3.0,7.25,2.0,8.25],"rotation":0,"texture":"#0","tintindex":0}}},{"from":[6.7990146,0.49859524,5.9025974],"to":[11.084729,1.4985952,10.045455],"rotation":{"angle":0.0,"axis":"y","origin":[0.37044287,7.78431,7.6168833]},"faces":{"east":{"uv":[12.5,8.625,13.375,8.875],"rotation":0,"texture":"#0","tintindex":0},"south":{"uv":[12.375,1.0,13.375,1.25],"rotation":0,"texture":"#0","tintindex":0},"north":{"uv":[12.25,11.875,13.25,12.125],"rotation":0,"texture":"#0","tintindex":0},"west":{"uv":[12.5,9.25,13.375,9.5],"rotation":0,"texture":"#0","tintindex":0},"up":{"uv":[9.75,2.125,8.75,1.25],"rotation":0,"texture":"#0","tintindex":0},"down":{"uv":[9.75,2.125,8.75,3.0],"rotation":0,"texture":"#0","tintindex":0}}},{"from":[5.084729,7.4985957,5.3311687],"to":[10.084729,9.212881,10.759741],"rotation":{"angle":45.0,"axis":"z","origin":[8.6561575,8.498596,8.045455]},"faces":{"east":{"uv":[0.0,11.25,1.25,11.625],"rotation":0,"texture":"#0","tintindex":0},"south":{"uv":[11.5,6.5,12.625,6.875],"rotation":0,"texture":"#0","tintindex":0},"north":{"uv":[11.5,6.125,12.625,6.5],"rotation":0,"texture":"#0","tintindex":0},"west":{"uv":[11.25,8.625,12.5,9.0],"rotation":0,"texture":"#0","tintindex":0},"up":{"uv":[8.125,3.5,7.0,2.25],"rotation":0,"texture":"#0","tintindex":0},"down":{"uv":[8.125,3.5,7.0,4.75],"rotation":0,"texture":"#0","tintindex":0}}},{"from":[4.7990146,7.927167,5.0454545],"to":[10.6561575,8.78431,11.045455],"rotation":{"angle":45.0,"axis":"z","origin":[8.6561575,8.498596,8.045455]},"faces":{"east":{"uv":[11.875,4.625,13.25,4.875],"rotation":0,"texture":"#0","tintindex":0},"south":{"uv":[12.25,7.375,13.5,7.625],"rotation":0,"texture":"#0","tintindex":0},"north":{"uv":[12.125,7.125,13.375,7.375],"rotation":0,"texture":"#0","tintindex":0},"west":{"uv":[11.875,4.875,13.25,5.125],"rotation":0,"texture":"#0","tintindex":0},"up":{"uv":[7.0,6.875,5.75,5.5],"rotation":0,"texture":"#0","tintindex":0},"down":{"uv":[7.5,0.0,6.25,1.375],"rotation":0,"texture":"#0","tintindex":0}}},{"from":[8.941872,3.3557382,6.7597404],"to":[11.6561575,7.4985957,9.188312],"rotation":{"angle":-22.5,"axis":"z","origin":[11.1561575,4.641453,7.974026]},"faces":{"east":{"uv":[8.75,11.375,9.25,12.25],"rotation":0,"texture":"#0","tintindex":0},"south":{"uv":[10.375,10.875,11.0,11.75],"rotation":0,"texture":"#0","tintindex":0},"north":{"uv":[6.5,10.875,7.125,11.75],"rotation":0,"texture":"#0","tintindex":0},"west":{"uv":[9.25,11.375,9.75,12.25],"rotation":0,"texture":"#0","tintindex":0},"up":{"uv":[12.875,8.125,12.25,7.625],"rotation":0,"texture":"#0","tintindex":0},"down":{"uv":[12.875,8.125,12.25,8.625],"rotation":0,"texture":"#0","tintindex":0}}},{"from":[10.665145,7.0114045,7.1883116],"to":[12.665145,8.868547,8.75974],"rotation":{"angle":0.0,"axis":"y","origin":[12.022287,8.22569,7.974026]},"faces":{"east":{"uv":[6.875,13.125,7.25,13.5],"rotation":0,"texture":"#0","tintindex":0},"south":{"uv":[1.125,12.875,1.625,13.25],"rotation":0,"texture":"#0","tintindex":0},"north":{"uv":[12.875,0.375,13.375,0.75],"rotation":0,"texture":"#0","tintindex":0},"west":{"uv":[8.125,13.125,8.5,13.5],"rotation":0,"texture":"#0","tintindex":0},"up":{"uv":[2.625,13.25,2.125,12.875],"rotation":0,"texture":"#0","tintindex":0},"down":{"uv":[13.375,2.125,12.875,2.5],"rotation":0,"texture":"#0","tintindex":0}}},{"from":[10.950859,8.439976,7.3311687],"to":[12.379431,10.725691,8.616883],"rotation":{"angle":-45.0,"axis":"z","origin":[11.593716,8.511405,7.974026]},"faces":{"east":{"uv":[1.5,13.25,1.75,13.75],"rotation":0,"texture":"#0","tintindex":0},"south":{"uv":[12.875,3.0,13.25,3.5],"rotation":0,"texture":"#0","tintindex":0},"north":{"uv":[12.875,2.5,13.25,3.0],"rotation":0,"texture":"#0","tintindex":0},"west":{"uv":[13.25,2.75,13.5,3.25],"rotation":0,"texture":"#0","tintindex":0},"up":{"uv":[0.375,13.625,0.0,13.375],"rotation":0,"texture":"#0","tintindex":0},"down":{"uv":[13.75,0.0,13.375,0.25],"rotation":0,"texture":"#0","tintindex":0}}},{"from":[12.665145,9.297119,7.4740257],"to":[14.379431,10.439976,8.474026],"rotation":{"angle":0.0,"axis":"y","origin":[11.593716,8.511405,7.974026]},"faces":{"east":{"uv":[13.5,4.5,13.75,4.75],"rotation":0,"texture":"#0","tintindex":0},"south":{"uv":[13.375,0.5,13.75,0.75],"rotation":0,"texture":"#0","tintindex":0},"north":{"uv":[13.375,0.25,13.75,0.5],"rotation":0,"texture":"#0","tintindex":0},"west":{"uv":[4.75,13.5,5.0,13.75],"rotation":0,"texture":"#0","tintindex":0},"up":{"uv":[13.75,1.25,13.375,1.0],"rotation":0,"texture":"#0","tintindex":0},"down":{"uv":[13.75,1.25,13.375,1.5],"rotation":0,"texture":"#0","tintindex":0}}},{"from":[9.665145,0.86854696,7.1883116],"to":[11.665145,3.72569,8.75974],"rotation":{"angle":-22.5,"axis":"z","origin":[11.022287,3.0828328,7.974026]},"faces":{"east":{"uv":[3.625,12.375,4.0,13.0],"rotation":0,"texture":"#0","tintindex":0},"south":{"uv":[9.125,12.25,9.625,12.875],"rotation":0,"texture":"#0","tintindex":0},"north":{"uv":[8.625,12.25,9.125,12.875],"rotation":0,"texture":"#0","tintindex":0},"west":{"uv":[4.0,12.375,4.375,13.0],"rotation":0,"texture":"#0","tintindex":0},"up":{"uv":[13.375,4.25,12.875,3.875],"rotation":0,"texture":"#0","tintindex":0},"down":{"uv":[6.25,12.875,5.75,13.25],"rotation":0,"texture":"#0","tintindex":0}}},{"from":[10.665145,2.72569,7.3311687],"to":[12.522287,3.8685474,8.616883],"rotation":{"angle":22.5,"axis":"z","origin":[10.593716,3.368547,7.974026]},"faces":{"east":{"uv":[13.5,4.75,13.75,5.0],"rotation":0,"texture":"#0","tintindex":0},"south":{"uv":[1.75,13.375,2.125,13.625],"rotation":0,"texture":"#0","tintindex":0},"north":{"uv":[13.375,1.5,13.75,1.75],"rotation":0,"texture":"#0","tintindex":0},"west":{"uv":[5.0,13.5,5.25,13.75],"rotation":0,"texture":"#0","tintindex":0},"up":{"uv":[13.75,2.375,13.375,2.125],"rotation":0,"texture":"#0","tintindex":0},"down":{"uv":[13.75,3.75,13.375,4.0],"rotation":0,"texture":"#0","tintindex":0}}},{"from":[12.093716,3.2971182,7.4740257],"to":[13.808002,4.1542616,8.474026],"rotation":{"angle":0.0,"axis":"y","origin":[10.593716,3.368547,7.974026]},"faces":{"east":{"uv":[5.25,13.5,5.5,13.75],"rotation":0,"texture":"#0","tintindex":0},"south":{"uv":[13.375,4.0,13.75,4.25],"rotation":0,"texture":"#0","tintindex":0},"north":{"uv":[3.875,13.375,4.25,13.625],"rotation":0,"texture":"#0","tintindex":0},"west":{"uv":[5.5,13.5,5.75,13.75],"rotation":0,"texture":"#0","tintindex":0},"up":{"uv":[13.75,7.125,13.375,6.875],"rotation":0,"texture":"#0","tintindex":0},"down":{"uv":[13.75,7.125,13.375,7.375],"rotation":0,"texture":"#0","tintindex":0}}}],"display":{"head":{"translation":[0.0,-6.4,0.0],"scale":[4.0,4.0,4.0]}}}