{"textures":{"0":"modelengine:entity/skull_warrior"},"elements":[{"name":"cube","from":[5.99072,6.4242344,4.186454],"to":[10.009279,8.433514,8.205014],"rotation":{"angle":0.0,"axis":"x","origin":[8.4912405,8.816925,5.127918]},"faces":{"down":{"uv":[5.985,7.765,5.015,8.735],"rotation":0,"texture":"#0","tintindex":0},"east":{"uv":[8.015,9.765,8.985,10.235],"rotation":0,"texture":"#0","tintindex":0},"north":{"uv":[4.515,9.765,5.485,10.235],"rotation":0,"texture":"#0","tintindex":0},"south":{"uv":[9.265,9.765,10.235,10.235],"rotation":0,"texture":"#0","tintindex":0},"up":{"uv":[8.485,5.735,7.515,4.765],"rotation":0,"texture":"#0","tintindex":0},"west":{"uv":[0.015,10.015,0.985,10.485],"rotation":0,"texture":"#0","tintindex":0}}},{"name":"cube","from":[4.9860797,8.433514,4.186454],"to":[11.01392,12.452075,10.214294],"rotation":{"angle":0.0,"axis":"x","origin":[8.4912405,8.816925,5.127918]},"faces":{"down":{"uv":[5.485,0.015,4.015,1.485],"rotation":0,"texture":"#0","tintindex":0},"east":{"uv":[5.765,3.015,7.235,3.985],"rotation":0,"texture":"#0","tintindex":0},"north":{"uv":[5.765,0.015,7.235,0.985],"rotation":0,"texture":"#0","tintindex":0},"south":{"uv":[5.765,4.265,7.235,5.235],"rotation":0,"texture":"#0","tintindex":0},"up":{"uv":[1.485,5.485,0.015,4.015],"rotation":0,"texture":"#0","tintindex":0},"west":{"uv":[5.765,5.515,7.235,6.485],"rotation":0,"texture":"#0","tintindex":0}}},{"name":"cube","from":[4.48376,11.447435,3.6841335],"to":[11.51624,13.456715,10.716614],"rotation":{"angle":0.0,"axis":"x","origin":[8.4912405,8.816925,5.127918]},"faces":{"down":{"uv":[1.735,2.015,0.015,3.735],"rotation":0,"texture":"#0","tintindex":0},"east":{"uv":[8.765,8.265,10.485,8.735],"rotation":0,"texture":"#0","tintindex":0},"north":{"uv":[8.765,7.515,10.485,7.985],"rotation":0,"texture":"#0","tintindex":0},"south":{"uv":[9.015,0.015,10.735,0.485],"rotation":0,"texture":"#0","tintindex":0},"up":{"uv":[1.735,1.735,0.015,0.015],"rotation":0,"texture":"#0","tintindex":0},"west":{"uv":[9.015,2.015,10.735,2.485],"rotation":0,"texture":"#0","tintindex":0}}},{"name":"cube","from":[5.4883995,13.456715,4.6887736],"to":[10.5116005,14.461355,9.711975],"rotation":{"angle":0.0,"axis":"x","origin":[8.4912405,8.816925,5.127918]},"faces":{"down":{"uv":[5.485,4.515,4.265,5.735],"rotation":0,"texture":"#0","tintindex":0},"east":{"uv":[10.765,4.765,11.985,4.985],"rotation":0,"texture":"#0","tintindex":0},"north":{"uv":[10.515,1.265,11.735,1.485],"rotation":0,"texture":"#0","tintindex":0},"south":{"uv":[5.265,10.765,6.485,10.985],"rotation":0,"texture":"#0","tintindex":0},"up":{"uv":[5.485,4.235,4.265,3.015],"rotation":0,"texture":"#0","tintindex":0},"west":{"uv":[10.765,6.515,11.985,6.735],"rotation":0,"texture":"#0","tintindex":0}}},{"name":"cube","from":[4.48376,8.433514,8.205014],"to":[11.51624,11.447435,11.218934],"rotation":{"angle":0.0,"axis":"x","origin":[8.4912405,8.816925,5.127918]},"faces":{"down":{"uv":[3.235,7.015,1.515,7.735],"rotation":0,"texture":"#0","tintindex":0},"east":{"uv":[9.515,5.515,10.235,6.235],"rotation":0,"texture":"#0","tintindex":0},"north":{"uv":[3.265,6.015,4.985,6.735],"rotation":0,"texture":"#0","tintindex":0},"south":{"uv":[6.515,1.265,8.235,1.985],"rotation":0,"texture":"#0","tintindex":0},"up":{"uv":[6.985,7.485,5.265,6.765],"rotation":0,"texture":"#0","tintindex":0},"west":{"uv":[3.515,9.765,4.235,10.485],"rotation":0,"texture":"#0","tintindex":0}}},{"name":"cube","from":[7.4976797,9.438154,3.6841335],"to":[8.50232,11.447435,4.6887736],"rotation":{"angle":0.0,"axis":"x","origin":[8.4912405,8.816925,5.127918]},"faces":{"down":{"uv":[13.485,5.265,13.265,5.485],"rotation":0,"texture":"#0","tintindex":0},"east":{"uv":[12.765,12.015,12.985,12.485],"rotation":0,"texture":"#0","tintindex":0},"north":{"uv":[11.765,12.765,11.985,13.235],"rotation":0,"texture":"#0","tintindex":0},"south":{"uv":[12.265,12.765,12.485,13.235],"rotation":0,"texture":"#0","tintindex":0},"up":{"uv":[5.485,13.485,5.265,13.265],"rotation":0,"texture":"#0","tintindex":0},"west":{"uv":[12.765,12.765,12.985,13.235],"rotation":0,"texture":"#0","tintindex":0}}},{"name":"cube","from":[2.9665976,7.2423444,8.7073345],"to":[4.975878,9.251625,10.716614],"rotation":{"angle":-22.5,"axis":"z","origin":[8.4912405,8.816925,5.127918]},"faces":{"down":{"uv":[11.485,10.765,11.015,11.235],"rotation":0,"texture":"#0","tintindex":0},"east":{"uv":[11.015,2.515,11.485,2.985],"rotation":0,"texture":"#0","tintindex":0},"north":{"uv":[11.015,1.765,11.485,2.235],"rotation":0,"texture":"#0","tintindex":0},"south":{"uv":[11.015,3.265,11.485,3.735],"rotation":0,"texture":"#0","tintindex":0},"up":{"uv":[7.235,11.485,6.765,11.015],"rotation":0,"texture":"#0","tintindex":0},"west":{"uv":[11.015,4.015,11.485,4.485],"rotation":0,"texture":"#0","tintindex":0}}},{"name":"cube","from":[3.8014095,11.965235,9.285002],"to":[4.8060493,14.476834,10.289642],"rotation":{"angle":22.5,"axis":"z","origin":[8.4912405,8.816925,5.127918]},"faces":{"down":{"uv":[13.485,5.765,13.265,5.985],"rotation":0,"texture":"#0","tintindex":0},"east":{"uv":[9.765,12.265,9.985,12.875],"rotation":0,"texture":"#0","tintindex":0},"north":{"uv":[9.265,12.265,9.485,12.875],"rotation":0,"texture":"#0","tintindex":0},"south":{"uv":[10.265,12.265,10.485,12.875],"rotation":0,"texture":"#0","tintindex":0},"up":{"uv":[5.985,13.485,5.765,13.265],"rotation":0,"texture":"#0","tintindex":0},"west":{"uv":[10.765,12.265,10.985,12.875],"rotation":0,"texture":"#0","tintindex":0}}},{"name":"cube","from":[6.9953594,14.461355,6.6980534],"to":[9.004641,15.465996,8.7073345],"rotation":{"angle":0.0,"axis":"x","origin":[8.4912405,8.816925,5.127918]},"faces":{"down":{"uv":[8.735,11.515,8.265,11.985],"rotation":0,"texture":"#0","tintindex":0},"east":{"uv":[8.765,5.515,9.235,5.735],"rotation":0,"texture":"#0","tintindex":0},"north":{"uv":[5.765,1.265,6.235,1.485],"rotation":0,"texture":"#0","tintindex":0},"south":{"uv":[8.015,9.265,8.485,9.485],"rotation":0,"texture":"#0","tintindex":0},"up":{"uv":[7.985,11.985,7.515,11.515],"rotation":0,"texture":"#0","tintindex":0},"west":{"uv":[11.265,6.015,11.735,6.235],"rotation":0,"texture":"#0","tintindex":0}}},{"name":"cube","from":[7.4976797,15.465996,7.2003736],"to":[8.50232,17.475277,8.205014],"rotation":{"angle":0.0,"axis":"x","origin":[8.4912405,8.816925,5.127918]},"faces":{"down":{"uv":[8.985,13.265,8.765,13.485],"rotation":0,"texture":"#0","tintindex":0},"east":{"uv":[13.015,1.765,13.235,2.235],"rotation":0,"texture":"#0","tintindex":0},"north":{"uv":[13.015,0.015,13.235,0.485],"rotation":0,"texture":"#0","tintindex":0},"south":{"uv":[3.765,13.015,3.985,13.485],"rotation":0,"texture":"#0","tintindex":0},"up":{"uv":[8.485,13.485,8.265,13.265],"rotation":0,"texture":"#0","tintindex":0},"west":{"uv":[4.265,13.015,4.485,13.485],"rotation":0,"texture":"#0","tintindex":0}}},{"name":"cube","from":[4.48376,7.4288745,8.7073345],"to":[11.51624,8.433514,10.716614],"rotation":{"angle":0.0,"axis":"x","origin":[8.4912405,8.816925,5.127918]},"faces":{"down":{"uv":[7.735,9.265,6.015,9.735],"rotation":0,"texture":"#0","tintindex":0},"east":{"uv":[12.515,4.265,12.985,4.485],"rotation":0,"texture":"#0","tintindex":0},"north":{"uv":[9.015,0.765,10.735,0.985],"rotation":0,"texture":"#0","tintindex":0},"south":{"uv":[9.015,4.265,10.735,4.485],"rotation":0,"texture":"#0","tintindex":0},"up":{"uv":[1.735,9.735,0.015,9.265],"rotation":0,"texture":"#0","tintindex":0},"west":{"uv":[12.515,6.015,12.985,6.235],"rotation":0,"texture":"#0","tintindex":0}}},{"name":"cube","from":[4.471202,11.988158,4.4175158],"to":[11.528798,13.997439,6.426796],"rotation":{"angle":45.0,"axis":"x","origin":[8.4912405,8.816925,5.127918]},"faces":{"down":{"uv":[10.485,6.765,8.765,7.235],"rotation":0,"texture":"#0","tintindex":0},"east":{"uv":[10.265,10.765,10.735,11.235],"rotation":0,"texture":"#0","tintindex":0},"north":{"uv":[7.515,6.015,9.235,6.485],"rotation":0,"texture":"#0","tintindex":0},"south":{"uv":[8.515,1.265,10.235,1.735],"rotation":0,"texture":"#0",