{"textures":{"0":"modelengine:entity/skull_warrior"},"elements":[{"from":[6.0864,6.4992704,4.368051],"to":[9.9136,8.41287,8.195251],"rotation":{"angle":0.0,"axis":"y","origin":[8.467848,8.778023,5.2646837]},"faces":{"east":{"uv":[8.015,9.765,8.985,10.235],"rotation":0,"texture":"#0","tintindex":0},"south":{"uv":[9.265,9.765,10.235,10.235],"rotation":0,"texture":"#0","tintindex":0},"north":{"uv":[4.515,9.765,5.485,10.235],"rotation":0,"texture":"#0","tintindex":0},"west":{"uv":[0.015,10.015,0.985,10.485],"rotation":0,"texture":"#0","tintindex":0},"up":{"uv":[8.485,5.735,7.515,4.765],"rotation":0,"texture":"#0","tintindex":0},"down":{"uv":[5.985,7.765,5.015,8.735],"rotation":0,"texture":"#0","tintindex":0}}},{"from":[5.1295996,8.41287,4.368051],"to":[10.8704,12.24007,10.108851],"rotation":{"angle":0.0,"axis":"y","origin":[8.467848,8.778023,5.2646837]},"faces":{"east":{"uv":[5.765,3.015,7.235,3.985],"rotation":0,"texture":"#0","tintindex":0},"south":{"uv":[5.765,4.265,7.235,5.235],"rotation":0,"texture":"#0","tintindex":0},"north":{"uv":[5.765,0.015,7.235,0.985],"rotation":0,"texture":"#0","tintindex":0},"west":{"uv":[5.765,5.515,7.235,6.485],"rotation":0,"texture":"#0","tintindex":0},"up":{"uv":[1.485,5.485,0.015,4.015],"rotation":0,"texture":"#0","tintindex":0},"down":{"uv":[5.485,0.015,4.015,1.485],"rotation":0,"texture":"#0","tintindex":0}}},{"from":[4.6512,11.283271,3.8896513],"to":[11.348801,13.196871,10.587252],"rotation":{"angle":0.0,"axis":"y","origin":[8.467848,8.778023,5.2646837]},"faces":{"east":{"uv":[8.765,8.265,10.485,8.735],"rotation":0,"texture":"#0","tintindex":0},"south":{"uv":[9.015,0.015,10.735,0.485],"rotation":0,"texture":"#0","tintindex":0},"north":{"uv":[8.765,7.515,10.485,7.985],"rotation":0,"texture":"#0","tintindex":0},"west":{"uv":[9.015,2.015,10.735,2.485],"rotation":0,"texture":"#0","tintindex":0},"up":{"uv":[1.735,1.735,0.015,0.015],"rotation":0,"texture":"#0","tintindex":0},"down":{"uv":[1.735,2.015,0.015,3.735],"rotation":0,"texture":"#0","tintindex":0}}},{"from":[5.608,13.196871,4.8464513],"to":[10.392,14.153671,9.630451],"rotation":{"angle":0.0,"axis":"y","origin":[8.467848,8.778023,5.2646837]},"faces":{"east":{"uv":[10.765,4.765,11.985,4.985],"rotation":0,"texture":"#0","tintindex":0},"south":{"uv":[5.265,10.765,6.485,10.985],"rotation":0,"texture":"#0","tintindex":0},"north":{"uv":[10.515,1.265,11.735,1.485],"rotation":0,"texture":"#0","tintindex":0},"west":{"uv":[10.765,6.515,11.985,6.735],"rotation":0,"texture":"#0","tintindex":0},"up":{"uv":[5.485,4.235,4.265,3.015],"rotation":0,"texture":"#0","tintindex":0},"down":{"uv":[5.485,4.515,4.265,5.735],"rotation":0,"texture":"#0","tintindex":0}}},{"from":[4.6512,8.41287,8.195251],"to":[11.348801,11.283271,11.065651],"rotation":{"angle":0.0,"axis":"y","origin":[8.467848,8.778023,5.2646837]},"faces":{"east":{"uv":[9.515,5.515,10.235,6.235],"rotation":0,"texture":"#0","tintindex":0},"south":{"uv":[6.515,1.265,8.235,1.985],"rotation":0,"texture":"#0","tintindex":0},"north":{"uv":[3.265,6.015,4.985,6.735],"rotation":0,"texture":"#0","tintindex":0},"west":{"uv":[3.515,9.765,4.235,10.485],"rotation":0,"texture":"#0","tintindex":0},"up":{"uv":[6.985,7.485,5.265,6.765],"rotation":0,"texture":"#0","tintindex":0},"down":{"uv":[3.235,7.015,1.515,7.735],"rotation":0,"texture":"#0","tintindex":0}}},{"from":[7.5216,9.369671,3.8896513],"to":[8.4784,11.283271,4.8464513],"rotation":{"angle":0.0,"axis":"y","origin":[8.467848,8.778023,5.2646837]},"faces":{"east":{"uv":[12.765,12.015,12.985,12.485],"rotation":0,"texture":"#0","tintindex":0},"south":{"uv":[12.265,12.765,12.485,13.235],"rotation":0,"texture":"#0","tintindex":0},"north":{"uv":[11.765,12.765,11.985,13.235],"rotation":0,"texture":"#0","tintindex":0},"west":{"uv":[12.765,12.765,12.985,13.235],"rotation":0,"texture":"#0","tintindex":0},"up":{"uv":[5.485,13.485,5.265,13.265],"rotation":0,"texture":"#0","tintindex":0},"down":{"uv":[13.485,5.265,13.265,5.485],"rotation":0,"texture":"#0","tintindex":0}}},{"from":[3.2062836,7.278423,8.673652],"to":[5.1198835,9.192023,10.587252],"rotation":{"angle":-22.5,"axis":"z","origin":[8.467848,8.778023,5.2646837]},"faces":{"east":{"uv":[11.015,2.515,11.485,2.985],"rotation":0,"texture":"#0","tintindex":0},"south":{"uv":[11.015,3.265,11.485,3.735],"rotation":0,"texture":"#0","tintindex":0},"north":{"uv":[11.015,1.765,11.485,2.235],"rotation":0,"texture":"#0","tintindex":0},"west":{"uv":[11.015,4.015,11.485,4.485],"rotation":0,"texture":"#0","tintindex":0},"up":{"uv":[7.235,11.485,6.765,11.015],"rotation":0,"texture":"#0","tintindex":0},"down":{"uv":[11.485,10.765,11.015,11.235],"rotation":0,"texture":"#0","tintindex":0}}},{"from":[4.0013423,11.776414,9.223811],"to":[4.9581423,14.168413,10.180612],"rotation":{"angle":22.5,"axis":"z","origin":[8.467848,8.778023,5.2646837]},"faces":{"east":{"uv":[9.765,12.265,9.985,12.875],"rotation":0,"texture":"#0","tintindex":0},"south":{"uv":[10.265,12.265,10.485,12.875],"rotation":0,"texture":"#0","tintindex":0},"north":{"uv":[9.265,12.265,9.485,12.875],"rotation":0,"texture":"#0","tintindex":0},"west":{"uv":[10.765,12.265,10.985,12.875],"rotation":0,"texture":"#0","tintindex":0},"up":{"uv":[5.985,13.485,5.765,13.265],"rotation":0,"texture":"#0","tintindex":0},"down":{"uv":[13.485,5.765,13.265,5.985],"rotation":0,"texture":"#0","tintindex":0}}},{"from":[7.0432,14.153671,6.7600513],"to":[8.9568,15.110472,8.673652],"rotation":{"angle":0.0,"axis":"y","origin":[8.467848,8.778023,5.2646837]},"faces":{"east":{"uv":[8.765,5.515,9.235,5.735],"rotation":0,"texture":"#0","tintindex":0},"south":{"uv":[8.015,9.265,8.485,9.485],"rotation":0,"texture":"#0","tintindex":0},"north":{"uv":[5.765,1.265,6.235,1.485],"rotation":0,"texture":"#0","tintindex":0},"west":{"uv":[11.265,6.015,11.735,6.235],"rotation":0,"texture":"#0","tintindex":0},"up":{"uv":[7.985,11.985,7.515,11.515],"rotation":0,"texture":"#0","tintindex":0},"down":{"uv":[8.735,11.515,8.265,11.985],"rotation":0,"texture":"#0","tintindex":0}}},{"from":[7.5216,15.110472,7.238451],"to":[8.4784,17.02407,8.195251],"rotation":{"angle":0.0,"axis":"y","origin":[8.467848,8.778023,5.2646837]},"faces":{"east":{"uv":[13.015,1.765,13.235,2.235],"rotation":0,"texture":"#0","tintindex":0},"south":{"uv":[3.765,13.015,3.985,13.485],"rotation":0,"texture":"#0","tintindex":0},"north":{"uv":[13.015,0.015,13.235,0.485],"rotation":0,"texture":"#0","tintindex":0},"west":{"uv":[4.265,13.015,4.485,13.485],"rotation":0,"texture":"#0","tintindex":0},"up":{"uv":[8.485,13.485,8.265,13.265],"rotation":0,"texture":"#0","tintindex":0},"down":{"uv":[8.985,13.265,8.765,13.485],"rotation":0,"texture":"#0","tintindex":0}}},{"from":[4.6512,7.456071,8.673652],"to":[11.348801,8.41287,10.587252],"rotation":{"angle":0.0,"axis":"y","origin":[8.467848,8.778023,5.2646837]},"faces":{"east":{"uv":[12.515,4.265,12.985,4.485],"rotation":0,"texture":"#0","tintindex":0},"south":{"uv":[9.015,4.265,10.735,4.485],"rotation":0,"texture":"#0","tintindex":0},"north":{"uv":[9.015,0.765,10.735,0.985],"rotation":0,"texture":"#0","tintindex":0},"west":{"uv":[12.515,6.015,12.985,6.235],"rotation":0,"texture":"#0","tintindex":0},"up":{"uv":[1.735,9.735,0.015,9.265],"rotation":0,"texture":"#0","tintindex":0},"down":{"uv":[7.735,9.265,6.015,9.735],"rotation":0,"texture":"#0","tintindex":0}}},{"from":[4.63924,11.798245,4.58811],"to":[11.36076,13.711845,6.50171],"rotation":{"angle":45.0,"axis":"x","origin":[8.467848,8.778023,5.2646837]},"faces":{"east":{"uv":[10.265,10.765,10.735,11.235],"rotation":0,"texture":"#0","tintindex":0},"south":{"uv":[8.515,1.265,10.235,1.735],"rotation":0,"texture":"#0","tintindex":0},"north":{"uv":[7.515,6.015,9.235,6.485],"rotation":0,"texture":"#0","tintindex":0},"west":{"uv":[11.015,0.015,11.485,0.485],"rotation":0,"texture":"#0","tintindex":0},"up":{"uv":[10.485,5.235,8.765,4.765],"rotation":0,"texture":"#0","tintindex":0},"down":{"uv":[10.485,6.765,8.765,7.235],"rotation":0,"texture":"#0","tintindex":0}}},{"from":[11.113083,11.418338,9.223811],