{"textures":{"0":"modelengine:entity/skull_warrior"},"elements":[{"name":"cube","from":[6.9953594,7.9843483,8.814709],"to":[9.004641,9.9936285,10.823989],"rotation":{"angle":22.5,"axis":"x","origin":[9.998201,13.646344,4.4986496]},"faces":{"down":{"uv":[12.235,0.015,11.765,0.485],"rotation":0,"texture":"#0","tintindex":0},"east":{"uv":[9.765,11.515,10.235,11.985],"rotation":0,"texture":"#0","tintindex":0},"north":{"uv":[9.015,11.515,9.485,11.985],"rotation":0,"texture":"#0","tintindex":0},"south":{"uv":[10.515,11.515,10.985,11.985],"rotation":0,"texture":"#0","tintindex":0},"up":{"uv":[0.485,12.235,0.015,11.765],"rotation":0,"texture":"#0","tintindex":0},"west":{"uv":[11.265,11.515,11.735,11.985],"rotation":0,"texture":"#0","tintindex":0}}}],"display":{"head":{"translation":[0.0,-6.4,0.0],"rotation":[0.0,0.0,0.0],"scale":[3.8095,3.8095,3.8095]}}}