{"textures":{"0":"modelengine:entity/skull_warrior"},"elements":[{"name":"cube","from":[9.119213,4.6305294,7.2744265],"to":[10.626173,6.6398096,8.781386],"rotation":{"angle":-22.5,"axis":"z","origin":[12.356906,12.119082,6.149255]},"faces":{"down":{"uv":[6.875,12.515,6.515,12.875],"rotation":0,"texture":"#0","tintindex":0},"east":{"uv":[12.015,11.265,12.375,11.735],"rotation":0,"texture":"#0","tintindex":0},"north":{"uv":[12.015,9.765,12.375,10.235],"rotation":0,"texture":"#0","tintindex":0},"south":{"uv":[12.015,12.015,12.375,12.485],"rotation":0,"texture":"#0","tintindex":0},"up":{"uv":[12.875,5.625,12.515,5.265],"rotation":0,"texture":"#0","tintindex":0},"west":{"uv":[4.265,12.265,4.625,12.735],"rotation":0,"texture":"#0","tintindex":0}}}],"display":{"head":{"translation":[0.0,-6.4,0.0],"rotation":[0.0,0.0,0.0],"scale":[3.8095,3.8095,3.8095]}}}