{"textures":{"0":"modelengine:entity/skull_warrior"},"elements":[{"name":"cube","from":[7.803803,4.280298,6.817065],"to":[9.813084,7.294219,8.8263445],"rotation":{"angle":-22.5,"axis":"z","origin":[11.292655,9.759571,5.9430532]},"faces":{"down":{"uv":[1.985,11.015,1.515,11.485],"rotation":0,"texture":"#0","tintindex":0},"east":{"uv":[10.515,5.515,10.985,6.235],"rotation":0,"texture":"#0","tintindex":0},"north":{"uv":[4.515,10.515,4.985,11.235],"rotation":0,"texture":"#0","tintindex":0},"south":{"uv":[8.015,10.515,8.485,11.235],"rotation":0,"texture":"#0","tintindex":0},"up":{"uv":[1.235,11.485,0.765,11.015],"rotation":0,"texture":"#0","tintindex":0},"west":{"uv":[8.765,10.515,9.235,11.235],"rotation":0,"texture":"#0","tintindex":0}}},{"name":"cube","from":[8.819616,4.615806,6.5659046],"to":[9.824257,6.625086,9.077505],"rotation":{"angle":-45.0,"axis":"z","origin":[11.292655,9.759571,5.9430532]},"faces":{"down":{"uv":[1.735,12.515,1.515,13.125],"rotation":0,"texture":"#0","tintindex":0},"east":{"uv":[3.265,5.265,3.875,5.735],"rotation":0,"texture":"#0","tintindex":0},"north":{"uv":[13.015,6.515,13.235,6.985],"rotation":0,"texture":"#0","tintindex":0},"south":{"uv":[7.265,13.015,7.485,13.485],"rotation":0,"texture":"#0","tintindex":0},"up":{"uv":[1.235,13.125,1.015,12.515],"rotation":0,"texture":"#0","tintindex":0},"west":{"uv":[6.515,2.265,7.125,2.735],"rotation":0,"texture":"#0","tintindex":0}}}],"display":{"head":{"translation":[0.0,-6.4,0.0],"rotation":[0.0,0.0,0.0],"scale":[3.8095,3.8095,3.8095]}}}