{"textures":{"0":"modelengine:entity/skull_warrior"},"elements":[{"from":[7.0432,7.9850936,8.775913],"to":[8.9568,9.898694,10.689513],"rotation":{"angle":22.5,"axis":"x","origin":[6.0969515,13.377471,4.6653805]},"faces":{"east":{"uv":[11.735,11.515,11.265,11.985],"rotation":0,"texture":"#0","tintindex":0},"south":{"uv":[10.985,11.515,10.515,11.985],"rotation":0,"texture":"#0","tintindex":0},"north":{"uv":[9.485,11.515,9.015,11.985],"rotation":0,"texture":"#0","tintindex":0},"west":{"uv":[10.235,11.515,9.765,11.985],"rotation":0,"texture":"#0","tintindex":0},"up":{"uv":[0.015,12.235,0.485,11.765],"rotation":0,"texture":"#0","tintindex":0},"down":{"uv":[11.765,0.015,12.235,0.485],"rotation":0,"texture":"#0","tintindex":0}}}],"display":{"head":{"translation":[0.0,-6.4,0.0],"scale":[4.0,4.0,4.0]}}}