{"textures":{"0":"modelengine:entity/skull_warrior"},"elements":[{"name":"cube","from":[6.411268,5.195237,6.7441998],"to":[7.4159083,7.2045174,9.2558],"rotation":{"angle":45.0,"axis":"z","origin":[5.637589,9.644283,6.1213484]},"faces":{"down":{"uv":[1.515,12.515,1.735,13.125],"rotation":0,"texture":"#0","tintindex":0},"east":{"uv":[7.125,2.265,6.515,2.735],"rotation":0,"texture":"#0","tintindex":0},"north":{"uv":[13.235,6.515,13.015,6.985],"rotation":0,"texture":"#0","tintindex":0},"south":{"uv":[7.485,13.015,7.265,13.485],"rotation":0,"texture":"#0","tintindex":0},"up":{"uv":[1.015,13.125,1.235,12.515],"rotation":0,"texture":"#0","tintindex":0},"west":{"uv":[3.875,5.265,3.265,5.735],"rotation":0,"texture":"#0","tintindex":0}}},{"name":"cube","from":[6.209467,4.54099,6.9953604],"to":[8.218747,7.55491,9.004641],"rotation":{"angle":22.5,"axis":"z","origin":[5.637589,9.644283,6.1213484]},"faces":{"down":{"uv":[1.515,11.015,1.985,11.485],"rotation":0,"texture":"#0","tintindex":0},"east":{"uv":[9.235,10.515,8.765,11.235],"rotation":0,"texture":"#0","tintindex":0},"north":{"uv":[4.985,10.515,4.515,11.235],"rotation":0,"texture":"#0","tintindex":0},"south":{"uv":[8.485,10.515,8.015,11.235],"rotation":0,"texture":"#0","tintindex":0},"up":{"uv":[0.765,11.485,1.235,11.015],"rotation":0,"texture":"#0","tintindex":0},"west":{"uv":[10.985,5.515,10.515,6.235],"rotation":0,"texture":"#0","tintindex":0}}}],"display":{"head":{"translation":[0.0,-6.4,0.0],"rotation":[0.0,0.0,0.0],"scale":[3.8095,3.8095,3.8095]}}}