{"textures":{"0":"modelengine:entity/skull_warrior"},"elements":[{"name":"cube","from":[7.4976797,6.39536,7.4976797],"to":[8.50232,8.40464,8.50232],"rotation":{"angle":0.0,"axis":"x","origin":[6.0017996,15.05371,5.3306913]},"faces":{"down":{"uv":[3.015,11.265,3.235,11.485],"rotation":0,"texture":"#0","tintindex":0},"east":{"uv":[12.985,11.265,12.765,11.735],"rotation":0,"texture":"#0","tintindex":0},"north":{"uv":[5.485,6.015,5.265,6.485],"rotation":0,"texture":"#0","tintindex":0},"south":{"uv":[12.985,9.515,12.765,9.985],"rotation":0,"texture":"#0","tintindex":0},"up":{"uv":[7.515,11.235,7.735,11.015],"rotation":0,"texture":"#0","tintindex":0},"west":{"uv":[3.485,12.515,3.265,12.985],"rotation":0,"texture":"#0","tintindex":0}}}],"display":{"head":{"translation":[0.0,-6.4,0.0],"rotation":[0.0,0.0,0.0],"scale":[3.8095,3.8095,3.8095]}}}