{"textures":{"0":"modelengine:entity/skull_warrior"},"elements":[{"from":[6.95622,4.273552,6.0864],"to":[7.91302,8.100752,9.9136],"rotation":{"angle":22.5,"axis":"z","origin":[4.7371745,11.765032,6.2108083]},"faces":{"east":{"uv":[7.515,8.015,8.485,8.985],"rotation":0,"texture":"#0","tintindex":0},"south":{"uv":[2.265,12.015,2.485,12.985],"rotation":0,"texture":"#0","tintindex":0},"north":{"uv":[3.765,11.765,3.985,12.735],"rotation":0,"texture":"#0","tintindex":0},"west":{"uv":[2.765,8.265,3.735,9.235],"rotation":0,"texture":"#0","tintindex":0},"up":{"uv":[5.235,12.985,5.015,12.015],"rotation":0,"texture":"#0","tintindex":0},"down":{"uv":[12.235,5.265,12.015,6.235],"rotation":0,"texture":"#0","tintindex":0}}},{"from":[5.04262,5.708752,6.804],"to":[7.4346204,6.665552,9.196],"rotation":{"angle":22.5,"axis":"z","origin":[4.7371745,11.765032,6.2108083]},"faces":{"east":{"uv":[12.515,2.765,13.125,2.985],"rotation":0,"texture":"#0","tintindex":0},"south":{"uv":[12.515,3.265,13.125,3.485],"rotation":0,"texture":"#0","tintindex":0},"north":{"uv":[12.265,4.765,12.875,4.985],"rotation":0,"texture":"#0","tintindex":0},"west":{"uv":[12.515,3.765,13.125,3.985],"rotation":0,"texture":"#0","tintindex":0},"up":{"uv":[7.625,10.625,7.015,10.015],"rotation":0,"texture":"#0","tintindex":0},"down":{"uv":[3.125,10.265,2.515,10.875],"rotation":0,"texture":"#0","tintindex":0}}},{"from":[7.91302,5.230352,7.0432],"to":[8.39142,7.1439524,8.9568],"rotation":{"angle":22.5,"axis":"z","origin":[4.7371745,11.765032,6.2108083]},"faces":{"east":{"uv":[11.765,9.015,12.235,9.485],"rotation":0,"texture":"#0","tintindex":0},"south":{"uv":[10.265,13.265,10.375,13.735],"rotation":0,"texture":"#0","tintindex":0},"north":{"uv":[13.265,9.765,13.375,10.235],"rotation":0,"texture":"#0","tintindex":0},"west":{"uv":[11.765,10.515,12.235,10.985],"rotation":0,"texture":"#0","tintindex":0},"up":{"uv":[13.375,10.985,13.265,10.515],"rotation":0,"texture":"#0","tintindex":0},"down":{"uv":[10.875,13.265,10.765,13.735],"rotation":0,"texture":"#0","tintindex":0}}},{"from":[5.52102,4.991152,7.2824],"to":[6.95622,6.904752,8.7176],"rotation":{"angle":22.5,"axis":"z","origin":[4.7371745,11.765032,6.2108083]},"faces":{"east":{"uv":[4.625,12.265,4.265,12.735],"rotation":0,"texture":"#0","tintindex":0},"south":{"uv":[12.375,12.015,12.015,12.485],"rotation":0,"texture":"#0","tintindex":0},"north":{"uv":[12.375,9.765,12.015,10.235],"rotation":0,"texture":"#0","tintindex":0},"west":{"uv":[12.375,11.265,12.015,11.735],"rotation":0,"texture":"#0","tintindex":0},"up":{"uv":[12.515,5.625,12.875,5.265],"rotation":0,"texture":"#0","tintindex":0},"down":{"uv":[6.515,12.515,6.875,12.875],"rotation":0,"texture":"#0","tintindex":0}}}],"display":{"head":{"translation":[0.0,-6.4,0.0],"scale":[4.0,4.0,4.0]}}}