{"textures":{"0":"modelengine:entity/skull_warrior"},"elements":[{"from":[7.5216,6.4717712,7.5216],"to":[8.4784,8.385371,8.4784],"rotation":{"angle":0.0,"axis":"y","origin":[6.0969515,14.717819,5.457801]},"faces":{"east":{"uv":[12.985,11.265,12.765,11.735],"rotation":0,"texture":"#0","tintindex":0},"south":{"uv":[12.985,9.515,12.765,9.985],"rotation":0,"texture":"#0","tintindex":0},"north":{"uv":[5.485,6.015,5.265,6.485],"rotation":0,"texture":"#0","tintindex":0},"west":{"uv":[3.485,12.515,3.265,12.985],"rotation":0,"texture":"#0","tintindex":0},"up":{"uv":[7.515,11.235,7.735,11.015],"rotation":0,"texture":"#0","tintindex":0},"down":{"uv":[3.015,11.265,3.235,11.485],"rotation":0,"texture":"#0","tintindex":0}}}],"display":{"head":{"translation":[0.0,-6.4,0.0],"scale":[4.0,4.0,4.0]}}}