{"textures":{"0":"modelengine:entity/skull_warrior"},"elements":[{"name":"cube","from":[6.9040313,4.0872297,5.99072],"to":[7.9086714,8.10579,10.009279],"rotation":{"angle":22.5,"axis":"z","origin":[4.5740333,11.953282,6.1213484]},"faces":{"down":{"uv":[12.235,5.265,12.015,6.235],"rotation":0,"texture":"#0","tintindex":0},"east":{"uv":[7.515,8.015,8.485,8.985],"rotation":0,"texture":"#0","tintindex":0},"north":{"uv":[3.765,11.765,3.985,12.735],"rotation":0,"texture":"#0","tintindex":0},"south":{"uv":[2.265,12.015,2.485,12.985],"rotation":0,"texture":"#0","tintindex":0},"up":{"uv":[5.235,12.985,5.015,12.015],"rotation":0,"texture":"#0","tintindex":0},"west":{"uv":[2.765,8.265,3.735,9.235],"rotation":0,"texture":"#0","tintindex":0}}},{"name":"cube","from":[4.8947515,5.5941896,6.7441998],"to":[7.4063516,6.5988297,9.2558],"rotation":{"angle":22.5,"axis":"z","origin":[4.5740333,11.953282,6.1213484]},"faces":{"down":{"uv":[3.125,10.265,2.515,10.875],"rotation":0,"texture":"#0","tintindex":0},"east":{"uv":[12.515,2.765,13.125,2.985],"rotation":0,"texture":"#0","tintindex":0},"north":{"uv":[12.265,4.765,12.875,4.985],"rotation":0,"texture":"#0","tintindex":0},"south":{"uv":[12.515,3.265,13.125,3.485],"rotation":0,"texture":"#0","tintindex":0},"up":{"uv":[7.625,10.625,7.015,10.015],"rotation":0,"texture":"#0","tintindex":0},"west":{"uv":[12.515,3.765,13.125,3.985],"rotation":0,"texture":"#0","tintindex":0}}},{"name":"cube","from":[7.9086714,5.0918694,6.9953604],"to":[8.410992,7.1011496,9.004641],"rotation":{"angle":22.5,"axis":"z","origin":[4.5740333,11.953282,6.1213484]},"faces":{"down":{"uv":[10.875,13.265,10.765,13.735],"rotation":0,"texture":"#0","tintindex":0},"east":{"uv":[11.765,9.015,12.235,9.485],"rotation":0,"texture":"#0","tintindex":0},"north":{"uv":[13.265,9.765,13.375,10.235],"rotation":0,"texture":"#0","tintindex":0},"south":{"uv":[10.265,13.265,10.375,13.735],"rotation":0,"texture":"#0","tintindex":0},"up":{"uv":[13.375,10.985,13.265,10.515],"rotation":0,"texture":"#0","tintindex":0},"west":{"uv":[11.765,10.515,12.235,10.985],"rotation":0,"texture":"#0","tintindex":0}}},{"name":"cube","from":[5.397072,4.8407097,7.24652],"to":[6.9040313,6.84999,8.75348],"rotation":{"angle":22.5,"axis":"z","origin":[4.5740333,11.953282,6.1213484]},"faces":{"down":{"uv":[6.515,12.515,6.875,12.875],"rotation":0,"texture":"#0","tintindex":0},"east":{"uv":[4.625,12.265,4.265,12.735],"rotation":0,"texture":"#0","tintindex":0},"north":{"uv":[12.375,9.765,12.015,10.235],"rotation":0,"texture":"#0","tintindex":0},"south":{"uv":[12.375,12.015,12.015,12.485],"rotation":0,"texture":"#0","tintindex":0},"up":{"uv":[12.515,5.625,12.875,5.265],"rotation":0,"texture":"#0","tintindex":0},"west":{"uv":[12.375,11.265,12.015,11.735],"rotation":0,"texture":"#0","tintindex":0}}}],"display":{"head":{"translation":[0.0,-6.4,0.0],"rotation":[0.0,0.0,0.0],"scale":[3.8095,3.8095,3.8095]}}}