{"textures":{"0":"modelengine:entity/skull_warrior"},"elements":[{"name":"cube","from":[7.496086,7.629836,6.274437],"to":[8.500726,8.634477,9.790677],"rotation":{"angle":0.0,"axis":"x","origin":[12.811989,13.365648,6.153906]},"faces":{"down":{"uv":[6.235,12.015,6.015,12.875],"rotation":0,"texture":"#0","tintindex":0},"east":{"uv":[11.015,0.765,11.875,0.985],"rotation":0,"texture":"#0","tintindex":0},"north":{"uv":[13.265,9.265,13.485,9.485],"rotation":0,"texture":"#0","tintindex":0},"south":{"uv":[9.765,13.265,9.985,13.485],"rotation":0,"texture":"#0","tintindex":0},"up":{"uv":[5.735,12.875,5.515,12.015],"rotation":0,"texture":"#0","tintindex":0},"west":{"uv":[12.015,1.265,12.875,1.485],"rotation":0,"texture":"#0","tintindex":0}}},{"name":"cube","from":[7.496086,6.625196,5.7721176],"to":[8.500726,9.639116,6.274437],"rotation":{"angle":0.0,"axis":"x","origin":[12.811989,13.365648,6.153906]},"faces":{"down":{"uv":[13.485,11.265,13.265,11.375],"rotation":0,"texture":"#0","tintindex":0},"east":{"uv":[13.265,4.265,13.375,4.985],"rotation":0,"texture":"#0","tintindex":0},"north":{"uv":[8.265,12.265,8.485,12.985],"rotation":0,"texture":"#0","tintindex":0},"south":{"uv":[8.765,12.265,8.985,12.985],"rotation":0,"texture":"#0","tintindex":0},"up":{"uv":[11.485,13.375,11.265,13.265],"rotation":0,"texture":"#0","tintindex":0},"west":{"uv":[4.765,13.265,4.875,13.985],"rotation":0,"texture":"#0","tintindex":0}}},{"name":"pasted_22","from":[7.7493277,8.43686,-2.78047],"to":[8.252266,8.939798,5.769473],"rotation":{"angle":0.0,"axis":"x","origin":[12.811989,13.365648,6.153906]},"faces":{"down":{"uv":[4.015,1.875,6.125,1.985],"rotation":270,"texture":"#0","tintindex":0},"east":{"uv":[4.015,1.985,6.125,1.875],"rotation":180,"texture":"#0","tintindex":0},"north":{"uv":[4.015,1.875,4.125,1.985],"rotation":0,"texture":"#0","tintindex":0},"south":{"uv":[6.015,1.875,6.125,1.985],"rotation":0,"texture":"#0","tintindex":0},"up":{"uv":[6.125,1.875,4.015,1.985],"rotation":270,"texture":"#0","tintindex":0},"west":{"uv":[4.015,1.875,6.125,1.985],"rotation":0,"texture":"#0","tintindex":0}}},{"name":"pasted_25","from":[7.7493277,7.9339223,-2.277533],"to":[8.252266,8.43686,5.769473],"rotation":{"angle":0.0,"axis":"x","origin":[12.811989,13.365648,6.153906]},"faces":{"down":{"uv":[4.125,2.015,6.125,2.125],"rotation":270,"texture":"#0","tintindex":0},"east":{"uv":[4.125,2.125,6.125,2.015],"rotation":180,"texture":"#0","tintindex":0},"north":{"uv":[4.125,2.015,4.235,2.125],"rotation":0,"texture":"#0","tintindex":0},"south":{"uv":[6.015,2.015,6.125,2.125],"rotation":0,"texture":"#0","tintindex":0},"up":{"uv":[6.125,2.015,4.125,2.125],"rotation":270,"texture":"#0","tintindex":0},"west":{"uv":[4.125,2.015,6.125,2.125],"rotation":0,"texture":"#0","tintindex":0}}},{"name":"pasted_27","from":[7.7493277,7.430984,-0.2657807],"to":[8.252266,7.9339223,5.769473],"rotation":{"angle":0.0,"axis":"x","origin":[12.811989,13.365648,6.153906]},"faces":{"down":{"uv":[4.625,2.125,6.125,2.235],"rotation":270,"texture":"#0","tintindex":0},"east":{"uv":[4.625,2.235,6.125,2.125],"rotation":180,"texture":"#0","tintindex":0},"north":{"uv":[4.625,2.125,4.735,2.235],"rotation":0,"texture":"#0","tintindex":0},"south":{"uv":[6.015,2.125,6.125,2.235],"rotation":0,"texture":"#0","tintindex":0},"up":{"uv":[6.125,2.125,4.625,2.235],"rotation":270,"texture":"#0","tintindex":0},"west":{"uv":[4.625,2.125,6.125,2.235],"rotation":0,"texture":"#0","tintindex":0}}},{"name":"pasted_28","from":[7.7493277,6.928046,1.2430326],"to":[8.252266,7.430984,4.260659],"rotation":{"angle":0.0,"axis":"x","origin":[12.811989,13.365648,6.153906]},"faces":{"down":{"uv":[5.015,2.265,5.735,2.375],"rotation":270,"texture":"#0","tintindex":0},"east":{"uv":[5.015,2.375,5.735,2.265],"rotation":180,"texture":"#0","tintindex":0},"north":{"uv":[5.015,2.265,5.125,2.375],"rotation":0,"texture":"#0","tintindex":0},"south":{"uv":[5.625,2.265,5.735,2.375],"rotation":0,"texture":"#0","tintindex":0},"up":{"uv":[5.735,2.265,5.015,2.375],"rotation":270,"texture":"#0","tintindex":0},"west":{"uv":[5.015,2.265,5.735,2.375],"rotation":0,"texture":"#0","tintindex":0}}}],"display":{"head":{"translation":[0.0,-6.4,0.0],"rotation":[0.0,0.0,0.0],"scale":[3.8095,3.8095,3.8095]}}}