{"textures":{"0":"modelengine:entity/skull_warrior"},"elements":[{"from":[7.520082,7.647463,6.356607],"to":[8.476882,8.604263,9.705407],"rotation":{"angle":0.0,"axis":"y","origin":[12.582848,13.110142,6.241815]},"faces":{"east":{"uv":[11.015,0.765,11.875,0.985],"rotation":0,"texture":"#0","tintindex":0},"south":{"uv":[9.765,13.265,9.985,13.485],"rotation":0,"texture":"#0","tintindex":0},"north":{"uv":[13.265,9.265,13.485,9.485],"rotation":0,"texture":"#0","tintindex":0},"west":{"uv":[12.015,1.265,12.875,1.485],"rotation":0,"texture":"#0","tintindex":0},"up":{"uv":[5.735,12.875,5.515,12.015],"rotation":0,"texture":"#0","tintindex":0},"down":{"uv":[6.235,12.015,6.015,12.875],"rotation":0,"texture":"#0","tintindex":0}}},{"from":[7.520082,6.690663,5.8782067],"to":[8.476882,9.561063,6.356607],"rotation":{"angle":0.0,"axis":"y","origin":[12.582848,13.110142,6.241815]},"faces":{"east":{"uv":[13.265,4.265,13.375,4.985],"rotation":0,"texture":"#0","tintindex":0},"south":{"uv":[8.765,12.265,8.985,12.985],"rotation":0,"texture":"#0","tintindex":0},"north":{"uv":[8.265,12.265,8.485,12.985],"rotation":0,"texture":"#0","tintindex":0},"west":{"uv":[4.765,13.265,4.875,13.985],"rotation":0,"texture":"#0","tintindex":0},"up":{"uv":[11.485,13.375,11.265,13.265],"rotation":0,"texture":"#0","tintindex":0},"down":{"uv":[13.485,11.265,13.265,11.375],"rotation":0,"texture":"#0","tintindex":0}}},{"from":[7.761265,8.416057,-2.2671146],"to":[8.240253,8.895045,5.8756886],"rotation":{"angle":0.0,"axis":"y","origin":[12.582848,13.110142,6.241815]},"faces":{"east":{"uv":[4.015,1.985,6.125,1.875],"rotation":180,"texture":"#0","tintindex":0},"south":{"uv":[6.015,1.875,6.125,1.985],"rotation":0,"texture":"#0","tintindex":0},"north":{"uv":[4.015,1.875,4.125,1.985],"rotation":0,"texture":"#0","tintindex":0},"west":{"uv":[4.015,1.875,6.125,1.985],"rotation":0,"texture":"#0","tintindex":0},"up":{"uv":[6.125,1.875,4.015,1.985],"rotation":270,"texture":"#0","tintindex":0},"down":{"uv":[4.015,1.875,6.125,1.985],"rotation":270,"texture":"#0","tintindex":0}}},{"from":[7.761265,7.9370685,-1.788126],"to":[8.240253,8.416057,5.8756886],"rotation":{"angle":0.0,"axis":"y","origin":[12.582848,13.110142,6.241815]},"faces":{"east":{"uv":[4.125,2.125,6.125,2.015],"rotation":180,"texture":"#0","tintindex":0},"south":{"uv":[6.015,2.015,6.125,2.125],"rotation":0,"texture":"#0","tintindex":0},"north":{"uv":[4.125,2.015,4.235,2.125],"rotation":0,"texture":"#0","tintindex":0},"west":{"uv":[4.125,2.015,6.125,2.125],"rotation":0,"texture":"#0","tintindex":0},"up":{"uv":[6.125,2.015,4.125,2.125],"rotation":270,"texture":"#0","tintindex":0},"down":{"uv":[4.125,2.015,6.125,2.125],"rotation":270,"texture":"#0","tintindex":0}}},{"from":[7.761265,7.4580803,0.12782764],"to":[8.240253,7.9370685,5.8756886],"rotation":{"angle":0.0,"axis":"y","origin":[12.582848,13.110142,6.241815]},"faces":{"east":{"uv":[4.625,2.235,6.125,2.125],"rotation":180,"texture":"#0","tintindex":0},"south":{"uv":[6.015,2.125,6.125,2.235],"rotation":0,"texture":"#0","tintindex":0},"north":{"uv":[4.625,2.125,4.735,2.235],"rotation":0,"texture":"#0","tintindex":0},"west":{"uv":[4.625,2.125,6.125,2.235],"rotation":0,"texture":"#0","tintindex":0},"up":{"uv":[6.125,2.125,4.625,2.235],"rotation":270,"texture":"#0","tintindex":0},"down":{"uv":[4.625,2.125,6.125,2.235],"rotation":270,"texture":"#0","tintindex":0}}},{"from":[7.761265,6.9790916,1.5647931],"to":[8.240253,7.4580803,4.4387236],"rotation":{"angle":0.0,"axis":"y","origin":[12.582848,13.110142,6.241815]},"faces":{"east":{"uv":[5.015,2.375,5.735,2.265],"rotation":180,"texture":"#0","tintindex":0},"south":{"uv":[5.625,2.265,5.735,2.375],"rotation":0,"texture":"#0","tintindex":0},"north":{"uv":[5.015,2.265,5.125,2.375],"rotation":0,"texture":"#0","tintindex":0},"west":{"uv":[5.015,2.265,5.735,2.375],"rotation":0,"texture":"#0","tintindex":0},"up":{"uv":[5.735,2.265,5.015,2.375],"rotation":270,"texture":"#0","tintindex":0},"down":{"uv":[5.015,2.265,5.735,2.375],"rotation":270,"texture":"#0","tintindex":0}}}],"display":{"head":{"translation":[0.0,-6.4,0.0],"scale":[4.0,4.0,4.0]}}}