{"textures":{"0":"modelengine:entity/skull_warrior"},"elements":[{"name":"cube","from":[5.500958,7.975678,4.3979874],"to":[10.4990425,11.994238,8.416548],"rotation":{"angle":-22.5,"axis":"x","origin":[8.4912405,13.644922,4.8851967]},"faces":{"down":{"uv":[8.735,0.015,7.515,0.985],"rotation":0,"texture":"#0","tintindex":0},"east":{"uv":[1.515,8.015,2.485,8.985],"rotation":0,"texture":"#0","tintindex":0},"north":{"uv":[3.515,7.015,4.735,7.985],"rotation":0,"texture":"#0","tintindex":0},"south":{"uv":[0.015,7.265,1.235,8.235],"rotation":0,"texture":"#0","tintindex":0},"up":{"uv":[8.485,7.735,7.265,6.765],"rotation":0,"texture":"#0","tintindex":0},"west":{"uv":[6.265,8.015,7.235,8.985],"rotation":0,"texture":"#0","tintindex":0}}},{"name":"cube","from":[5.4758415,7.7493324,6.298705],"to":[10.5241585,9.758613,10.3172655],"rotation":{"angle":0.0,"axis":"x","origin":[8.4912405,13.644922,4.8851967]},"faces":{"down":{"uv":[8.735,3.515,7.515,4.485],"rotation":0,"texture":"#0","tintindex":0},"east":{"uv":[5.765,10.015,6.735,10.485],"rotation":0,"texture":"#0","tintindex":0},"north":{"uv":[0.015,8.515,1.235,8.985],"rotation":0,"texture":"#0","tintindex":0},"south":{"uv":[2.015,9.515,3.235,9.985],"rotation":0,"texture":"#0","tintindex":0},"up":{"uv":[8.735,3.235,7.515,2.265],"rotation":0,"texture":"#0","tintindex":0},"west":{"uv":[1.265,10.265,2.235,10.735],"rotation":0,"texture":"#0","tintindex":0}}}],"display":{"head":{"translation":[0.0,-6.4,0.0],"rotation":[0.0,0.0,0.0],"scale":[3.8095,3.8095,3.8095]}}}