{"textures":{"0":"modelengine:entity/skull_warrior"},"elements":[{"from":[5.61996,7.976836,4.569512],"to":[10.38004,11.804036,8.396712],"rotation":{"angle":-22.5,"axis":"x","origin":[8.467848,13.376117,5.0335207]},"faces":{"east":{"uv":[1.515,8.015,2.485,8.985],"rotation":0,"texture":"#0","tintindex":0},"south":{"uv":[0.015,7.265,1.235,8.235],"rotation":0,"texture":"#0","tintindex":0},"north":{"uv":[3.515,7.015,4.735,7.985],"rotation":0,"texture":"#0","tintindex":0},"west":{"uv":[6.265,8.015,7.235,8.985],"rotation":0,"texture":"#0","tintindex":0},"up":{"uv":[8.485,7.735,7.265,6.765],"rotation":0,"texture":"#0","tintindex":0},"down":{"uv":[8.735,0.015,7.515,0.985],"rotation":0,"texture":"#0","tintindex":0}}},{"from":[5.59604,7.761269,6.3797193],"to":[10.40396,9.67487,10.20692],"rotation":{"angle":0.0,"axis":"y","origin":[8.467848,13.376117,5.0335207]},"faces":{"east":{"uv":[5.765,10.015,6.735,10.485],"rotation":0,"texture":"#0","tintindex":0},"south":{"uv":[2.015,9.515,3.235,9.985],"rotation":0,"texture":"#0","tintindex":0},"north":{"uv":[0.015,8.515,1.235,8.985],"rotation":0,"texture":"#0","tintindex":0},"west":{"uv":[1.265,10.265,2.235,10.735],"rotation":0,"texture":"#0","tintindex":0},"up":{"uv":[8.735,3.235,7.515,2.265],"rotation":0,"texture":"#0","tintindex":0},"down":{"uv":[8.735,3.515,7.515,4.485],"rotation":0,"texture":"#0","tintindex":0}}}],"display":{"head":{"translation":[0.0,-6.4,0.0],"scale":[4.0,4.0,4.0]}}}