{"textures":{"0":"modelengine:entity/furbeak"},"elements":[{"name":"cube","from":[5.01776,3.2444,6.79496],"to":[10.982241,12.191121,14.250561],"rotation":{"angle":0.0,"axis":"x","origin":[8.0,8.742905,3.5270133]},"faces":{"down":{"uv":[3.735,5.515,2.765,6.735],"rotation":0,"texture":"#0","tintindex":0},"east":{"uv":[3.015,3.765,4.235,5.235],"rotation":0,"texture":"#0","tintindex":0},"north":{"uv":[1.515,4.015,2.485,5.485],"rotation":0,"texture":"#0","tintindex":0},"south":{"uv":[4.515,4.265,5.485,5.735],"rotation":0,"texture":"#0","tintindex":0},"up":{"uv":[5.985,1.235,5.015,0.015],"rotation":0,"texture":"#0","tintindex":0},"west":{"uv":[0.015,4.015,1.235,5.485],"rotation":0,"texture":"#0","tintindex":0}}},{"name":"cube","from":[8.0,11.818339,8.286079],"to":[8.0,17.782822,14.250561],"rotation":{"angle":0.0,"axis":"x","origin":[8.0,8.742905,3.5270133]},"faces":{"down":{"uv":[7.265,10.515,7.265,11.485],"rotation":0,"texture":"#0","tintindex":0},"east":{"uv":[2.235,6.765,1.265,7.735],"rotation":0,"texture":"#0","tintindex":0},"north":{"uv":[6.265,10.515,6.265,11.485],"rotation":0,"texture":"#0","tintindex":0},"south":{"uv":[10.515,6.515,10.515,7.485],"rotation":0,"texture":"#0","tintindex":0},"up":{"uv":[7.015,11.485,7.015,10.515],"rotation":0,"texture":"#0","tintindex":0},"west":{"uv":[1.265,6.765,2.235,7.735],"rotation":0,"texture":"#0","tintindex":0}}}],"display":{"head":{"translation":[0.0,-6.4,0.0],"rotation":[0.0,0.0,0.0],"scale":[3.8095,3.8095,3.8095]}}}