{"textures":{"0":"modelengine:entity/furbeak"},"elements":[{"from":[7.470171,7.0113287,4.9433613],"to":[8.535256,8.076414,7.0735326],"rotation":{"angle":0.0,"axis":"y","origin":[5.5175138,14.697698,5.026288]},"faces":{"east":{"uv":[9.875,1.015,9.515,1.235],"rotation":0,"texture":"#0","tintindex":0},"south":{"uv":[3.735,9.765,3.515,9.985],"rotation":0,"texture":"#0","tintindex":0},"north":{"uv":[3.235,9.765,3.015,9.985],"rotation":0,"texture":"#0","tintindex":0},"west":{"uv":[9.875,0.515,9.515,0.735],"rotation":0,"texture":"#0","tintindex":0},"up":{"uv":[0.515,9.875,0.735,9.515],"rotation":0,"texture":"#0","tintindex":0},"down":{"uv":[6.515,9.515,6.735,9.875],"rotation":0,"texture":"#0","tintindex":0}}},{"from":[8.7280855,6.975826,3.802567],"to":[9.793172,8.040912,6.9978247],"rotation":{"angle":-22.5,"axis":"y","origin":[5.5175138,14.697698,5.026288]},"faces":{"east":{"uv":[0.625,9.015,0.015,9.235],"rotation":0,"texture":"#0","tintindex":0},"south":{"uv":[9.985,4.015,9.765,4.235],"rotation":0,"texture":"#0","tintindex":0},"north":{"uv":[9.985,3.515,9.765,3.735],"rotation":0,"texture":"#0","tintindex":0},"west":{"uv":[6.125,8.765,5.515,8.985],"rotation":0,"texture":"#0","tintindex":0},"up":{"uv":[1.015,9.625,1.235,9.015],"rotation":0,"texture":"#0","tintindex":0},"down":{"uv":[1.515,9.015,1.735,9.625],"rotation":0,"texture":"#0","tintindex":0}}},{"from":[5.8217244,6.975826,5.719722],"to":[6.8868103,8.040912,8.914979],"rotation":{"angle":22.5,"axis":"y","origin":[5.5175138,14.697698,5.026288]},"faces":{"east":{"uv":[9.625,7.765,9.015,7.985],"rotation":0,"texture":"#0","tintindex":0},"south":{"uv":[9.985,5.015,9.765,5.235],"rotation":0,"texture":"#0","tintindex":0},"north":{"uv":[9.985,4.515,9.765,4.735],"rotation":0,"texture":"#0","tintindex":0},"west":{"uv":[9.625,7.265,9.015,7.485],"rotation":0,"texture":"#0","tintindex":0},"up":{"uv":[2.015,9.625,2.235,9.015],"rotation":0,"texture":"#0","tintindex":0},"down":{"uv":[8.515,9.015,8.735,9.625],"rotation":0,"texture":"#0","tintindex":0}}},{"from":[9.083115,7.3308544,3.0925102],"to":[9.438143,7.685883,3.802567],"rotation":{"angle":-22.5,"axis":"y","origin":[5.5175138,14.697698,5.026288]},"faces":{"east":{"uv":[10.125,7.015,10.015,7.125],"rotation":0,"texture":"#0","tintindex":0},"south":{"uv":[7.125,10.015,7.015,10.125],"rotation":0,"texture":"#0","tintindex":0},"north":{"uv":[6.125,10.015,6.015,10.125],"rotation":0,"texture":"#0","tintindex":0},"west":{"uv":[10.125,6.515,10.015,6.625],"rotation":0,"texture":"#0","tintindex":0},"up":{"uv":[7.515,10.125,7.625,10.015],"rotation":0,"texture":"#0","tintindex":0},"down":{"uv":[10.015,7.515,10.125,7.625],"rotation":0,"texture":"#0","tintindex":0}}},{"from":[7.8063107,7.3308544,4.2436705],"to":[8.161339,7.685883,4.9537277],"rotation":{"angle":0.0,"axis":"y","origin":[5.5175138,14.697698,5.026288]},"faces":{"east":{"uv":[10.125,8.515,10.015,8.625],"rotation":0,"texture":"#0","tintindex":0},"south":{"uv":[8.625,10.015,8.515,10.125],"rotation":0,"texture":"#0","tintindex":0},"north":{"uv":[8.125,10.015,8.015,10.125],"rotation":0,"texture":"#0","tintindex":0},"west":{"uv":[10.125,8.015,10.015,8.125],"rotation":0,"texture":"#0","tintindex":0},"up":{"uv":[10.015,9.125,10.125,9.015],"rotation":0,"texture":"#0","tintindex":0},"down":{"uv":[9.515,10.015,9.625,10.125],"rotation":0,"texture":"#0","tintindex":0}}},{"from":[6.176753,7.3308544,5.045167],"to":[6.5317817,7.685883,5.755224],"rotation":{"angle":22.5,"axis":"y","origin":[5.5175138,14.697698,5.026288]},"faces":{"east":{"uv":[10.375,0.015,10.265,0.125],"rotation":0,"texture":"#0","tintindex":0},"south":{"uv":[0.125,10.265,0.015,10.375],"rotation":0,"texture":"#0","tintindex":0},"north":{"uv":[10.125,9.515,10.015,9.625],"rotation":0,"texture":"#0","tintindex":0},"west":{"uv":[10.125,10.015,10.015,10.125],"rotation":0,"texture":"#0","tintindex":0},"up":{"uv":[0.515,10.375,0.625,10.265],"rotation":0,"texture":"#0","tintindex":0},"down":{"uv":[10.265,0.515,10.375,0.625],"rotation":0,"texture":"#0","tintindex":0}}}],"display":{"head":{"translation":[0.0,-6.4,0.0],"scale":[4.0,4.0,4.0]}}}