{"textures":{"0":"modelengine:entity/ent_king"},"elements":[{"from":[5.311886,4.2714734,-0.3274536],"to":[10.707086,7.3434734,1.9765458],"rotation":{"angle":45.0,"axis":"x","origin":[7.9525714,4.1423492,9.105561]},"faces":{"east":{"uv":[2.0,2.5,2.1875,2.75],"rotation":0,"texture":"#0","tintindex":0},"south":{"uv":[2.0,2.5,2.4375,2.75],"rotation":0,"texture":"#0","tintindex":0},"north":{"uv":[2.0,2.5,2.4375,2.75],"rotation":0,"texture":"#0","tintindex":0},"west":{"uv":[2.0,2.5,2.1875,2.75],"rotation":0,"texture":"#0","tintindex":0},"up":{"uv":[2.0,2.5,2.4375,2.6875],"rotation":0,"texture":"#0","tintindex":0},"down":{"uv":[2.0,2.5,2.4375,2.6875],"rotation":0,"texture":"#0","tintindex":0}}},{"from":[5.3214855,6.1033325,3.468102],"to":[10.697486,11.479333,8.844102],"rotation":{"angle":0.0,"axis":"y","origin":[7.9525714,4.1423492,9.105561]},"faces":{"east":{"uv":[2.0,2.5,2.4375,2.9375],"rotation":0,"texture":"#0","tintindex":0},"south":{"uv":[2.0,2.5,2.4375,2.9375],"rotation":0,"texture":"#0","tintindex":0},"north":{"uv":[1.25,5.0625,1.6875,5.5],"rotation":0,"texture":"#0","tintindex":0},"west":{"uv":[2.0,2.5,2.4375,2.9375],"rotation":0,"texture":"#0","tintindex":0},"up":{"uv":[2.0,2.5,2.4375,2.9375],"rotation":0,"texture":"#0","tintindex":0},"down":{"uv":[2.0,2.5,2.4375,2.9375],"rotation":0,"texture":"#0","tintindex":0}}},{"from":[5.3310857,1.4437652,2.4681797],"to":[10.687886,4.515765,4.7721796],"rotation":{"angle":45.0,"axis":"x","origin":[7.9525714,4.1423492,9.105561]},"faces":{"east":{"uv":[2.0,2.5,2.1875,2.75],"rotation":0,"texture":"#0","tintindex":0},"south":{"uv":[2.0,2.5,2.4375,2.75],"rotation":0,"texture":"#0","tintindex":0},"north":{"uv":[2.0,2.5,2.4375,2.75],"rotation":0,"texture":"#0","tintindex":0},"west":{"uv":[2.0,2.5,2.1875,2.75],"rotation":0,"texture":"#0","tintindex":0},"up":{"uv":[2.0,2.5,2.4375,2.6875],"rotation":0,"texture":"#0","tintindex":0},"down":{"uv":[2.0,2.5,2.4375,2.6875],"rotation":0,"texture":"#0","tintindex":0}}},{"from":[7.918958,7.077043,4.4999733],"to":[10.222959,10.917044,6.803973],"rotation":{"angle":-22.5,"axis":"z","origin":[7.9525714,4.1423492,9.105561]},"faces":{"east":{"uv":[0.5,4.0625,0.1875,4.25],"rotation":90,"texture":"#0","tintindex":0},"south":{"uv":[0.3125,3.8125,0.0,4.0],"rotation":90,"texture":"#0","tintindex":0},"north":{"uv":[0.46875,3.9375,0.15625,4.125],"rotation":90,"texture":"#0","tintindex":0},"west":{"uv":[0.3125,3.8125,0.0,4.0],"rotation":90,"texture":"#0","tintindex":0},"up":{"uv":[0.1875,4.03125,0.0,4.21875],"rotation":90,"texture":"#0","tintindex":0},"down":{"uv":[0.1875,3.8125,0.0,4.0],"rotation":90,"texture":"#0","tintindex":0}}},{"from":[6.981864,7.486242,4.883973],"to":[10.821864,9.022242,6.4199734],"rotation":{"angle":-45.0,"axis":"z","origin":[7.9525714,4.1423492,9.105561]},"faces":{"east":{"uv":[0.125,3.8125,0.0,3.9375],"rotation":90,"texture":"#0","tintindex":0},"south":{"uv":[0.125,3.8125,0.0,4.125],"rotation":90,"texture":"#0","tintindex":0},"north":{"uv":[0.125,3.8125,0.0,4.125],"rotation":90,"texture":"#0","tintindex":0},"west":{"uv":[0.125,3.8125,0.0,3.9375],"rotation":90,"texture":"#0","tintindex":0},"up":{"uv":[0.125,3.8125,0.0,4.125],"rotation":90,"texture":"#0","tintindex":0},"down":{"uv":[0.125,3.8125,0.0,4.125],"rotation":90,"texture":"#0","tintindex":0}}},{"from":[4.5407705,11.798645,4.620102],"to":[6.8447704,14.8706455,7.692102],"rotation":{"angle":-45.0,"axis":"z","origin":[7.9525714,4.1423492,9.105561]},"faces":{"east":{"uv":[2.25,2.5,2.0,2.75],"rotation":0,"texture":"#0","tintindex":0},"south":{"uv":[2.1875,2.5,2.0,2.75],"rotation":0,"texture":"#0","tintindex":0},"north":{"uv":[2.1875,2.5,2.0,2.75],"rotation":0,"texture":"#0","tintindex":0},"west":{"uv":[2.25,2.5,2.0,2.75],"rotation":0,"texture":"#0","tintindex":0},"up":{"uv":[2.1875,2.5,2.0,2.75],"rotation":0,"texture":"#0","tintindex":0},"down":{"uv":[2.1875,2.5,2.0,2.75],"rotation":0,"texture":"#0","tintindex":0}}},{"from":[11.5301285,8.095761,3.8521018],"to":[14.602129,10.399761,8.460102],"rotation":{"angle":22.5,"axis":"z","origin":[7.9525714,4.1423492,9.105561]},"faces":{"east":{"uv":[2.0,2.875,2.1875,2.5],"rotation":90,"texture":"#0","tintindex":0},"south":{"uv":[2.0,2.75,2.1875,2.5],"rotation":90,"texture":"#0","tintindex":0},"north":{"uv":[2.0,2.75,2.1875,2.5],"rotation":90,"texture":"#0","tintindex":0},"west":{"uv":[2.0,2.875,2.1875,2.5],"rotation":90,"texture":"#0","tintindex":0},"up":{"uv":[2.0,2.75,2.375,2.5],"rotation":90,"texture":"#0","tintindex":0},"down":{"uv":[2.0,2.75,2.375,2.5],"rotation":90,"texture":"#0","tintindex":0}}},{"from":[6.857486,8.674176,1.2270427],"to":[9.161486,11.746176,3.531043],"rotation":{"angle":22.5,"axis":"x","origin":[7.9525714,4.1423492,9.105561]},"faces":{"east":{"uv":[2.0,2.5,2.1875,2.75],"rotation":0,"texture":"#0","tintindex":0},"south":{"uv":[2.0,2.5,2.1875,2.75],"rotation":0,"texture":"#0","tintindex":0},"north":{"uv":[2.0,2.5,2.1875,2.75],"rotation":0,"texture":"#0","tintindex":0},"west":{"uv":[2.0,2.5,2.1875,2.75],"rotation":0,"texture":"#0","tintindex":0},"up":{"uv":[2.0,2.5,2.1875,2.6875],"rotation":0,"texture":"#0","tintindex":0},"down":{"uv":[2.0,2.5,2.1875,2.6875],"rotation":0,"texture":"#0","tintindex":0}}},{"from":[7.2414856,8.092326,-0.99581337],"to":[8.777486,11.932326,0.5401864],"rotation":{"angle":45.0,"axis":"x","origin":[7.9525714,4.1423492,9.105561]},"faces":{"east":{"uv":[2.0,2.5,2.125,2.8125],"rotation":0,"texture":"#0","tintindex":0},"south":{"uv":[2.0,2.5,2.125,2.8125],"rotation":0,"texture":"#0","tintindex":0},"north":{"uv":[2.0,2.5,2.125,2.8125],"rotation":0,"texture":"#0","tintindex":0},"west":{"uv":[2.0,2.5,2.125,2.8125],"rotation":0,"texture":"#0","tintindex":0},"up":{"uv":[2.0,2.5,2.125,2.625],"rotation":0,"texture":"#0","tintindex":0},"down":{"uv":[2.0,2.5,2.125,2.625],"rotation":0,"texture":"#0","tintindex":0}}},{"from":[9.496229,14.47633,5.388102],"to":[11.032229,17.54833,6.924102],"rotation":{"angle":-22.5,"axis":"z","origin":[7.9525714,4.1423492,9.105561]},"faces":{"east":{"uv":[2.125,2.5,2.0,2.75],"rotation":0,"texture":"#0","tintindex":0},"south":{"uv":[2.125,2.5,2.0,2.75],"rotation":0,"texture":"#0","tintindex":0},"north":{"uv":[2.125,2.5,2.0,2.75],"rotation":0,"texture":"#0","tintindex":0},"west":{"uv":[2.125,2.5,2.0,2.75],"rotation":0,"texture":"#0","tintindex":0},"up":{"uv":[2.125,2.5,2.0,2.625],"rotation":0,"texture":"#0","tintindex":0},"down":{"uv":[2.125,2.5,2.0,2.625],"rotation":0,"texture":"#0","tintindex":0}}},{"from":[6.857486,8.5882015,13.406596],"to":[9.161486,10.892201,16.478596],"rotation":{"angle":-45.0,"axis":"x","origin":[7.9525714,4.1423492,9.105561]},"faces":{"east":{"uv":[2.0,2.5,2.25,2.6875],"rotation":0,"texture":"#0","tintindex":0},"south":{"uv":[2.0,2.5,2.1875,2.6875],"rotation":0,"texture":"#0","tintindex":0},"north":{"uv":[2.0,2.5,2.1875,2.6875],"rotation":0,"texture":"#0","tintindex":0},"west":{"uv":[2.0,2.5,2.25,2.6875],"rotation":0,"texture":"#0","tintindex":0},"up":{"uv":[2.0,2.5,2.1875,2.75],"rotation":0,"texture":"#0","tintindex":0},"down":{"uv":[2.0,2.5,2.1875,2.75],"rotation":0,"texture":"#0","tintindex":0}}},{"from":[9.1408615,11.718156,4.620102],"to":[11.444861,14.790155,7.692102],"rotation":{"angle":45.0,"axis":"z","origin":[7.9525714,4.1423492,9.105561]},"faces":{"east":{"uv":[2.0,2.5,2.25,2.75],"rotation":0,"texture":"#0","tintindex":0},"south":{"uv":[2.0,2.5,2.1875,2.75],"rotation":0,"texture":"#0","tintindex":0},"north":{"uv":[2.0,2.5,2.1875,2.75],"rotation":0,"texture":"#0","tintindex":0},"west":{"uv":[2.0,2.5,2.25,2.75],"rotation":0,"texture":"#0","tintindex":0},"up":{"uv":[2.0,2.5,2.1875,2.75],"rotation":0,"texture":"#0","tintindex":0},"down":{"uv":[2.0,2.5,2.1875,2.75],"rotation":0,"texture":"#0","tintindex":0}}},{"from":[4.978077,14.43277,5.388102],"to":[6.514077,17.50477,6.924102],"rotation":{"angle":22.5,"axis":"z","origin":[7.9525714,4.1423492,9.105561]},"faces":{"east":{"uv":[2.0,2.5,2.125,2.75],"rotation":0,"texture":"#0","tintindex":0},"south":{"uv":[2.0,2.5,2.125,2.75],