{"textures":{"0":"modelengine:entity/ent_king"},"elements":[{"from":[4.9735312,5.3291235,4.498302],"to":[11.117532,9.169124,9.874302],"rotation":{"angle":-22.5,"axis":"x","origin":[7.988617,4.100084,9.815108]},"faces":{"east":{"uv":[2.0,2.5,2.4375,2.8125],"rotation":0,"texture":"#0","tintindex":0},"south":{"uv":[2.0,2.5,2.5,2.8125],"rotation":0,"texture":"#0","tintindex":0},"north":{"uv":[2.0,2.5,2.5,2.8125],"rotation":0,"texture":"#0","tintindex":0},"west":{"uv":[2.0,2.5,2.4375,2.8125],"rotation":0,"texture":"#0","tintindex":0},"up":{"uv":[2.0,2.5,2.5,2.9375],"rotation":0,"texture":"#0","tintindex":0},"down":{"uv":[2.0,2.5,2.5,2.9375],"rotation":0,"texture":"#0","tintindex":0}}},{"from":[10.2357025,9.169124,4.498302],"to":[11.003703,10.705124,5.266302],"rotation":{"angle":-22.5,"axis":"x","origin":[7.988617,4.100084,9.815108]},"faces":{"east":{"uv":[2.0625,2.5,2.0,2.625],"rotation":0,"texture":"#0","tintindex":0},"south":{"uv":[2.0625,2.5,2.0,2.625],"rotation":0,"texture":"#0","tintindex":0},"north":{"uv":[2.0625,2.5,2.0,2.625],"rotation":0,"texture":"#0","tintindex":0},"west":{"uv":[2.0625,2.5,2.0,2.625],"rotation":0,"texture":"#0","tintindex":0},"up":{"uv":[2.0625,2.5,2.0,2.5625],"rotation":0,"texture":"#0","tintindex":0},"down":{"uv":[2.0625,2.5,2.0,2.5625],"rotation":0,"texture":"#0","tintindex":0}}},{"from":[8.699703,9.169124,4.498302],"to":[9.467703,9.937124,5.266302],"rotation":{"angle":-22.5,"axis":"x","origin":[7.988617,4.100084,9.815108]},"faces":{"east":{"uv":[2.0625,2.5,2.0,2.5625],"rotation":0,"texture":"#0","tintindex":0},"south":{"uv":[2.0625,2.5,2.0,2.5625],"rotation":0,"texture":"#0","tintindex":0},"north":{"uv":[2.0625,2.5,2.0,2.5625],"rotation":0,"texture":"#0","tintindex":0},"west":{"uv":[2.0625,2.5,2.0,2.5625],"rotation":0,"texture":"#0","tintindex":0},"up":{"uv":[2.0625,2.5,2.0,2.5625],"rotation":0,"texture":"#0","tintindex":0},"down":{"uv":[2.0625,2.5,2.0,2.5625],"rotation":0,"texture":"#0","tintindex":0}}},{"from":[6.5095315,9.169124,4.498302],"to":[7.2775316,9.937124,5.266302],"rotation":{"angle":-22.5,"axis":"x","origin":[7.988617,4.100084,9.815108]},"faces":{"east":{"uv":[2.0,2.5,2.0625,2.5625],"rotation":0,"texture":"#0","tintindex":0},"south":{"uv":[2.0,2.5,2.0625,2.5625],"rotation":0,"texture":"#0","tintindex":0},"north":{"uv":[2.0,2.5,2.0625,2.5625],"rotation":0,"texture":"#0","tintindex":0},"west":{"uv":[2.0,2.5,2.0625,2.5625],"rotation":0,"texture":"#0","tintindex":0},"up":{"uv":[2.0,2.5,2.0625,2.5625],"rotation":0,"texture":"#0","tintindex":0},"down":{"uv":[2.0,2.5,2.0625,2.5625],"rotation":0,"texture":"#0","tintindex":0}}},{"from":[4.9735312,9.169124,4.498302],"to":[5.7415314,10.705124,5.266302],"rotation":{"angle":-22.5,"axis":"x","origin":[7.988617,4.100084,9.815108]},"faces":{"east":{"uv":[2.0,2.5,2.0625,2.625],"rotation":0,"texture":"#0","tintindex":0},"south":{"uv":[2.0,2.5,2.0625,2.625],"rotation":0,"texture":"#0","tintindex":0},"north":{"uv":[2.0,2.5,2.0625,2.625],"rotation":0,"texture":"#0","tintindex":0},"west":{"uv":[2.0,2.5,2.0625,2.625],"rotation":0,"texture":"#0","tintindex":0},"up":{"uv":[2.0,2.5,2.0625,2.5625],"rotation":0,"texture":"#0","tintindex":0},"down":{"uv":[2.0,2.5,2.0625,2.5625],"rotation":0,"texture":"#0","tintindex":0}}}],"display":{"head":{"translation":[0.0,-6.4,0.0],"scale":[4.0,4.0,4.0]}}}