{"textures":{"0":"modelengine:entity/ent_king"},"elements":[{"from":[5.35446,2.834837,-6.4289427],"to":[10.6344595,5.9068375,-2.5889425],"rotation":{"angle":-22.5,"axis":"x","origin":[11.787146,26.37628,7.824081]},"faces":{"east":{"uv":[4.1875,0.875,3.9375,0.5625],"rotation":90,"texture":"#0","tintindex":0},"south":{"uv":[4.1875,0.9609375,3.9375,0.53125],"rotation":90,"texture":"#0","tintindex":0},"north":{"uv":[4.1875,0.9921875,3.9375,0.5625],"rotation":90,"texture":"#0","tintindex":0},"west":{"uv":[4.1875,0.875,3.9375,0.5625],"rotation":90,"texture":"#0","tintindex":0},"up":{"uv":[4.25,0.9921875,3.9375,0.5625],"rotation":90,"texture":"#0","tintindex":0},"down":{"uv":[4.25,0.9921875,3.9375,0.5625],"rotation":90,"texture":"#0","tintindex":0}}},{"from":[5.3160596,0.6892619,5.2586217],"to":[10.6920595,8.369263,10.634622],"rotation":{"angle":0.0,"axis":"y","origin":[11.787146,26.37628,7.824081]},"faces":{"east":{"uv":[4.5625,1.0,3.9375,0.5625],"rotation":90,"texture":"#0","tintindex":0},"south":{"uv":[4.5625,0.96875,3.9375,0.53125],"rotation":90,"texture":"#0","tintindex":0},"north":{"uv":[4.5625,1.0,3.9375,0.5625],"rotation":90,"texture":"#0","tintindex":0},"west":{"uv":[4.5625,1.0,3.9375,0.5625],"rotation":90,"texture":"#0","tintindex":0},"up":{"uv":[4.375,1.0,3.9375,0.5625],"rotation":90,"texture":"#0","tintindex":0},"down":{"uv":[4.375,1.0,3.9375,0.5625],"rotation":90,"texture":"#0","tintindex":0}}},{"from":[6.0840597,4.5292625,4.4906216],"to":[9.92406,9.905263,5.2586217],"rotation":{"angle":0.0,"axis":"y","origin":[11.787146,26.37628,7.824081]},"faces":{"east":{"uv":[0.4375,3.875,0.0,3.8125],"rotation":90,"texture":"#0","tintindex":0},"south":{"uv":[0.4375,4.125,0.0,3.8125],"rotation":90,"texture":"#0","tintindex":0},"north":{"uv":[8.34375,6.46875,8.65625,6.03125],"rotation":0,"texture":"#0","tintindex":0},"west":{"uv":[0.4375,3.875,0.0,3.8125],"rotation":90,"texture":"#0","tintindex":0},"up":{"uv":[0.0625,4.125,0.0,3.8125],"rotation":90,"texture":"#0","tintindex":0},"down":{"uv":[0.0625,4.125,0.0,3.8125],"rotation":90,"texture":"#0","tintindex":0}}},{"from":[6.265351,5.2972627,2.5651584],"to":[7.801351,9.137262,3.3331585],"rotation":{"angle":22.5,"axis":"y","origin":[11.787146,26.37628,7.824081]},"faces":{"east":{"uv":[0.3125,3.875,0.0,3.8125],"rotation":90,"texture":"#0","tintindex":0},"south":{"uv":[0.3125,3.9375,0.0,3.8125],"rotation":90,"texture":"#0","tintindex":0},"north":{"uv":[0.3125,3.9375,0.0,3.8125],"rotation":90,"texture":"#0","tintindex":0},"west":{"uv":[0.3125,3.875,0.0,3.8125],"rotation":90,"texture":"#0","tintindex":0},"up":{"uv":[0.0625,3.9375,0.0,3.8125],"rotation":90,"texture":"#0","tintindex":0},"down":{"uv":[0.0625,3.9375,0.0,3.8125],"rotation":90,"texture":"#0","tintindex":0}}},{"from":[8.774104,5.2972627,5.4783983],"to":[10.310104,9.137262,6.2463984],"rotation":{"angle":-22.5,"axis":"y","origin":[11.787146,26.37628,7.824081]},"faces":{"east":{"uv":[0.3125,3.875,0.0,3.8125],"rotation":90,"texture":"#0","tintindex":0},"south":{"uv":[0.3125,3.9375,0.0,3.8125],"rotation":90,"texture":"#0","tintindex":0},"north":{"uv":[0.3125,3.9375,0.0,3.8125],"rotation":90,"texture":"#0","tintindex":0},"west":{"uv":[0.3125,3.875,0.0,3.8125],"rotation":90,"texture":"#0","tintindex":0},"up":{"uv":[0.0625,3.9375,0.0,3.8125],"rotation":90,"texture":"#0","tintindex":0},"down":{"uv":[0.0625,3.9375,0.0,3.8125],"rotation":90,"texture":"#0","tintindex":0}}},{"from":[5.3352594,-0.84673786,3.7226214],"to":[10.67286,0.6892619,10.634622],"rotation":{"angle":0.0,"axis":"y","origin":[11.787146,26.37628,7.824081]},"faces":{"east":{"uv":[4.0625,1.125,3.9375,0.5625],"rotation":90,"texture":"#0","tintindex":0},"south":{"uv":[4.0625,0.965625,3.9375,0.53125],"rotation":90,"texture":"#0","tintindex":0},"north":{"uv":[4.0625,0.996875,3.9375,0.5625],"rotation":90,"texture":"#0","tintindex":0},"west":{"uv":[4.0625,1.125,3.9375,0.5625],"rotation":90,"texture":"#0","tintindex":0},"up":{"uv":[4.5,0.996875,3.9375,0.5625],"rotation":90,"texture":"#0","tintindex":0},"down":{"uv":[4.5,0.996875,3.9375,0.5625],"rotation":90,"texture":"#0","tintindex":0}}}],"display":{"head":{"translation":[0.0,-6.4,0.0],"scale":[4.0,4.0,4.0]}}}