{"textures":{"0":"modelengine:entity/ent_king"},"elements":[{"from":[6.4025736,2.0323749,6.0873446],"to":[10.242574,8.176375,9.927344],"rotation":{"angle":0.0,"axis":"y","origin":[12.1056595,20.039394,7.884804]},"faces":{"east":{"uv":[2.0,2.5,2.3125,3.0],"rotation":0,"texture":"#0","tintindex":0},"south":{"uv":[2.0,2.5,2.3125,3.0],"rotation":0,"texture":"#0","tintindex":0},"north":{"uv":[2.0,2.5,2.3125,3.0],"rotation":0,"texture":"#0","tintindex":0},"west":{"uv":[2.0,2.5,2.3125,3.0],"rotation":0,"texture":"#0","tintindex":0},"up":{"uv":[2.0,2.5,2.3125,2.8125],"rotation":0,"texture":"#0","tintindex":0},"down":{"uv":[2.0,2.5,2.3125,2.8125],"rotation":0,"texture":"#0","tintindex":0}}},{"from":[10.026784,2.8003755,-1.6894703],"to":[10.026784,8.176375,3.68653],"rotation":{"angle":45.0,"axis":"y","origin":[12.1056595,20.039394,7.884804]},"faces":{"east":{"uv":[2.875,5.375,3.3125,5.8125],"rotation":0,"texture":"#0","tintindex":0},"south":{"uv":[1.0,7.75,1.0,8.1875],"rotation":0,"texture":"#0","tintindex":0},"north":{"uv":[0.9375,7.75,0.9375,8.1875],"rotation":0,"texture":"#0","tintindex":0},"west":{"uv":[3.3125,5.375,2.875,5.8125],"rotation":0,"texture":"#0","tintindex":0},"up":{"uv":[1.0625,8.1875,1.0625,7.75],"rotation":0,"texture":"#0","tintindex":0},"down":{"uv":[7.75,1.1875,7.75,1.625],"rotation":0,"texture":"#0","tintindex":0}}}],"display":{"head":{"translation":[0.0,-6.4,0.0],"scale":[4.0,4.0,4.0]}}}