{"textures":{"0":"modelengine:entity/ent_king"},"elements":[{"from":[-0.53875256,6.157504,6.9095516],"to":[7.909248,9.229505,9.981552],"rotation":{"angle":0.0,"axis":"y","origin":[12.073127,6.506148,8.707011]},"faces":{"east":{"uv":[2.0,2.5,2.25,2.75],"rotation":90,"texture":"#0","tintindex":0},"south":{"uv":[2.0,2.5,2.25,3.1875],"rotation":90,"texture":"#0","tintindex":0},"north":{"uv":[2.0,2.5,2.25,3.1875],"rotation":90,"texture":"#0","tintindex":0},"west":{"uv":[2.0,2.5,2.25,2.75],"rotation":90,"texture":"#0","tintindex":0},"up":{"uv":[2.0,2.5,2.25,3.1875],"rotation":90,"texture":"#0","tintindex":0},"down":{"uv":[2.0,2.5,2.25,3.1875],"rotation":90,"texture":"#0","tintindex":0}}},{"from":[0.082312584,9.146198,5.3735514],"to":[7.762313,10.682198,11.517551],"rotation":{"angle":0.0,"axis":"y","origin":[12.073127,6.506148,8.707011]},"faces":{"east":{"uv":[0.5,3.9375,0.0,3.8125],"rotation":0,"texture":"#0","tintindex":0},"south":{"uv":[0.625,3.9375,0.0,3.8125],"rotation":0,"texture":"#0","tintindex":0},"north":{"uv":[0.625,3.9375,0.0,3.8125],"rotation":0,"texture":"#0","tintindex":0},"west":{"uv":[0.5,3.9375,0.0,3.8125],"rotation":0,"texture":"#0","tintindex":0},"up":{"uv":[0.625,4.3125,0.0,3.8125],"rotation":0,"texture":"#0","tintindex":0},"down":{"uv":[0.625,4.3125,0.0,3.8125],"rotation":0,"texture":"#0","tintindex":0}}},{"from":[0.8503127,10.280172,6.2308125],"to":[6.994313,11.816173,9.302813],"rotation":{"angle":-45.0,"axis":"x","origin":[12.073127,6.506148,8.707011]},"faces":{"east":{"uv":[0.25,3.9375,0.0,3.8125],"rotation":0,"texture":"#0","tintindex":0},"south":{"uv":[0.5,3.9375,0.0,3.8125],"rotation":0,"texture":"#0","tintindex":0},"north":{"uv":[0.5,3.9375,0.0,3.8125],"rotation":0,"texture":"#0","tintindex":0},"west":{"uv":[0.25,3.9375,0.0,3.8125],"rotation":0,"texture":"#0","tintindex":0},"up":{"uv":[0.5,4.0625,0.0,3.8125],"rotation":0,"texture":"#0","tintindex":0},"down":{"uv":[0.5,4.0625,0.0,3.8125],"rotation":0,"texture":"#0","tintindex":0}}},{"from":[0.8503127,9.910414,7.74145],"to":[6.994313,11.446414,10.81345],"rotation":{"angle":45.0,"axis":"x","origin":[12.073127,6.506148,8.707011]},"faces":{"east":{"uv":[0.25,3.9375,0.0,3.8125],"rotation":0,"texture":"#0","tintindex":0},"south":{"uv":[0.5,3.9375,0.0,3.8125],"rotation":0,"texture":"#0","tintindex":0},"north":{"uv":[0.5,3.9375,0.0,3.8125],"rotation":0,"texture":"#0","tintindex":0},"west":{"uv":[0.25,3.9375,0.0,3.8125],"rotation":0,"texture":"#0","tintindex":0},"up":{"uv":[0.5,4.0625,0.0,3.8125],"rotation":0,"texture":"#0","tintindex":0},"down":{"uv":[0.5,4.0625,0.0,3.8125],"rotation":0,"texture":"#0","tintindex":0}}},{"from":[0.8503127,10.682198,6.9095516],"to":[3.1543126,11.450198,9.981552],"rotation":{"angle":0.0,"axis":"y","origin":[12.073127,6.506148,8.707011]},"faces":{"east":{"uv":[5.9375,5.875,5.6875,5.8125],"rotation":0,"texture":"#0","tintindex":0},"south":{"uv":[5.875,5.875,5.6875,5.8125],"rotation":0,"texture":"#0","tintindex":0},"north":{"uv":[5.875,5.875,5.6875,5.8125],"rotation":0,"texture":"#0","tintindex":0},"west":{"uv":[5.9375,5.875,5.6875,5.8125],"rotation":0,"texture":"#0","tintindex":0},"up":{"uv":[5.875,6.0625,5.6875,5.8125],"rotation":0,"texture":"#0","tintindex":0},"down":{"uv":[5.875,6.0625,5.6875,5.8125],"rotation":0,"texture":"#0","tintindex":0}}},{"from":[3.1543126,10.682198,6.1415515],"to":[6.994313,11.450198,10.749552],"rotation":{"angle":0.0,"axis":"y","origin":[12.073127,6.506148,8.707011]},"faces":{"east":{"uv":[6.0625,5.875,5.6875,5.8125],"rotation":0,"texture":"#0","tintindex":0},"south":{"uv":[6.0,5.875,5.6875,5.8125],"rotation":0,"texture":"#0","tintindex":0},"north":{"uv":[6.0,5.875,5.6875,5.8125],"rotation":0,"texture":"#0","tintindex":0},"west":{"uv":[6.0625,5.875,5.6875,5.8125],"rotation":0,"texture":"#0","tintindex":0},"up":{"uv":[8.65625,6.40625,8.34375,6.03125],"rotation":0,"texture":"#0","tintindex":0},"down":{"uv":[6.0,6.1875,5.6875,5.8125],"rotation":0,"texture":"#0","tintindex":0}}}],"display":{"head":{"translation":[0.0,-6.4,0.0],"scale":[4.0,4.0,4.0]}}}