{"textures":{"0":"modelengine:entity/ent_king"},"elements":[{"from":[5.756099,7.232,15.122254],"to":[8.828099,8.768,16.658255],"rotation":{"angle":-22.5,"axis":"y","origin":[27.773067,7.845314,10.905636]},"faces":{"east":{"uv":[4.0625,0.6875,3.9375,0.5625],"rotation":0,"texture":"#0","tintindex":0},"south":{"uv":[4.1875,0.6875,3.9375,0.5625],"rotation":0,"texture":"#0","tintindex":0},"north":{"uv":[4.1875,0.6875,3.9375,0.5625],"rotation":0,"texture":"#0","tintindex":0},"west":{"uv":[4.0625,0.6875,3.9375,0.5625],"rotation":0,"texture":"#0","tintindex":0},"up":{"uv":[4.1875,0.6875,3.9375,0.5625],"rotation":0,"texture":"#0","tintindex":0},"down":{"uv":[4.1875,0.6875,3.9375,0.5625],"rotation":0,"texture":"#0","tintindex":0}}}],"display":{"head":{"translation":[0.0,-6.4,0.0],"scale":[4.0,4.0,4.0]}}}