{"textures":{"0":"modelengine:entity/ent_king"},"elements":[{"from":[4.937446,7.4966707,4.928],"to":[8.009446,9.032671,6.4639997],"rotation":{"angle":0.0,"axis":"y","origin":[28.301325,4.005314,8.261459]},"faces":{"east":{"uv":[4.0625,0.6875,3.9375,0.5625],"rotation":0,"texture":"#0","tintindex":0},"south":{"uv":[4.1875,0.6875,3.9375,0.5625],"rotation":0,"texture":"#0","tintindex":0},"north":{"uv":[4.1875,0.6875,3.9375,0.5625],"rotation":0,"texture":"#0","tintindex":0},"west":{"uv":[4.0625,0.6875,3.9375,0.5625],"rotation":0,"texture":"#0","tintindex":0},"up":{"uv":[4.1875,0.6875,3.9375,0.5625],"rotation":0,"texture":"#0","tintindex":0},"down":{"uv":[4.1875,0.6875,3.9375,0.5625],"rotation":0,"texture":"#0","tintindex":0}}},{"from":[4.937446,7.4966707,9.536],"to":[8.009446,9.032671,11.0720005],"rotation":{"angle":0.0,"axis":"y","origin":[28.301325,4.005314,8.261459]},"faces":{"east":{"uv":[4.0625,0.6875,3.9375,0.5625],"rotation":0,"texture":"#0","tintindex":0},"south":{"uv":[4.1875,0.6875,3.9375,0.5625],"rotation":0,"texture":"#0","tintindex":0},"north":{"uv":[4.1875,0.6875,3.9375,0.5625],"rotation":0,"texture":"#0","tintindex":0},"west":{"uv":[4.0625,0.6875,3.9375,0.5625],"rotation":0,"texture":"#0","tintindex":0},"up":{"uv":[4.1875,0.6875,3.9375,0.5625],"rotation":0,"texture":"#0","tintindex":0},"down":{"uv":[4.1875,0.6875,3.9375,0.5625],"rotation":0,"texture":"#0","tintindex":0}}},{"from":[4.937446,7.4966707,7.232],"to":[8.009446,9.032671,8.768],"rotation":{"angle":0.0,"axis":"y","origin":[28.301325,4.005314,8.261459]},"faces":{"east":{"uv":[4.0625,0.6875,3.9375,0.5625],"rotation":0,"texture":"#0","tintindex":0},"south":{"uv":[4.1875,0.6875,3.9375,0.5625],"rotation":0,"texture":"#0","tintindex":0},"north":{"uv":[4.1875,0.6875,3.9375,0.5625],"rotation":0,"texture":"#0","tintindex":0},"west":{"uv":[4.0625,0.6875,3.9375,0.5625],"rotation":0,"texture":"#0","tintindex":0},"up":{"uv":[4.1875,0.6875,3.9375,0.5625],"rotation":0,"texture":"#0","tintindex":0},"down":{"uv":[4.1875,0.6875,3.9375,0.5625],"rotation":0,"texture":"#0","tintindex":0}}}],"display":{"head":{"translation":[0.0,-6.4,0.0],"scale":[4.0,4.0,4.0]}}}