{"textures":{"0":"modelengine:entity/ent_king"},"elements":[{"from":[8.090752,6.157504,6.9095516],"to":[16.538754,9.229505,9.981552],"rotation":{"angle":0.0,"axis":"y","origin":[3.9268732,6.506148,8.707011]},"faces":{"east":{"uv":[2.0,2.75,2.25,2.5],"rotation":90,"texture":"#0","tintindex":0},"south":{"uv":[2.0,3.1875,2.25,2.5],"rotation":90,"texture":"#0","tintindex":0},"north":{"uv":[2.0,3.1875,2.25,2.5],"rotation":90,"texture":"#0","tintindex":0},"west":{"uv":[2.0,2.75,2.25,2.5],"rotation":90,"texture":"#0","tintindex":0},"up":{"uv":[2.0,3.1875,2.25,2.5],"rotation":90,"texture":"#0","tintindex":0},"down":{"uv":[2.0,3.1875,2.25,2.5],"rotation":90,"texture":"#0","tintindex":0}}},{"from":[8.237687,9.146198,5.3735514],"to":[15.917687,10.682198,11.517551],"rotation":{"angle":0.0,"axis":"y","origin":[3.9268732,6.506148,8.707011]},"faces":{"east":{"uv":[0.0,3.9375,0.5,3.8125],"rotation":0,"texture":"#0","tintindex":0},"south":{"uv":[0.0,3.9375,0.625,3.8125],"rotation":0,"texture":"#0","tintindex":0},"north":{"uv":[0.0,3.9375,0.625,3.8125],"rotation":0,"texture":"#0","tintindex":0},"west":{"uv":[0.0,3.9375,0.5,3.8125],"rotation":0,"texture":"#0","tintindex":0},"up":{"uv":[0.0,4.3125,0.625,3.8125],"rotation":0,"texture":"#0","tintindex":0},"down":{"uv":[0.0,4.3125,0.625,3.8125],"rotation":0,"texture":"#0","tintindex":0}}},{"from":[9.005688,10.280172,6.2308125],"to":[15.149687,11.816173,9.302813],"rotation":{"angle":-45.0,"axis":"x","origin":[3.9268732,6.506148,8.707011]},"faces":{"east":{"uv":[0.0,3.9375,0.25,3.8125],"rotation":0,"texture":"#0","tintindex":0},"south":{"uv":[0.0,3.9375,0.5,3.8125],"rotation":0,"texture":"#0","tintindex":0},"north":{"uv":[0.0,3.9375,0.5,3.8125],"rotation":0,"texture":"#0","tintindex":0},"west":{"uv":[0.0,3.9375,0.25,3.8125],"rotation":0,"texture":"#0","tintindex":0},"up":{"uv":[0.0,4.0625,0.5,3.8125],"rotation":0,"texture":"#0","tintindex":0},"down":{"uv":[0.0,4.0625,0.5,3.8125],"rotation":0,"texture":"#0","tintindex":0}}},{"from":[9.005688,9.910414,7.74145],"to":[15.149687,11.446414,10.81345],"rotation":{"angle":45.0,"axis":"x","origin":[3.9268732,6.506148,8.707011]},"faces":{"east":{"uv":[0.0,3.9375,0.25,3.8125],"rotation":0,"texture":"#0","tintindex":0},"south":{"uv":[0.0,3.9375,0.5,3.8125],"rotation":0,"texture":"#0","tintindex":0},"north":{"uv":[0.0,3.9375,0.5,3.8125],"rotation":0,"texture":"#0","tintindex":0},"west":{"uv":[0.0,3.9375,0.25,3.8125],"rotation":0,"texture":"#0","tintindex":0},"up":{"uv":[0.0,4.0625,0.5,3.8125],"rotation":0,"texture":"#0","tintindex":0},"down":{"uv":[0.0,4.0625,0.5,3.8125],"rotation":0,"texture":"#0","tintindex":0}}},{"from":[12.845688,10.682198,6.9095516],"to":[15.149687,11.450198,9.981552],"rotation":{"angle":0.0,"axis":"y","origin":[3.9268732,6.506148,8.707011]},"faces":{"east":{"uv":[5.6875,5.875,5.9375,5.8125],"rotation":0,"texture":"#0","tintindex":0},"south":{"uv":[5.6875,5.875,5.875,5.8125],"rotation":0,"texture":"#0","tintindex":0},"north":{"uv":[5.6875,5.875,5.875,5.8125],"rotation":0,"texture":"#0","tintindex":0},"west":{"uv":[5.6875,5.875,5.9375,5.8125],"rotation":0,"texture":"#0","tintindex":0},"up":{"uv":[5.6875,6.0625,5.875,5.8125],"rotation":0,"texture":"#0","tintindex":0},"down":{"uv":[5.6875,6.0625,5.875,5.8125],"rotation":0,"texture":"#0","tintindex":0}}},{"from":[9.005688,10.682198,6.1415515],"to":[12.845688,11.450198,10.749552],"rotation":{"angle":0.0,"axis":"y","origin":[3.9268732,6.506148,8.707011]},"faces":{"east":{"uv":[5.6875,5.875,6.0625,5.8125],"rotation":0,"texture":"#0","tintindex":0},"south":{"uv":[5.6875,5.875,6.0,5.8125],"rotation":0,"texture":"#0","tintindex":0},"north":{"uv":[5.6875,5.875,6.0,5.8125],"rotation":0,"texture":"#0","tintindex":0},"west":{"uv":[5.6875,5.875,6.0625,5.8125],"rotation":0,"texture":"#0","tintindex":0},"up":{"uv":[8.34375,6.40625,8.65625,6.03125],"rotation":0,"texture":"#0","tintindex":0},"down":{"uv":[5.6875,6.1875,6.0,5.8125],"rotation":0,"texture":"#0","tintindex":0}}}],"display":{"head":{"translation":[0.0,-6.4,0.0],"scale":[4.0,4.0,4.0]}}}