{"textures":{"0":"modelengine:entity/ent_king"},"elements":[{"from":[7.8585796,5.55556,5.522069],"to":[15.53858,11.69956,11.666069],"rotation":{"angle":0.0,"axis":"y","origin":[-4.7532988,6.6722035,8.855528]},"faces":{"east":{"uv":[3.9375,1.0625,4.4375,0.5625],"rotation":0,"texture":"#0","tintindex":0},"south":{"uv":[3.9375,1.0625,4.5625,0.5625],"rotation":0,"texture":"#0","tintindex":0},"north":{"uv":[3.9375,1.0625,4.5625,0.5625],"rotation":0,"texture":"#0","tintindex":0},"west":{"uv":[3.9375,1.0625,4.4375,0.5625],"rotation":0,"texture":"#0","tintindex":0},"up":{"uv":[3.9375,1.0625,4.5625,0.5625],"rotation":0,"texture":"#0","tintindex":0},"down":{"uv":[3.9375,1.0625,4.5625,0.5625],"rotation":0,"texture":"#0","tintindex":0}}},{"from":[4.9747725,16.00338,5.5604687],"to":[12.0787735,19.075378,11.646869],"rotation":{"angle":-22.5,"axis":"z","origin":[-4.7532988,6.6722035,8.855528]},"faces":{"east":{"uv":[3.9375,0.8125,4.4328127,0.5625],"rotation":0,"texture":"#0","tintindex":0},"south":{"uv":[3.9375,0.8125,4.515625,0.5625],"rotation":0,"texture":"#0","tintindex":0},"north":{"uv":[3.9375,0.8125,4.515625,0.5625],"rotation":0,"texture":"#0","tintindex":0},"west":{"uv":[3.9375,0.8125,4.4328127,0.5625],"rotation":0,"texture":"#0","tintindex":0},"up":{"uv":[3.9375,1.0578125,4.515625,0.5625],"rotation":0,"texture":"#0","tintindex":0},"down":{"uv":[3.9375,1.0578125,4.515625,0.5625],"rotation":0,"texture":"#0","tintindex":0}}},{"from":[4.146345,12.889372,10.130069],"to":[8.946345,14.425372,11.666069],"rotation":{"angle":0.0,"axis":"y","origin":[-4.7532988,6.6722035,8.855528]},"faces":{"east":{"uv":[3.9375,0.6875,4.0625,0.5625],"rotation":0,"texture":"#0","tintindex":0},"south":{"uv":[3.9375,0.6875,4.328125,0.5625],"rotation":0,"texture":"#0","tintindex":0},"north":{"uv":[3.9375,0.6875,4.328125,0.5625],"rotation":0,"texture":"#0","tintindex":0},"west":{"uv":[3.9375,0.6875,4.0625,0.5625],"rotation":0,"texture":"#0","tintindex":0},"up":{"uv":[3.9375,0.6875,4.328125,0.5625],"rotation":0,"texture":"#0","tintindex":0},"down":{"uv":[3.9375,0.6875,4.328125,0.5625],"rotation":0,"texture":"#0","tintindex":0}}},{"from":[1.7980585,17.479315,6.2900686],"to":[5.0620584,19.015316,7.826069],"rotation":{"angle":-22.5,"axis":"z","origin":[-4.7532988,6.6722035,8.855528]},"faces":{"east":{"uv":[3.9375,0.6875,4.0625,0.5625],"rotation":0,"texture":"#0","tintindex":0},"south":{"uv":[3.9375,0.6875,4.203125,0.5625],"rotation":0,"texture":"#0","tintindex":0},"north":{"uv":[3.9375,0.6875,4.203125,0.5625],"rotation":0,"texture":"#0","tintindex":0},"west":{"uv":[3.9375,0.6875,4.0625,0.5625],"rotation":0,"texture":"#0","tintindex":0},"up":{"uv":[3.9375,0.6875,4.203125,0.5625],"rotation":0,"texture":"#0","tintindex":0},"down":{"uv":[3.9375,0.6875,4.203125,0.5625],"rotation":0,"texture":"#0","tintindex":0}}},{"from":[-2.7662745,21.079258,8.421268],"to":[-0.27027416,21.847256,9.189269],"rotation":{"angle":-45.0,"axis":"z","origin":[-4.7532988,6.6722035,8.855528]},"faces":{"east":{"uv":[3.9375,0.625,4.0,0.5625],"rotation":0,"texture":"#0","tintindex":0},"south":{"uv":[3.9375,0.625,4.140625,0.5625],"rotation":0,"texture":"#0","tintindex":0},"north":{"uv":[3.9375,0.625,4.140625,0.5625],"rotation":0,"texture":"#0","tintindex":0},"west":{"uv":[3.9375,0.625,4.0,0.5625],"rotation":0,"texture":"#0","tintindex":0},"up":{"uv":[3.9375,0.625,4.140625,0.5625],"rotation":0,"texture":"#0","tintindex":0},"down":{"uv":[3.9375,0.625,4.140625,0.5625],"rotation":0,"texture":"#0","tintindex":0}}},{"from":[4.0147724,18.307379,9.189269],"to":[4.9747725,19.075378,9.957269],"rotation":{"angle":-22.5,"axis":"z","origin":[-4.7532988,6.6722035,8.855528]},"faces":{"east":{"uv":[3.9375,0.625,4.0,0.5625],"rotation":0,"texture":"#0","tintindex":0},"south":{"uv":[3.9375,0.625,4.015625,0.5625],"rotation":0,"texture":"#0","tintindex":0},"north":{"uv":[3.9375,0.625,4.015625,0.5625],"rotation":0,"texture":"#0","tintindex":0},"west":{"uv":[3.9375,0.625,4.0,0.5625],"rotation":0,"texture":"#0","tintindex":0},"up":{"uv":[3.9375,0.625,4.015625,0.5625],"rotation":0,"texture":"#0","tintindex":0},"down":{"uv":[3.9375,0.625,4.015625,0.5625],"rotation":0,"texture":"#0","tintindex":0}}},{"from":[3.2467728,16.00338,5.522069],"to":[4.9747725,16.77138,6.2900686],"rotation":{"angle":-22.5,"axis":"z","origin":[-4.7532988,6.6722035,8.855528]},"faces":{"east":{"uv":[3.9375,0.625,4.0,0.5625],"rotation":0,"texture":"#0","tintindex":0},"south":{"uv":[3.9375,0.625,4.078125,0.5625],"rotation":0,"texture":"#0","tintindex":0},"north":{"uv":[3.9375,0.625,4.078125,0.5625],"rotation":0,"texture":"#0","tintindex":0},"west":{"uv":[3.9375,0.625,4.0,0.5625],"rotation":0,"texture":"#0","tintindex":0},"up":{"uv":[3.9375,0.625,4.078125,0.5625],"rotation":0,"texture":"#0","tintindex":0},"down":{"uv":[3.9375,0.625,4.078125,0.5625],"rotation":0,"texture":"#0","tintindex":0}}},{"from":[2.8627725,16.19538,10.398869],"to":[4.9747725,17.347378,11.550869],"rotation":{"angle":-22.5,"axis":"z","origin":[-4.7532988,6.6722035,8.855528]},"faces":{"east":{"uv":[3.9375,0.65625,4.03125,0.5625],"rotation":0,"texture":"#0","tintindex":0},"south":{"uv":[3.9375,0.65625,4.109375,0.5625],"rotation":0,"texture":"#0","tintindex":0},"north":{"uv":[3.9375,0.65625,4.109375,0.5625],"rotation":0,"texture":"#0","tintindex":0},"west":{"uv":[3.9375,0.65625,4.03125,0.5625],"rotation":0,"texture":"#0","tintindex":0},"up":{"uv":[3.9375,0.65625,4.109375,0.5625],"rotation":0,"texture":"#0","tintindex":0},"down":{"uv":[3.9375,0.65625,4.109375,0.5625],"rotation":0,"texture":"#0","tintindex":0}}},{"from":[8.629787,7.5369864,-0.8706894],"to":[14.005788,7.5369864,4.505311],"rotation":{"angle":22.5,"axis":"x","origin":[-4.7532988,6.6722035,8.855528]},"faces":{"east":{"uv":[8.1875,1.125,7.75,1.125],"rotation":0,"texture":"#0","tintindex":0},"south":{"uv":[8.125,5.125,7.6875,5.125],"rotation":0,"texture":"#0","tintindex":0},"north":{"uv":[1.0625,5.0,0.625,5.0],"rotation":0,"texture":"#0","tintindex":0},"west":{"uv":[8.125,3.0,7.6875,3.0],"rotation":0,"texture":"#0","tintindex":0},"up":{"uv":[5.3125,5.4375,5.75,5.0],"rotation":0,"texture":"#0","tintindex":0},"down":{"uv":[5.3125,5.0,5.75,5.4375],"rotation":0,"texture":"#0","tintindex":0}}},{"from":[4.1692758,18.909569,8.581307],"to":[11.081276,24.285568,8.581307],"rotation":{"angle":-22.5,"axis":"z","origin":[-4.7532988,6.6722035,8.855528]},"faces":{"east":{"uv":[2.6875,7.75,2.6875,8.1875],"rotation":0,"texture":"#0","tintindex":0},"south":{"uv":[0.0,4.9375,0.5625,5.375],"rotation":0,"texture":"#0","tintindex":0},"north":{"uv":[0.5625,4.9375,0.0,5.375],"rotation":0,"texture":"#0","tintindex":0},"west":{"uv":[2.625,7.75,2.625,8.1875],"rotation":0,"texture":"#0","tintindex":0},"up":{"uv":[7.75,2.5,8.3125,2.5],"rotation":0,"texture":"#0","tintindex":0},"down":{"uv":[7.75,2.5625,8.3125,2.5625],"rotation":0,"texture":"#0","tintindex":0}}}],"display":{"head":{"translation":[0.0,-6.4,0.0],"scale":[4.0,4.0,4.0]}}}