{"textures":{"0":"modelengine:entity/ent_king"},"elements":[{"from":[4.315324,15.748198,4.956571],"to":[7.387324,17.284199,6.4354286],"rotation":{"angle":-22.5,"axis":"z","origin":[-15.346201,3.698556,8.275744]},"faces":{"east":{"uv":[3.9375,0.6875,4.0625,0.5625],"rotation":0,"texture":"#0","tintindex":0},"south":{"uv":[3.9375,0.6875,4.1875,0.5625],"rotation":0,"texture":"#0","tintindex":0},"north":{"uv":[3.9375,0.6875,4.1875,0.5625],"rotation":0,"texture":"#0","tintindex":0},"west":{"uv":[3.9375,0.6875,4.0625,0.5625],"rotation":0,"texture":"#0","tintindex":0},"up":{"uv":[3.9375,0.6875,4.1875,0.5625],"rotation":0,"texture":"#0","tintindex":0},"down":{"uv":[3.9375,0.6875,4.1875,0.5625],"rotation":0,"texture":"#0","tintindex":0}}},{"from":[4.315324,15.748198,9.564571],"to":[7.387324,17.284199,11.043428],"rotation":{"angle":-22.5,"axis":"z","origin":[-15.346201,3.698556,8.275744]},"faces":{"east":{"uv":[3.9375,0.6875,4.0625,0.5625],"rotation":0,"texture":"#0","tintindex":0},"south":{"uv":[3.9375,0.6875,4.1875,0.5625],"rotation":0,"texture":"#0","tintindex":0},"north":{"uv":[3.9375,0.6875,4.1875,0.5625],"rotation":0,"texture":"#0","tintindex":0},"west":{"uv":[3.9375,0.6875,4.0625,0.5625],"rotation":0,"texture":"#0","tintindex":0},"up":{"uv":[3.9375,0.6875,4.1875,0.5625],"rotation":0,"texture":"#0","tintindex":0},"down":{"uv":[3.9375,0.6875,4.1875,0.5625],"rotation":0,"texture":"#0","tintindex":0}}},{"from":[4.315324,15.748198,7.2605715],"to":[7.387324,17.284199,8.7394285],"rotation":{"angle":-22.5,"axis":"z","origin":[-15.346201,3.698556,8.275744]},"faces":{"east":{"uv":[3.9375,0.6875,4.0625,0.5625],"rotation":0,"texture":"#0","tintindex":0},"south":{"uv":[3.9375,0.6875,4.1875,0.5625],"rotation":0,"texture":"#0","tintindex":0},"north":{"uv":[3.9375,0.6875,4.1875,0.5625],"rotation":0,"texture":"#0","tintindex":0},"west":{"uv":[3.9375,0.6875,4.0625,0.5625],"rotation":0,"texture":"#0","tintindex":0},"up":{"uv":[3.9375,0.6875,4.1875,0.5625],"rotation":0,"texture":"#0","tintindex":0},"down":{"uv":[3.9375,0.6875,4.1875,0.5625],"rotation":0,"texture":"#0","tintindex":0}}}],"display":{"head":{"translation":[0.0,-6.4,0.0],"scale":[4.0,4.0,4.0]}}}