{"textures":{"0":"modelengine:entity/ent_king"},"elements":[{"from":[5.3655405,2.834837,-6.4289427],"to":[10.64554,5.9068375,-2.5889425],"rotation":{"angle":-22.5,"axis":"x","origin":[4.2128544,26.37628,7.824081]},"faces":{"east":{"uv":[4.1875,0.5625,3.9375,0.875],"rotation":90,"texture":"#0","tintindex":0},"south":{"uv":[4.1875,0.53125,3.9375,0.9609375],"rotation":90,"texture":"#0","tintindex":0},"north":{"uv":[4.1875,0.5625,3.9375,0.9921875],"rotation":90,"texture":"#0","tintindex":0},"west":{"uv":[4.1875,0.5625,3.9375,0.875],"rotation":90,"texture":"#0","tintindex":0},"up":{"uv":[4.25,0.5625,3.9375,0.9921875],"rotation":90,"texture":"#0","tintindex":0},"down":{"uv":[4.25,0.5625,3.9375,0.9921875],"rotation":90,"texture":"#0","tintindex":0}}},{"from":[5.3079405,0.6892619,5.2586217],"to":[10.683941,8.369263,10.634622],"rotation":{"angle":0.0,"axis":"y","origin":[4.2128544,26.37628,7.824081]},"faces":{"east":{"uv":[4.5625,0.5625,3.9375,1.0],"rotation":90,"texture":"#0","tintindex":0},"south":{"uv":[4.5625,0.53125,3.9375,0.96875],"rotation":90,"texture":"#0","tintindex":0},"north":{"uv":[4.5625,0.5625,3.9375,1.0],"rotation":90,"texture":"#0","tintindex":0},"west":{"uv":[4.5625,0.5625,3.9375,1.0],"rotation":90,"texture":"#0","tintindex":0},"up":{"uv":[4.375,0.5625,3.9375,1.0],"rotation":90,"texture":"#0","tintindex":0},"down":{"uv":[4.375,0.5625,3.9375,1.0],"rotation":90,"texture":"#0","tintindex":0}}},{"from":[6.07594,4.5292625,4.4906216],"to":[9.91594,9.905263,5.2586217],"rotation":{"angle":0.0,"axis":"y","origin":[4.2128544,26.37628,7.824081]},"faces":{"east":{"uv":[0.4375,3.8125,0.0,3.875],"rotation":90,"texture":"#0","tintindex":0},"south":{"uv":[0.4375,3.8125,0.0,4.125],"rotation":90,"texture":"#0","tintindex":0},"north":{"uv":[8.65625,6.46875,8.34375,6.03125],"rotation":0,"texture":"#0","tintindex":0},"west":{"uv":[0.4375,3.8125,0.0,3.875],"rotation":90,"texture":"#0","tintindex":0},"up":{"uv":[0.0625,3.8125,0.0,4.125],"rotation":90,"texture":"#0","tintindex":0},"down":{"uv":[0.0625,3.8125,0.0,4.125],"rotation":90,"texture":"#0","tintindex":0}}},{"from":[8.198649,5.2972627,2.5651584],"to":[9.73465,9.137262,3.3331585],"rotation":{"angle":-22.5,"axis":"y","origin":[4.2128544,26.37628,7.824081]},"faces":{"east":{"uv":[0.3125,3.8125,0.0,3.875],"rotation":90,"texture":"#0","tintindex":0},"south":{"uv":[0.3125,3.8125,0.0,3.9375],"rotation":90,"texture":"#0","tintindex":0},"north":{"uv":[0.3125,3.8125,0.0,3.9375],"rotation":90,"texture":"#0","tintindex":0},"west":{"uv":[0.3125,3.8125,0.0,3.875],"rotation":90,"texture":"#0","tintindex":0},"up":{"uv":[0.0625,3.8125,0.0,3.9375],"rotation":90,"texture":"#0","tintindex":0},"down":{"uv":[0.0625,3.8125,0.0,3.9375],"rotation":90,"texture":"#0","tintindex":0}}},{"from":[5.689896,5.2972627,5.4783983],"to":[7.225896,9.137262,6.2463984],"rotation":{"angle":22.5,"axis":"y","origin":[4.2128544,26.37628,7.824081]},"faces":{"east":{"uv":[0.3125,3.8125,0.0,3.875],"rotation":90,"texture":"#0","tintindex":0},"south":{"uv":[0.3125,3.8125,0.0,3.9375],"rotation":90,"texture":"#0","tintindex":0},"north":{"uv":[0.3125,3.8125,0.0,3.9375],"rotation":90,"texture":"#0","tintindex":0},"west":{"uv":[0.3125,3.8125,0.0,3.875],"rotation":90,"texture":"#0","tintindex":0},"up":{"uv":[0.0625,3.8125,0.0,3.9375],"rotation":90,"texture":"#0","tintindex":0},"down":{"uv":[0.0625,3.8125,0.0,3.9375],"rotation":90,"texture":"#0","tintindex":0}}},{"from":[5.32714,-0.84673786,3.7226214],"to":[10.664741,0.6892619,10.634622],"rotation":{"angle":0.0,"axis":"y","origin":[4.2128544,26.37628,7.824081]},"faces":{"east":{"uv":[4.0625,0.5625,3.9375,1.125],"rotation":90,"texture":"#0","tintindex":0},"south":{"uv":[4.0625,0.53125,3.9375,0.965625],"rotation":90,"texture":"#0","tintindex":0},"north":{"uv":[4.0625,0.5625,3.9375,0.996875],"rotation":90,"texture":"#0","tintindex":0},"west":{"uv":[4.0625,0.5625,3.9375,1.125],"rotation":90,"texture":"#0","tintindex":0},"up":{"uv":[4.5,0.5625,3.9375,0.996875],"rotation":90,"texture":"#0","tintindex":0},"down":{"uv":[4.5,0.5625,3.9375,0.996875],"rotation":90,"texture":"#0","tintindex":0}}}],"display":{"head":{"translation":[0.0,-6.4,0.0],"scale":[4.0,4.0,4.0]}}}