{"textures":{"0":"modelengine:entity/ent_king"},"elements":[{"from":[4.6414766,7.35235,4.4932346],"to":[11.553477,13.496351,11.405235],"rotation":{"angle":0.0,"axis":"y","origin":[8.040563,18.447369,7.826694]},"faces":{"east":{"uv":[2.0,2.5,2.5625,3.0],"rotation":0,"texture":"#0","tintindex":0},"south":{"uv":[2.0,2.5,2.5625,3.0],"rotation":0,"texture":"#0","tintindex":0},"north":{"uv":[2.0,2.5,2.5625,3.0],"rotation":0,"texture":"#0","tintindex":0},"west":{"uv":[2.0,2.5,2.5625,3.0],"rotation":0,"texture":"#0","tintindex":0},"up":{"uv":[2.0,2.5,2.5625,3.0625],"rotation":0,"texture":"#0","tintindex":0},"down":{"uv":[2.0,2.5,2.5625,3.0625],"rotation":0,"texture":"#0","tintindex":0}}},{"from":[2.3374767,6.58435,5.6452346],"to":[13.857477,18.104351,10.253235],"rotation":{"angle":0.0,"axis":"y","origin":[8.040563,18.447369,7.826694]},"faces":{"east":{"uv":[0.0,1.75,0.375,2.6875],"rotation":0,"texture":"#0","tintindex":0},"south":{"uv":[0.0,1.75,0.9375,2.6875],"rotation":0,"texture":"#0","tintindex":0},"north":{"uv":[0.0,1.75,0.9375,2.6875],"rotation":0,"texture":"#0","tintindex":0},"west":{"uv":[0.0,1.75,0.375,2.6875],"rotation":0,"texture":"#0","tintindex":0},"up":{"uv":[0.0,1.75,0.9375,2.125],"rotation":0,"texture":"#0","tintindex":0},"down":{"uv":[0.0,1.75,0.9375,2.125],"rotation":0,"texture":"#0","tintindex":0}}},{"from":[4.6414766,3.51235,5.6452346],"to":[11.553477,6.58435,10.253235],"rotation":{"angle":0.0,"axis":"y","origin":[8.040563,18.447369,7.826694]},"faces":{"east":{"uv":[0.0,1.75,0.375,2.0],"rotation":0,"texture":"#0","tintindex":0},"south":{"uv":[0.0,1.75,0.5625,2.0],"rotation":0,"texture":"#0","tintindex":0},"north":{"uv":[0.0,1.75,0.5625,2.0],"rotation":0,"texture":"#0","tintindex":0},"west":{"uv":[0.0,1.75,0.375,2.0],"rotation":0,"texture":"#0","tintindex":0},"up":{"uv":[0.0,1.75,0.5625,2.125],"rotation":0,"texture":"#0","tintindex":0},"down":{"uv":[0.0,1.75,0.5625,2.125],"rotation":0,"texture":"#0","tintindex":0}}},{"from":[0.41747618,-2.63165,7.5652347],"to":[15.777477,18.104351,7.5652347],"rotation":{"angle":0.0,"axis":"y","origin":[8.040563,18.447369,7.826694]},"faces":{"east":{"uv":[2.9375,7.5625,2.9375,9.25],"rotation":0,"texture":"#0","tintindex":0},"south":{"uv":[1.25,0.0,0.0,1.6875],"rotation":0,"texture":"#0","tintindex":0},"north":{"uv":[0.0,0.0,1.25,1.6875],"rotation":0,"texture":"#0","tintindex":0},"west":{"uv":[7.6875,7.6875,7.6875,9.375],"rotation":0,"texture":"#0","tintindex":0},"up":{"uv":[8.8125,5.75,7.5625,5.75],"rotation":0,"texture":"#0","tintindex":0},"down":{"uv":[8.9375,1.9375,7.6875,1.9375],"rotation":0,"texture":"#0","tintindex":0}}},{"from":[5.793477,-0.32765007,5.6452346],"to":[10.401477,3.51235,10.253235],"rotation":{"angle":0.0,"axis":"y","origin":[8.040563,18.447369,7.826694]},"faces":{"east":{"uv":[0.0,1.75,0.375,2.0625],"rotation":0,"texture":"#0","tintindex":0},"south":{"uv":[0.0,1.75,0.375,2.0625],"rotation":0,"texture":"#0","tintindex":0},"north":{"uv":[0.0,1.75,0.375,2.0625],"rotation":0,"texture":"#0","tintindex":0},"west":{"uv":[0.0,1.75,0.375,2.0625],"rotation":0,"texture":"#0","tintindex":0},"up":{"uv":[0.0,1.75,0.375,2.125],"rotation":0,"texture":"#0","tintindex":0},"down":{"uv":[0.0,1.75,0.375,2.125],"rotation":0,"texture":"#0","tintindex":0}}}],"display":{"head":{"translation":[0.0,-6.4,0.0],"scale":[4.0,4.0,4.0]}}}