{"textures":{"0":"modelengine:entity/ent_king"},"elements":[{"from":[6.392686,1.4837699,9.184185],"to":[6.392686,6.09177,12.640185],"rotation":{"angle":-22.5,"axis":"x","origin":[8.063771,12.855669,8.286118]},"faces":{"east":{"uv":[4.28125,6.125,4.0,6.5],"rotation":0,"texture":"#0","tintindex":0},"south":{"uv":[0.75,7.75,0.75,8.125],"rotation":0,"texture":"#0","tintindex":0},"north":{"uv":[7.75,0.6875,7.75,1.0625],"rotation":0,"texture":"#0","tintindex":0},"west":{"uv":[4.0,6.125,4.28125,6.5],"rotation":0,"texture":"#0","tintindex":0},"up":{"uv":[0.8125,8.03125,0.8125,7.75],"rotation":0,"texture":"#0","tintindex":0},"down":{"uv":[0.875,7.75,0.875,8.03125],"rotation":0,"texture":"#0","tintindex":0}}},{"from":[3.1286855,9.160013,7.675434],"to":[13.112686,17.608013,13.819434],"rotation":{"angle":-22.5,"axis":"x","origin":[8.063771,12.855669,8.286118]},"faces":{"east":{"uv":[2.0,2.5,2.5,3.1875],"rotation":0,"texture":"#0","tintindex":0},"south":{"uv":[2.0,2.5,2.8125,3.1875],"rotation":0,"texture":"#0","tintindex":0},"north":{"uv":[2.8125,2.5,2.0,3.1875],"rotation":0,"texture":"#0","tintindex":0},"west":{"uv":[2.0,2.5,2.5,3.1875],"rotation":0,"texture":"#0","tintindex":0},"up":{"uv":[2.0,2.5,2.8125,3.0],"rotation":0,"texture":"#0","tintindex":0},"down":{"uv":[2.0,2.5,2.8125,3.0],"rotation":0,"texture":"#0","tintindex":0}}},{"from":[8.504685,13.394833,13.675209],"to":[10.040686,14.930833,19.051208],"rotation":{"angle":-45.0,"axis":"x","origin":[8.063771,12.855669,8.286118]},"faces":{"east":{"uv":[2.0,2.5,2.125,2.9375],"rotation":90,"texture":"#0","tintindex":0},"south":{"uv":[2.0,2.5,2.125,2.625],"rotation":90,"texture":"#0","tintindex":0},"north":{"uv":[2.0,2.5,2.125,2.625],"rotation":90,"texture":"#0","tintindex":0},"west":{"uv":[2.0,2.5,2.125,2.9375],"rotation":90,"texture":"#0","tintindex":0},"up":{"uv":[2.0,2.5,2.125,2.9375],"rotation":0,"texture":"#0","tintindex":0},"down":{"uv":[2.0,2.5,2.125,2.9375],"rotation":0,"texture":"#0","tintindex":0}}},{"from":[9.272686,18.4983,16.400146],"to":[9.272686,21.9543,21.008146],"rotation":{"angle":-22.5,"axis":"x","origin":[8.063771,12.855669,8.286118]},"faces":{"east":{"uv":[6.4375,5.8125,6.0625,6.09375],"rotation":0,"texture":"#0","tintindex":0},"south":{"uv":[4.75,5.25,4.75,5.53125],"rotation":0,"texture":"#0","tintindex":0},"north":{"uv":[4.25,4.8125,4.25,5.09375],"rotation":0,"texture":"#0","tintindex":0},"west":{"uv":[6.0625,5.8125,6.4375,6.09375],"rotation":0,"texture":"#0","tintindex":0},"up":{"uv":[2.3125,5.8125,2.3125,5.4375],"rotation":0,"texture":"#0","tintindex":0},"down":{"uv":[0.1875,7.75,0.1875,8.125],"rotation":0,"texture":"#0","tintindex":0}}},{"from":[3.5126858,15.927221,16.580345],"to":[4.6646852,17.07922,20.420345],"rotation":{"angle":-22.5,"axis":"x","origin":[8.063771,12.855669,8.286118]},"faces":{"east":{"uv":[2.0,2.5,2.09375,2.8125],"rotation":90,"texture":"#0","tintindex":0},"south":{"uv":[2.0,2.5,2.09375,2.59375],"rotation":90,"texture":"#0","tintindex":0},"north":{"uv":[2.0,2.5,2.09375,2.59375],"rotation":90,"texture":"#0","tintindex":0},"west":{"uv":[2.0,2.5,2.09375,2.8125],"rotation":90,"texture":"#0","tintindex":0},"up":{"uv":[2.0,2.5,2.09375,2.8125],"rotation":0,"texture":"#0","tintindex":0},"down":{"uv":[2.0,2.5,2.09375,2.8125],"rotation":0,"texture":"#0","tintindex":0}}},{"from":[3.3206854,12.308717,12.589092],"to":[4.8566856,13.844717,17.965092],"rotation":{"angle":-45.0,"axis":"x","origin":[8.063771,12.855669,8.286118]},"faces":{"east":{"uv":[2.0,2.5,2.125,2.9375],"rotation":90,"texture":"#0","tintindex":0},"south":{"uv":[2.0,2.5,2.125,2.625],"rotation":90,"texture":"#0","tintindex":0},"north":{"uv":[2.0,2.5,2.125,2.625],"rotation":90,"texture":"#0","tintindex":0},"west":{"uv":[2.0,2.5,2.125,2.9375],"rotation":90,"texture":"#0","tintindex":0},"up":{"uv":[2.0,2.5,2.125,2.9375],"rotation":0,"texture":"#0","tintindex":0},"down":{"uv":[2.0,2.5,2.125,2.9375],"rotation":0,"texture":"#0","tintindex":0}}},{"from":[7.9286857,11.791721,16.529919],"to":[9.080686,12.943722,20.369919],"rotation":{"angle":-22.5,"axis":"x","origin":[8.063771,12.855669,8.286118]},"faces":{"east":{"uv":[2.0,2.5,2.09375,2.8125],"rotation":90,"texture":"#0","tintindex":0},"south":{"uv":[2.0,2.5,2.09375,2.59375],"rotation":90,"texture":"#0","tintindex":0},"north":{"uv":[2.0,2.5,2.09375,2.59375],"rotation":90,"texture":"#0","tintindex":0},"west":{"uv":[2.0,2.5,2.09375,2.8125],"rotation":90,"texture":"#0","tintindex":0},"up":{"uv":[2.0,2.5,2.09375,2.8125],"rotation":0,"texture":"#0","tintindex":0},"down":{"uv":[2.0,2.5,2.09375,2.8125],"rotation":0,"texture":"#0","tintindex":0}}},{"from":[7.7366858,8.507311,10.959919],"to":[9.272686,10.04331,16.335918],"rotation":{"angle":-45.0,"axis":"x","origin":[8.063771,12.855669,8.286118]},"faces":{"east":{"uv":[2.0,2.5,2.125,2.9375],"rotation":90,"texture":"#0","tintindex":0},"south":{"uv":[2.0,2.5,2.125,2.625],"rotation":90,"texture":"#0","tintindex":0},"north":{"uv":[2.0,2.5,2.125,2.625],"rotation":90,"texture":"#0","tintindex":0},"west":{"uv":[2.0,2.5,2.125,2.9375],"rotation":90,"texture":"#0","tintindex":0},"up":{"uv":[2.0,2.5,2.125,2.9375],"rotation":0,"texture":"#0","tintindex":0},"down":{"uv":[2.0,2.5,2.125,2.9375],"rotation":0,"texture":"#0","tintindex":0}}},{"from":[5.0486856,12.431948,13.38703],"to":[7.352686,14.735949,17.227032],"rotation":{"angle":-22.5,"axis":"x","origin":[8.063771,12.855669,8.286118]},"faces":{"east":{"uv":[2.0,2.5,2.1875,2.8125],"rotation":90,"texture":"#0","tintindex":0},"south":{"uv":[2.0,2.5,2.1875,2.6875],"rotation":90,"texture":"#0","tintindex":0},"north":{"uv":[2.0,2.5,2.1875,2.6875],"rotation":90,"texture":"#0","tintindex":0},"west":{"uv":[2.0,2.5,2.1875,2.8125],"rotation":90,"texture":"#0","tintindex":0},"up":{"uv":[2.0,2.5,2.1875,2.8125],"rotation":0,"texture":"#0","tintindex":0},"down":{"uv":[2.0,2.5,2.1875,2.8125],"rotation":0,"texture":"#0","tintindex":0}}},{"from":[5.4326854,15.831298,15.645895],"to":[6.9686856,17.367298,19.485895],"rotation":{"angle":0.0,"axis":"y","origin":[8.063771,12.855669,8.286118]},"faces":{"east":{"uv":[2.0,2.5,2.125,2.8125],"rotation":90,"texture":"#0","tintindex":0},"south":{"uv":[2.0,2.5,2.125,2.625],"rotation":90,"texture":"#0","tintindex":0},"north":{"uv":[2.0,2.5,2.125,2.625],"rotation":90,"texture":"#0","tintindex":0},"west":{"uv":[2.0,2.5,2.125,2.8125],"rotation":90,"texture":"#0","tintindex":0},"up":{"uv":[2.0,2.5,2.125,2.8125],"rotation":0,"texture":"#0","tintindex":0},"down":{"uv":[2.0,2.5,2.125,2.8125],"rotation":0,"texture":"#0","tintindex":0}}},{"from":[10.4246855,8.600485,12.589092],"to":[12.728685,10.904485,16.429092],"rotation":{"angle":-45.0,"axis":"x","origin":[8.063771,12.855669,8.286118]},"faces":{"east":{"uv":[2.0,2.5,2.1875,2.8125],"rotation":90,"texture":"#0","tintindex":0},"south":{"uv":[2.0,2.5,2.1875,2.6875],"rotation":90,"texture":"#0","tintindex":0},"north":{"uv":[2.0,2.5,2.1875,2.6875],"rotation":90,"texture":"#0","tintindex":0},"west":{"uv":[2.0,2.5,2.1875,2.8125],"rotation":90,"texture":"#0","tintindex":0},"up":{"uv":[2.0,2.5,2.1875,2.8125],"rotation":0,"texture":"#0","tintindex":0},"down":{"uv":[2.0,2.5,2.1875,2.8125],"rotation":0,"texture":"#0","tintindex":0}}},{"from":[10.808686,18.569412,13.150515],"to":[12.3446865,22.409412,14.686515],"rotation":{"angle":22.5,"axis":"x","origin":[8.063771,12.855669,8.286118]},"faces":{"east":{"uv":[2.0,2.5,2.3125,2.625],"rotation":90,"texture":"#0","tintindex":0},"south":{"uv":[2.0,2.5,2.125,2.8125],"rotation":0,"texture":"#0","tintindex":0},"north":{"uv":[2.0,2.5,2.125,2.8125],"rotation":0,"texture":"#0","tintindex":0},"west":{"uv":[2.0,2.5,2.3125,2.625],"rotation":90,"texture":"#0","tintindex":0},"up":{"uv":[2.0,2.5,2.125,2.625],"rotation":90,"texture":"#0","tintindex":0},"down":{"uv":[2.0,2.5,2.125,2.625],"rotation":90,"texture":"#0","tintindex":0}}},{"from":[5.4326854,13.564912,13.675745],"to":[6.9686856,15.100912,17.515743],"rotation":{"angle":45.0,"axis":"x","origin":[8.063771,12.855669,8.286118]},