{"textures":{"0":"modelengine:entity/steel_raider"},"elements":[{"from":[3.7142854,5.142857,5.714286],"to":[8.285714,9.714286,10.285714],"rotation":{"angle":0.0,"axis":"y","origin":[13.428572,-8.57143,2.8571424]},"faces":{"east":{"uv":[9.0,10.875,10.0,11.875],"rotation":0,"texture":"#0","tintindex":0},"south":{"uv":[11.0,2.375,12.0,3.375],"rotation":0,"texture":"#0","tintindex":0},"north":{"uv":[7.125,10.875,8.125,11.875],"rotation":0,"texture":"#0","tintindex":0},"west":{"uv":[11.125,7.625,12.125,8.625],"rotation":0,"texture":"#0","tintindex":0},"up":{"uv":[12.125,9.625,11.125,8.625],"rotation":0,"texture":"#0","tintindex":0},"down":{"uv":[4.0,11.25,3.0,12.25],"rotation":0,"texture":"#0","tintindex":0}}},{"from":[4.5714283,1.7142854,6.285714],"to":[7.428571,5.142857,9.714286],"rotation":{"angle":0.0,"axis":"y","origin":[1.4999995,0.28571415,8.142858]},"faces":{"east":{"uv":[13.0,0.0,13.75,0.75],"rotation":0,"texture":"#0","tintindex":0},"south":{"uv":[9.0,10.0,9.625,10.75],"rotation":0,"texture":"#0","tintindex":0},"north":{"uv":[8.5,1.125,9.125,1.875],"rotation":0,"texture":"#0","tintindex":0},"west":{"uv":[13.0,0.75,13.75,1.5],"rotation":0,"texture":"#0","tintindex":0},"up":{"uv":[13.875,2.25,13.25,1.5],"rotation":0,"texture":"#0","tintindex":0},"down":{"uv":[13.875,6.5,13.25,7.25],"rotation":0,"texture":"#0","tintindex":0}}}],"display":{"head":{"translation":[0.0,-6.4,0.0],"scale":[4.0,4.0,4.0]}}}