{"textures":{"0":"modelengine:entity/steel_raider"},"elements":[{"from":[5.8571424,5.285143,5.8571424],"to":[10.142858,6.428,10.142858],"rotation":{"angle":0.0,"axis":"y","origin":[19.428572,-0.99942875,2.8571424]},"faces":{"east":{"uv":[13.875,6.5,14.875,6.75],"rotation":0,"texture":"#0","tintindex":0},"south":{"uv":[13.875,6.75,14.875,7.0],"rotation":0,"texture":"#0","tintindex":0},"north":{"uv":[4.5,13.875,5.5,14.125],"rotation":0,"texture":"#0","tintindex":0},"west":{"uv":[13.875,7.0,14.875,7.25],"rotation":0,"texture":"#0","tintindex":0},"up":{"uv":[3.0,11.75,2.0,10.75],"rotation":0,"texture":"#0","tintindex":0},"down":{"uv":[7.125,10.875,6.125,11.875],"rotation":0,"texture":"#0","tintindex":0}}},{"from":[6.285714,4.1434283,6.285714],"to":[9.714286,8.143429,9.714286],"rotation":{"angle":0.0,"axis":"y","origin":[10.285714,-0.99942875,2.8571424]},"faces":{"east":{"uv":[12.5,11.625,13.25,12.5],"rotation":0,"texture":"#0","tintindex":0},"south":{"uv":[12.5,12.5,13.25,13.375],"rotation":0,"texture":"#0","tintindex":0},"north":{"uv":[12.5,6.5,13.25,7.375],"rotation":0,"texture":"#0","tintindex":0},"west":{"uv":[12.625,7.375,13.375,8.25],"rotation":0,"texture":"#0","tintindex":0},"up":{"uv":[0.75,13.5,0.0,12.75],"rotation":0,"texture":"#0","tintindex":0},"down":{"uv":[13.5,2.375,12.75,3.125],"rotation":0,"texture":"#0","tintindex":0}}}],"display":{"head":{"translation":[0.0,-6.4,0.0],"scale":[4.0,4.0,4.0]}}}