{"textures":{"0":"modelengine:entity/steel_raider"},"elements":[{"from":[6.285714,4.429143,6.285714],"to":[9.714286,8.429143,9.714286],"rotation":{"angle":0.0,"axis":"y","origin":[5.714286,-0.7137146,2.8571424]},"faces":{"east":{"uv":[13.375,7.375,12.625,8.25],"rotation":0,"texture":"#0","tintindex":0},"south":{"uv":[13.25,12.5,12.5,13.375],"rotation":0,"texture":"#0","tintindex":0},"north":{"uv":[13.25,6.5,12.5,7.375],"rotation":0,"texture":"#0","tintindex":0},"west":{"uv":[13.25,11.625,12.5,12.5],"rotation":0,"texture":"#0","tintindex":0},"up":{"uv":[0.0,13.5,0.75,12.75],"rotation":0,"texture":"#0","tintindex":0},"down":{"uv":[12.75,2.375,13.5,3.125],"rotation":0,"texture":"#0","tintindex":0}}},{"from":[5.8571424,5.570857,5.8571424],"to":[10.142858,6.713714,10.142858],"rotation":{"angle":0.0,"axis":"y","origin":[-3.4285717,-0.7137146,2.8571424]},"faces":{"east":{"uv":[14.875,7.0,13.875,7.25],"rotation":0,"texture":"#0","tintindex":0},"south":{"uv":[14.875,6.75,13.875,7.0],"rotation":0,"texture":"#0","tintindex":0},"north":{"uv":[5.5,13.875,4.5,14.125],"rotation":0,"texture":"#0","tintindex":0},"west":{"uv":[14.875,6.5,13.875,6.75],"rotation":0,"texture":"#0","tintindex":0},"up":{"uv":[2.0,11.75,3.0,10.75],"rotation":0,"texture":"#0","tintindex":0},"down":{"uv":[6.125,10.875,7.125,11.875],"rotation":0,"texture":"#0","tintindex":0}}}],"display":{"head":{"translation":[0.0,-6.4,0.0],"scale":[4.0,4.0,4.0]}}}