{"textures":{"0":"modelengine:entity/steel_raider"},"elements":[{"from":[7.428571,4.5714283,7.428571],"to":[8.571428,11.428572,8.571428],"rotation":{"angle":0.0,"axis":"y","origin":[8.071428,7.857143,11.142858]},"faces":{"east":{"uv":[3.0,13.75,3.25,15.25],"rotation":0,"texture":"#0","tintindex":0},"south":{"uv":[13.75,3.0,14.0,4.5],"rotation":0,"texture":"#0","tintindex":0},"north":{"uv":[2.75,13.75,3.0,15.25],"rotation":0,"texture":"#0","tintindex":0},"west":{"uv":[3.25,13.75,3.5,15.25],"rotation":0,"texture":"#0","tintindex":0},"up":{"uv":[10.5,14.25,10.25,14.0],"rotation":0,"texture":"#0","tintindex":0},"down":{"uv":[11.875,14.0,11.625,14.25],"rotation":0,"texture":"#0","tintindex":0}}},{"from":[7.428571,4.5714283,4.5714283],"to":[8.571428,11.428572,5.714286],"rotation":{"angle":0.0,"axis":"y","origin":[8.071428,7.857143,-6.5714293]},"faces":{"east":{"uv":[3.25,13.75,3.0,15.25],"rotation":0,"texture":"#0","tintindex":0},"south":{"uv":[3.0,13.75,2.75,15.25],"rotation":0,"texture":"#0","tintindex":0},"north":{"uv":[14.0,3.0,13.75,4.5],"rotation":0,"texture":"#0","tintindex":0},"west":{"uv":[3.5,13.75,3.25,15.25],"rotation":0,"texture":"#0","tintindex":0},"up":{"uv":[10.5,14.0,10.25,14.25],"rotation":0,"texture":"#0","tintindex":0},"down":{"uv":[11.875,14.25,11.625,14.0],"rotation":0,"texture":"#0","tintindex":0}}},{"from":[2.2857141,1.1428566,3.142857],"to":[13.714286,2.8571424,4.8571424],"rotation":{"angle":0.0,"axis":"y","origin":[8.071428,7.857143,11.142858]},"faces":{"east":{"uv":[14.0,5.25,14.375,5.625],"rotation":0,"texture":"#0","tintindex":0},"south":{"uv":[11.5,5.0,14.0,5.375],"rotation":0,"texture":"#0","tintindex":0},"north":{"uv":[11.5,4.625,14.0,5.0],"rotation":0,"texture":"#0","tintindex":0},"west":{"uv":[14.0,5.625,14.375,6.0],"rotation":0,"texture":"#0","tintindex":0},"up":{"uv":[14.0,5.75,11.5,5.375],"rotation":0,"texture":"#0","tintindex":0},"down":{"uv":[14.0,5.75,11.5,6.125],"rotation":0,"texture":"#0","tintindex":0}}},{"from":[2.2857141,13.142858,3.142857],"to":[13.714286,14.857143,4.8571424],"rotation":{"angle":0.0,"axis":"y","origin":[8.071428,-28.428574,11.142858]},"faces":{"east":{"uv":[14.0,6.0,14.375,6.375],"rotation":0,"texture":"#0","tintindex":0},"south":{"uv":[11.5,9.625,14.0,10.0],"rotation":0,"texture":"#0","tintindex":0},"north":{"uv":[11.5,6.125,14.0,6.5],"rotation":0,"texture":"#0","tintindex":0},"west":{"uv":[14.0,7.25,14.375,7.625],"rotation":0,"texture":"#0","tintindex":0},"up":{"uv":[14.0,10.375,11.5,10.0],"rotation":0,"texture":"#0","tintindex":0},"down":{"uv":[14.0,10.375,11.5,10.75],"rotation":0,"texture":"#0","tintindex":0}}},{"from":[12.0,2.8571424,3.142857],"to":[13.714286,13.142858,4.8571424],"rotation":{"angle":0.0,"axis":"y","origin":[31.928572,7.857143,11.142858]},"faces":{"east":{"uv":[2.375,11.75,2.75,14.0],"rotation":0,"texture":"#0","tintindex":0},"south":{"uv":[11.25,11.75,11.625,14.0],"rotation":0,"texture":"#0","tintindex":0},"north":{"uv":[2.0,11.75,2.375,14.0],"rotation":0,"texture":"#0","tintindex":0},"west":{"uv":[11.625,11.75,12.0,14.0],"rotation":0,"texture":"#0","tintindex":0},"up":{"uv":[14.375,4.875,14.0,4.5],"rotation":0,"texture":"#0","tintindex":0},"down":{"uv":[14.375,4.875,14.0,5.25],"rotation":0,"texture":"#0","tintindex":0}}},{"from":[7.428571,10.285714,5.714286],"to":[8.571428,11.428572,7.428571],"rotation":{"angle":0.0,"axis":"y","origin":[8.071428,7.857143,11.142858]},"faces":{"east":{"uv":[9.25,14.0,9.625,14.25],"rotation":0,"texture":"#0","tintindex":0},"south":{"uv":[5.0,14.125,5.25,14.375],"rotation":0,"texture":"#0","tintindex":0},"north":{"uv":[4.75,14.125,5.0,14.375],"rotation":0,"texture":"#0","tintindex":0},"west":{"uv":[9.625,14.0,10.0,14.25],"rotation":0,"texture":"#0","tintindex":0},"up":{"uv":[14.25,10.0,14.0,9.625],"rotation":0,"texture":"#0","tintindex":0},"down":{"uv":[10.25,14.0,10.0,14.375],"rotation":0,"texture":"#0","tintindex":0}}},{"from":[7.428571,4.5714283,5.714286],"to":[8.571428,5.714286,7.428571],"rotation":{"angle":0.0,"axis":"y","origin":[8.071428,7.857143,11.142858]},"faces":{"east":{"uv":[14.0,8.375,14.375,8.625],"rotation":0,"texture":"#0","tintindex":0},"south":{"uv":[4.5,14.125,4.75,14.375],"rotation":0,"texture":"#0","tintindex":0},"north":{"uv":[14.0,14.0,14.25,14.25],"rotation":0,"texture":"#0","tintindex":0},"west":{"uv":[8.875,14.0,9.25,14.25],"rotation":0,"texture":"#0","tintindex":0},"up":{"uv":[3.0,12.125,2.75,11.75],"rotation":0,"texture":"#0","tintindex":0},"down":{"uv":[5.75,13.875,5.5,14.25],"rotation":0,"texture":"#0","tintindex":0}}},{"from":[2.2857141,2.8571424,3.142857],"to":[4.0,13.142858,4.8571424],"rotation":{"angle":0.0,"axis":"y","origin":[8.071428,7.857143,11.142858]},"faces":{"east":{"uv":[0.875,11.75,1.25,14.0],"rotation":0,"texture":"#0","tintindex":0},"south":{"uv":[1.25,11.75,1.625,14.0],"rotation":0,"texture":"#0","tintindex":0},"north":{"uv":[10.875,11.625,11.25,13.875],"rotation":0,"texture":"#0","tintindex":0},"west":{"uv":[1.625,11.75,2.0,14.0],"rotation":0,"texture":"#0","tintindex":0},"up":{"uv":[14.375,4.125,14.0,3.75],"rotation":0,"texture":"#0","tintindex":0},"down":{"uv":[14.375,4.125,14.0,4.5],"rotation":0,"texture":"#0","tintindex":0}}},{"from":[4.0,2.8571424,3.4285712],"to":[12.0,13.142858,4.5714283],"rotation":{"angle":0.0,"axis":"y","origin":[8.071428,7.857143,11.142858]},"faces":{"east":{"uv":[5.75,12.375,6.0,14.625],"rotation":0,"texture":"#0","tintindex":0},"south":{"uv":[1.75,0.0,3.5,2.25],"rotation":0,"texture":"#0","tintindex":0},"north":{"uv":[0.0,0.0,1.75,2.25],"rotation":0,"texture":"#0","tintindex":0},"west":{"uv":[13.25,10.75,13.5,13.0],"rotation":0,"texture":"#0","tintindex":0},"up":{"uv":[15.375,9.375,13.625,9.125],"rotation":0,"texture":"#0","tintindex":0},"down":{"uv":[15.375,9.375,13.625,9.625],"rotation":0,"texture":"#0","tintindex":0}}}],"display":{"head":{"translation":[0.0,-6.4,0.0],"scale":[4.0,4.0,4.0]}}}