{"textures":{"0":"modelengine:entity/firebat"},"elements":[{"from":[13.749184,7.11644,7.5541773],"to":[16.847778,7.953154,11.21132],"rotation":{"angle":0.0,"axis":"y","origin":[12.441338,7.5347943,9.827731]},"faces":{"east":{"uv":[5.625,0.375,6.5,0.5],"rotation":0,"texture":"#0","tintindex":0},"south":{"uv":[6.75,3.75,7.375,3.875],"rotation":0,"texture":"#0","tintindex":0},"north":{"uv":[6.75,3.75,7.375,3.875],"rotation":0,"texture":"#0","tintindex":0},"west":{"uv":[5.625,2.25,6.5,2.375],"rotation":0,"texture":"#0","tintindex":0},"up":{"uv":[2.875,6.375,2.25,5.625],"rotation":0,"texture":"#0","tintindex":0},"down":{"uv":[2.875,5.625,2.25,6.375],"rotation":0,"texture":"#0","tintindex":0}}},{"from":[13.749184,7.11644,11.211429],"to":[16.847778,7.953154,14.297144],"rotation":{"angle":0.0,"axis":"y","origin":[12.441338,7.5347943,9.827731]},"faces":{"east":{"uv":[5.625,0.375,6.5,0.5],"rotation":0,"texture":"#0","tintindex":0},"south":{"uv":[6.75,3.75,7.375,3.875],"rotation":0,"texture":"#0","tintindex":0},"north":{"uv":[6.75,3.75,7.375,3.875],"rotation":0,"texture":"#0","tintindex":0},"west":{"uv":[5.625,2.25,6.5,2.375],"rotation":0,"texture":"#0","tintindex":0},"up":{"uv":[2.875,6.125,2.25,5.5],"rotation":0,"texture":"#0","tintindex":0},"down":{"uv":[2.875,5.5,2.25,6.125],"rotation":0,"texture":"#0","tintindex":0}}},{"from":[13.749184,7.11644,14.268572],"to":[16.847778,7.953154,17.354286],"rotation":{"angle":0.0,"axis":"y","origin":[12.441338,7.5347943,9.827731]},"faces":{"east":{"uv":[5.625,2.25,6.5,2.375],"rotation":0,"texture":"#0","tintindex":0},"south":{"uv":[6.75,3.75,7.375,3.875],"rotation":0,"texture":"#0","tintindex":0},"north":{"uv":[7.375,3.875,6.75,3.75],"rotation":0,"texture":"#0","tintindex":0},"west":{"uv":[5.625,2.25,6.5,2.375],"rotation":0,"texture":"#0","tintindex":0},"up":{"uv":[2.25,2.0,1.625,1.375],"rotation":180,"texture":"#0","tintindex":0},"down":{"uv":[2.25,2.0,1.625,1.375],"rotation":180,"texture":"#0","tintindex":0}}},{"from":[19.320612,7.11644,13.868572],"to":[22.419207,7.953154,16.954287],"rotation":{"angle":0.0,"axis":"y","origin":[12.441338,7.5347943,9.827731]},"faces":{"east":{"uv":[5.625,2.25,6.5,2.375],"rotation":0,"texture":"#0","tintindex":0},"south":{"uv":[6.75,3.75,7.375,3.875],"rotation":0,"texture":"#0","tintindex":0},"north":{"uv":[7.375,3.875,6.75,3.75],"rotation":0,"texture":"#0","tintindex":0},"west":{"uv":[5.625,2.25,6.5,2.375],"rotation":0,"texture":"#0","tintindex":0},"up":{"uv":[2.25,2.0,1.625,1.375],"rotation":180,"texture":"#0","tintindex":0},"down":{"uv":[2.25,2.0,1.625,1.375],"rotation":180,"texture":"#0","tintindex":0}}},{"from":[19.320612,7.11644,10.782857],"to":[22.419207,7.953154,13.868572],"rotation":{"angle":0.0,"axis":"y","origin":[12.441338,7.5347943,9.827731]},"faces":{"east":{"uv":[5.625,0.375,6.5,0.5],"rotation":0,"texture":"#0","tintindex":0},"south":{"uv":[6.75,3.75,7.375,3.875],"rotation":0,"texture":"#0","tintindex":0},"north":{"uv":[6.75,3.75,7.375,3.875],"rotation":0,"texture":"#0","tintindex":0},"west":{"uv":[5.625,2.25,6.5,2.375],"rotation":0,"texture":"#0","tintindex":0},"up":{"uv":[2.875,6.125,2.25,5.5],"rotation":0,"texture":"#0","tintindex":0},"down":{"uv":[2.875,5.5,2.25,6.125],"rotation":0,"texture":"#0","tintindex":0}}},{"from":[19.320612,7.11644,7.1256056],"to":[22.419207,7.953154,10.782749],"rotation":{"angle":0.0,"axis":"y","origin":[12.441338,7.5347943,9.827731]},"faces":{"east":{"uv":[5.625,0.375,6.5,0.5],"rotation":0,"texture":"#0","tintindex":0},"south":{"uv":[6.75,3.75,7.375,3.875],"rotation":0,"texture":"#0","tintindex":0},"north":{"uv":[6.75,3.75,7.375,3.875],"rotation":0,"texture":"#0","tintindex":0},"west":{"uv":[5.625,2.25,6.5,2.375],"rotation":0,"texture":"#0","tintindex":0},"up":{"uv":[2.875,6.375,2.25,5.625],"rotation":0,"texture":"#0","tintindex":0},"down":{"uv":[2.875,5.625,2.25,6.375],"rotation":0,"texture":"#0","tintindex":0}}},{"from":[19.320612,7.11644,4.068571],"to":[22.419207,7.953154,7.187103],"rotation":{"angle":0.0,"axis":"y","origin":[12.441338,7.5347943,9.827731]},"faces":{"east":{"uv":[5.625,0.375,6.5,0.5],"rotation":0,"texture":"#0","tintindex":0},"south":{"uv":[6.75,3.75,7.375,3.875],"rotation":0,"texture":"#0","tintindex":0},"north":{"uv":[7.375,3.875,6.75,3.75],"rotation":0,"texture":"#0","tintindex":0},"west":{"uv":[5.625,2.25,6.5,2.375],"rotation":0,"texture":"#0","tintindex":0},"up":{"uv":[2.25,1.875,1.625,1.25],"rotation":180,"texture":"#0","tintindex":0},"down":{"uv":[2.25,1.875,1.625,1.25],"rotation":0,"texture":"#0","tintindex":0}}},{"from":[11.567012,1.6992512,8.268463],"to":[13.522749,3.6788168,14.815566],"rotation":{"angle":45.0,"axis":"z","origin":[6.643754,4.9869313,10.618903]},"faces":{"east":{"uv":[5.375,4.875,6.75,5.25],"rotation":0,"texture":"#0","tintindex":0},"south":{"uv":[7.75,0.75,8.125,1.125],"rotation":0,"texture":"#0","tintindex":0},"north":{"uv":[2.25,0.875,2.625,1.25],"rotation":0,"texture":"#0","tintindex":0},"west":{"uv":[6.5,0.375,7.875,0.75],"rotation":0,"texture":"#0","tintindex":0},"up":{"uv":[4.125,7.25,3.75,5.875],"rotation":0,"texture":"#0","tintindex":0},"down":{"uv":[4.5,6.25,4.125,7.625],"rotation":0,"texture":"#0","tintindex":0}}},{"from":[15.370932,-2.1046696,6.5541773],"to":[17.326664,-0.12509727,14.244138],"rotation":{"angle":45.0,"axis":"z","origin":[6.643754,4.9869313,10.618903]},"faces":{"east":{"uv":[5.125,0.0,6.75,0.375],"rotation":0,"texture":"#0","tintindex":0},"south":{"uv":[3.5,7.75,3.875,8.125],"rotation":0,"texture":"#0","tintindex":0},"north":{"uv":[7.75,2.0,8.125,2.375],"rotation":0,"texture":"#0","tintindex":0},"west":{"uv":[5.25,2.875,6.875,3.25],"rotation":0,"texture":"#0","tintindex":0},"up":{"uv":[1.75,6.875,1.375,5.25],"rotation":0,"texture":"#0","tintindex":0},"down":{"uv":[5.125,5.25,4.75,6.875],"rotation":0,"texture":"#0","tintindex":0}}},{"from":[14.799503,-2.6760979,5.9827485],"to":[17.89809,0.44633102,10.815566],"rotation":{"angle":45.0,"axis":"z","origin":[6.643754,4.9869313,10.618903]},"faces":{"east":{"uv":[4.625,2.25,5.625,2.875],"rotation":0,"texture":"#0","tintindex":0},"south":{"uv":[6.625,5.875,7.25,6.5],"rotation":0,"texture":"#0","tintindex":0},"north":{"uv":[6.625,5.25,7.25,5.875],"rotation":0,"texture":"#0","tintindex":0},"west":{"uv":[1.875,4.875,2.875,5.5],"rotation":0,"texture":"#0","tintindex":0},"up":{"uv":[3.5,5.875,2.875,4.875],"rotation":0,"texture":"#0","tintindex":0},"down":{"uv":[4.125,4.875,3.5,5.875],"rotation":0,"texture":"#0","tintindex":0}}},{"from":[14.799503,-2.6760979,5.9827485],"to":[17.89809,0.44633102,10.815566],"rotation":{"angle":45.0,"axis":"z","origin":[6.643754,4.9869313,10.618903]},"faces":{"east":{"uv":[4.625,2.25,5.625,2.875],"rotation":0,"texture":"#0","tintindex":0},"south":{"uv":[6.625,5.875,7.25,6.5],"rotation":0,"texture":"#0","tintindex":0},"north":{"uv":[6.625,5.25,7.25,5.875],"rotation":0,"texture":"#0","tintindex":0},"west":{"uv":[1.875,4.875,2.875,5.5],"rotation":0,"texture":"#0","tintindex":0},"up":{"uv":[3.5,5.875,2.875,4.875],"rotation":0,"texture":"#0","tintindex":0},"down":{"uv":[4.125,4.875,3.5,5.875],"rotation":0,"texture":"#0","tintindex":0}}},{"from":[10.995583,1.1278224,7.6970344],"to":[14.094177,4.2502456,11.958423],"rotation":{"angle":45.0,"axis":"z","origin":[6.643754,4.9869313,10.618903]},"faces":{"east":{"uv":[5.625,0.375,6.5,1.0],"rotation":0,"texture":"#0","tintindex":0},"south":{"uv":[6.75,3.875,7.375,4.5],"rotation":0,"texture":"#0","tintindex":0},"north":{"uv":[6.75,3.25,7.375,3.875],"rotation":0,"texture":"#0","tintindex":0},"west":{"uv":[5.625,2.0,6.5,2.625],"rotation":0,"texture":"#0","tintindex":0},"up":{"uv":[2.875,6.375,2.25,5.5],"rotation":0,"texture":"#0","tintindex":0},"down":{"uv":[0.625,5.625,0.0,6.5],"rotation":0,"texture":"#0","tintindex":0}}},{"from":[18.672743,-7.692195,1.982748],"to":[22.914196,-3.4269152,8.529852],"rotation":{"angle":45.0,"axis":"z","origin":[6.643754,4.9869313,10.618903]},"faces":{"east":{"uv":[2.25,0.0,3.625,0.875],"rotation":0,"texture":"#0","tintindex":0},