{"textures":{"0":"modelengine:entity/firebat"},"elements":[{"from":[2.477251,1.6992512,8.268463],"to":[4.432988,3.6788168,14.815566],"rotation":{"angle":-45.0,"axis":"z","origin":[9.356246,4.9869313,10.618903]},"faces":{"east":{"uv":[7.875,0.375,6.5,0.75],"rotation":0,"texture":"#0","tintindex":0},"south":{"uv":[8.125,0.75,7.75,1.125],"rotation":0,"texture":"#0","tintindex":0},"north":{"uv":[2.625,0.875,2.25,1.25],"rotation":0,"texture":"#0","tintindex":0},"west":{"uv":[6.75,4.875,5.375,5.25],"rotation":0,"texture":"#0","tintindex":0},"up":{"uv":[3.75,7.25,4.125,5.875],"rotation":0,"texture":"#0","tintindex":0},"down":{"uv":[4.125,6.25,4.5,7.625],"rotation":0,"texture":"#0","tintindex":0}}},{"from":[-1.326663,-2.1046696,6.5541773],"to":[0.6290684,-0.12509727,14.244138],"rotation":{"angle":-45.0,"axis":"z","origin":[9.356246,4.9869313,10.618903]},"faces":{"east":{"uv":[6.875,2.875,5.25,3.25],"rotation":0,"texture":"#0","tintindex":0},"south":{"uv":[3.875,7.75,3.5,8.125],"rotation":0,"texture":"#0","tintindex":0},"north":{"uv":[8.125,2.0,7.75,2.375],"rotation":0,"texture":"#0","tintindex":0},"west":{"uv":[6.75,0.0,5.125,0.375],"rotation":0,"texture":"#0","tintindex":0},"up":{"uv":[1.375,6.875,1.75,5.25],"rotation":0,"texture":"#0","tintindex":0},"down":{"uv":[4.75,5.25,5.125,6.875],"rotation":0,"texture":"#0","tintindex":0}}},{"from":[-1.8980913,-2.6760979,5.9827485],"to":[1.2004972,0.44633102,10.815566],"rotation":{"angle":-45.0,"axis":"z","origin":[9.356246,4.9869313,10.618903]},"faces":{"east":{"uv":[2.875,4.875,1.875,5.5],"rotation":0,"texture":"#0","tintindex":0},"south":{"uv":[7.25,5.875,6.625,6.5],"rotation":0,"texture":"#0","tintindex":0},"north":{"uv":[7.25,5.25,6.625,5.875],"rotation":0,"texture":"#0","tintindex":0},"west":{"uv":[5.625,2.25,4.625,2.875],"rotation":0,"texture":"#0","tintindex":0},"up":{"uv":[2.875,5.875,3.5,4.875],"rotation":0,"texture":"#0","tintindex":0},"down":{"uv":[3.5,4.875,4.125,5.875],"rotation":0,"texture":"#0","tintindex":0}}},{"from":[1.9058223,1.1278224,7.6970344],"to":[5.004417,4.2502456,11.958423],"rotation":{"angle":-45.0,"axis":"z","origin":[9.356246,4.9869313,10.618903]},"faces":{"east":{"uv":[6.5,2.0,5.625,2.625],"rotation":0,"texture":"#0","tintindex":0},"south":{"uv":[7.375,3.875,6.75,4.5],"rotation":0,"texture":"#0","tintindex":0},"north":{"uv":[7.375,3.25,6.75,3.875],"rotation":0,"texture":"#0","tintindex":0},"west":{"uv":[6.5,0.375,5.625,1.0],"rotation":0,"texture":"#0","tintindex":0},"up":{"uv":[2.25,6.375,2.875,5.5],"rotation":0,"texture":"#0","tintindex":0},"down":{"uv":[0.0,5.625,0.625,6.5],"rotation":0,"texture":"#0","tintindex":0}}},{"from":[-6.4192066,7.11644,7.1256056],"to":[-3.320612,7.953154,10.782749],"rotation":{"angle":0.0,"axis":"y","origin":[3.558663,7.5347943,9.827731]},"faces":{"east":{"uv":[6.5,2.25,5.625,2.375],"rotation":0,"texture":"#0","tintindex":0},"south":{"uv":[7.375,3.75,6.75,3.875],"rotation":0,"texture":"#0","tintindex":0},"north":{"uv":[7.375,3.75,6.75,3.875],"rotation":0,"texture":"#0","tintindex":0},"west":{"uv":[6.5,0.375,5.625,0.5],"rotation":0,"texture":"#0","tintindex":0},"up":{"uv":[2.25,6.375,2.875,5.625],"rotation":0,"texture":"#0","tintindex":0},"down":{"uv":[2.25,5.625,2.875,6.375],"rotation":0,"texture":"#0","tintindex":0}}},{"from":[-6.4192066,7.11644,10.782857],"to":[-3.320612,7.953154,13.868572],"rotation":{"angle":0.0,"axis":"y","origin":[3.558663,7.5347943,9.827731]},"faces":{"east":{"uv":[6.5,2.25,5.625,2.375],"rotation":0,"texture":"#0","tintindex":0},"south":{"uv":[7.375,3.75,6.75,3.875],"rotation":0,"texture":"#0","tintindex":0},"north":{"uv":[7.375,3.75,6.75,3.875],"rotation":0,"texture":"#0","tintindex":0},"west":{"uv":[6.5,0.375,5.625,0.5],"rotation":0,"texture":"#0","tintindex":0},"up":{"uv":[2.25,6.125,2.875,5.5],"rotation":0,"texture":"#0","tintindex":0},"down":{"uv":[2.25,5.5,2.875,6.125],"rotation":0,"texture":"#0","tintindex":0}}},{"from":[-6.4192066,7.11644,4.068571],"to":[-3.320612,7.953154,7.187103],"rotation":{"angle":0.0,"axis":"y","origin":[3.558663,7.5347943,9.827731]},"faces":{"east":{"uv":[6.5,2.25,5.625,2.375],"rotation":0,"texture":"#0","tintindex":0},"south":{"uv":[7.375,3.75,6.75,3.875],"rotation":0,"texture":"#0","tintindex":0},"north":{"uv":[6.75,3.875,7.375,3.75],"rotation":0,"texture":"#0","tintindex":0},"west":{"uv":[6.5,0.375,5.625,0.5],"rotation":0,"texture":"#0","tintindex":0},"up":{"uv":[1.625,1.875,2.25,1.25],"rotation":180,"texture":"#0","tintindex":0},"down":{"uv":[1.625,1.875,2.25,1.25],"rotation":0,"texture":"#0","tintindex":0}}},{"from":[-0.84777737,7.11644,7.5541773],"to":[2.2508168,7.953154,11.21132],"rotation":{"angle":0.0,"axis":"y","origin":[3.558663,7.5347943,9.827731]},"faces":{"east":{"uv":[6.5,2.25,5.625,2.375],"rotation":0,"texture":"#0","tintindex":0},"south":{"uv":[7.375,3.75,6.75,3.875],"rotation":0,"texture":"#0","tintindex":0},"north":{"uv":[7.375,3.75,6.75,3.875],"rotation":0,"texture":"#0","tintindex":0},"west":{"uv":[6.5,0.375,5.625,0.5],"rotation":0,"texture":"#0","tintindex":0},"up":{"uv":[2.25,6.375,2.875,5.625],"rotation":0,"texture":"#0","tintindex":0},"down":{"uv":[2.25,5.625,2.875,6.375],"rotation":0,"texture":"#0","tintindex":0}}},{"from":[-0.84777737,7.11644,11.211429],"to":[2.2508168,7.953154,14.297144],"rotation":{"angle":0.0,"axis":"y","origin":[3.558663,7.5347943,9.827731]},"faces":{"east":{"uv":[6.5,2.25,5.625,2.375],"rotation":0,"texture":"#0","tintindex":0},"south":{"uv":[7.375,3.75,6.75,3.875],"rotation":0,"texture":"#0","tintindex":0},"north":{"uv":[7.375,3.75,6.75,3.875],"rotation":0,"texture":"#0","tintindex":0},"west":{"uv":[6.5,0.375,5.625,0.5],"rotation":0,"texture":"#0","tintindex":0},"up":{"uv":[2.25,6.125,2.875,5.5],"rotation":0,"texture":"#0","tintindex":0},"down":{"uv":[2.25,5.5,2.875,6.125],"rotation":0,"texture":"#0","tintindex":0}}},{"from":[-0.84777737,7.11644,14.268572],"to":[2.2508168,7.953154,17.354286],"rotation":{"angle":0.0,"axis":"y","origin":[3.558663,7.5347943,9.827731]},"faces":{"east":{"uv":[6.5,2.25,5.625,2.375],"rotation":0,"texture":"#0","tintindex":0},"south":{"uv":[7.375,3.75,6.75,3.875],"rotation":0,"texture":"#0","tintindex":0},"north":{"uv":[6.75,3.875,7.375,3.75],"rotation":0,"texture":"#0","tintindex":0},"west":{"uv":[6.5,2.25,5.625,2.375],"rotation":0,"texture":"#0","tintindex":0},"up":{"uv":[1.625,2.0,2.25,1.375],"rotation":180,"texture":"#0","tintindex":0},"down":{"uv":[1.625,2.0,2.25,1.375],"rotation":180,"texture":"#0","tintindex":0}}},{"from":[-6.4192066,7.11644,13.868572],"to":[-3.320612,7.953154,16.954287],"rotation":{"angle":0.0,"axis":"y","origin":[3.558663,7.5347943,9.827731]},"faces":{"east":{"uv":[6.5,2.25,5.625,2.375],"rotation":0,"texture":"#0","tintindex":0},"south":{"uv":[7.375,3.75,6.75,3.875],"rotation":0,"texture":"#0","tintindex":0},"north":{"uv":[6.75,3.875,7.375,3.75],"rotation":0,"texture":"#0","tintindex":0},"west":{"uv":[6.5,2.25,5.625,2.375],"rotation":0,"texture":"#0","tintindex":0},"up":{"uv":[1.625,2.0,2.25,1.375],"rotation":180,"texture":"#0","tintindex":0},"down":{"uv":[1.625,2.0,2.25,1.375],"rotation":180,"texture":"#0","tintindex":0}}},{"from":[-6.914195,-7.692195,1.982748],"to":[-2.6727428,-3.4269152,8.529852],"rotation":{"angle":-45.0,"axis":"z","origin":[9.356246,4.9869313,10.618903]},"faces":{"east":{"uv":[4.125,0.875,2.75,1.75],"rotation":0,"texture":"#0","tintindex":0},"south":{"uv":[5.25,2.875,4.375,3.75],"rotation":0,"texture":"#0","tintindex":0},"north":{"uv":[1.875,4.375,1.0,5.25],"rotation":0,"texture":"#0","tintindex":0},"west":{"uv":[3.625,0.0,2.25,0.875],"rotation":0,"texture":"#0","tintindex":0},"up":{"uv":[2.75,3.125,3.625,1.75],"rotation":0,"texture":"#0","tintindex":0},"down":{"uv":[1.25,3.0,2.125,4.375],"rotation":0,"texture":"#0","tintindex":0}}},{"from":[-6.342767,-7.1207666,2.5541768],"to":[-3.244172,-3.9983435,13.10128],"rotation":{"angle":-45.0,"axis":"z","origin":[9.356246,4.9869313,10.618903]},"faces":{"east":{"uv":[2.25,0.625,0.0,1.25],"rotation":0,"texture":"#0","tintindex":0},