{"textures":{"0":"modelengine:entity/firebat"},"elements":[{"from":[5.808337,5.6826115,1.87008],"to":[10.787006,9.04016,6.576794],"rotation":{"angle":0.0,"axis":"y","origin":[8.654812,6.789954,4.2234397]},"faces":{"east":{"uv":[4.375,3.75,5.375,4.5],"rotation":0,"texture":"#0","tintindex":0},"south":{"uv":[3.25,4.125,4.375,4.875],"rotation":0,"texture":"#0","tintindex":0},"north":{"uv":[2.125,4.125,3.25,4.875],"rotation":0,"texture":"#0","tintindex":0},"west":{"uv":[4.375,4.5,5.375,5.25],"rotation":0,"texture":"#0","tintindex":0},"up":{"uv":[3.25,4.125,2.125,3.125],"rotation":0,"texture":"#0","tintindex":0},"down":{"uv":[4.375,3.125,3.25,4.125],"rotation":0,"texture":"#0","tintindex":0}}},{"from":[6.9511943,5.1111827,2.4415083],"to":[9.644149,9.6115885,6.005366],"rotation":{"angle":0.0,"axis":"y","origin":[8.654812,6.789954,4.2234397]},"faces":{"east":{"uv":[0.0,4.625,0.75,5.625],"rotation":0,"texture":"#0","tintindex":0},"south":{"uv":[4.125,5.25,4.75,6.25],"rotation":0,"texture":"#0","tintindex":0},"north":{"uv":[0.75,5.25,1.375,6.25],"rotation":0,"texture":"#0","tintindex":0},"west":{"uv":[4.625,1.25,5.375,2.25],"rotation":0,"texture":"#0","tintindex":0},"up":{"uv":[0.625,7.25,0.0,6.5],"rotation":0,"texture":"#0","tintindex":0},"down":{"uv":[3.375,6.5,2.75,7.25],"rotation":0,"texture":"#0","tintindex":0}}},{"from":[6.9511943,6.5397544,4.727223],"to":[9.644149,8.754446,8.29108],"rotation":{"angle":22.5,"axis":"x","origin":[8.654812,6.789954,4.2234397]},"faces":{"east":{"uv":[0.0,7.25,0.75,7.75],"rotation":0,"texture":"#0","tintindex":0},"south":{"uv":[1.875,7.375,2.5,7.875],"rotation":0,"texture":"#0","tintindex":0},"north":{"uv":[5.75,7.25,6.375,7.75],"rotation":0,"texture":"#0","tintindex":0},"west":{"uv":[2.75,7.25,3.5,7.75],"rotation":0,"texture":"#0","tintindex":0},"up":{"uv":[6.25,7.25,5.625,6.5],"rotation":0,"texture":"#0","tintindex":0},"down":{"uv":[6.875,6.5,6.25,7.25],"rotation":0,"texture":"#0","tintindex":0}}},{"from":[6.3797655,4.39708,7.499154],"to":[10.215577,7.1832056,10.491589],"rotation":{"angle":-22.5,"axis":"x","origin":[8.654812,5.5044284,9.5668]},"faces":{"east":{"uv":[4.5,6.875,5.125,7.5],"rotation":0,"texture":"#0","tintindex":0},"south":{"uv":[2.875,5.875,3.75,6.5],"rotation":0,"texture":"#0","tintindex":0},"north":{"uv":[5.125,5.625,6.0,6.25],"rotation":0,"texture":"#0","tintindex":0},"west":{"uv":[6.875,6.5,7.5,7.125],"rotation":0,"texture":"#0","tintindex":0},"up":{"uv":[6.75,4.25,5.875,3.625],"rotation":0,"texture":"#0","tintindex":0},"down":{"uv":[6.75,4.25,5.875,4.875],"rotation":0,"texture":"#0","tintindex":0}}},{"from":[9.74956,3.5351086,14.474909],"to":[12.170561,6.3709145,15.832458],"rotation":{"angle":-45.0,"axis":"x","origin":[10.960057,4.667297,15.725109]},"faces":{"east":{"uv":[5.625,1.0,6.25,1.25],"rotation":90,"texture":"#0","tintindex":0},"south":{"uv":[8.0,3.75,7.375,4.25],"rotation":90,"texture":"#0","tintindex":0},"north":{"uv":[8.0,3.75,7.375,3.25],"rotation":90,"texture":"#0","tintindex":0},"west":{"uv":[3.625,2.875,4.25,3.125],"rotation":270,"texture":"#0","tintindex":0},"up":{"uv":[5.125,0.375,5.625,0.625],"rotation":0,"texture":"#0","tintindex":0},"down":{"uv":[3.625,0.625,4.125,0.875],"rotation":180,"texture":"#0","tintindex":0}}},{"from":[10.320989,3.2369084,12.936708],"to":[11.599132,4.358434,14.865686],"rotation":{"angle":-22.5,"axis":"x","origin":[10.960057,4.7976685,11.186914]},"faces":{"east":{"uv":[3.875,7.75,4.125,8.125],"rotation":90,"texture":"#0","tintindex":0},"south":{"uv":[5.625,2.0,5.375,2.25],"rotation":90,"texture":"#0","tintindex":0},"north":{"uv":[1.25,4.375,1.0,4.125],"rotation":90,"texture":"#0","tintindex":0},"west":{"uv":[1.875,4.375,2.125,4.75],"rotation":270,"texture":"#0","tintindex":0},"up":{"uv":[7.875,5.125,8.125,5.5],"rotation":0,"texture":"#0","tintindex":0},"down":{"uv":[4.125,4.875,4.375,5.25],"rotation":180,"texture":"#0","tintindex":0}}},{"from":[10.320989,4.0940514,9.793852],"to":[11.599132,5.358434,12.637115],"rotation":{"angle":22.5,"axis":"x","origin":[10.960057,4.7976685,11.186914]},"faces":{"east":{"uv":[4.5,6.25,4.75,6.875],"rotation":90,"texture":"#0","tintindex":0},"south":{"uv":[8.125,4.5,7.875,4.75],"rotation":90,"texture":"#0","tintindex":0},"north":{"uv":[6.5,1.25,6.25,1.0],"rotation":90,"texture":"#0","tintindex":0},"west":{"uv":[1.0,3.5,1.25,4.125],"rotation":270,"texture":"#0","tintindex":0},"up":{"uv":[2.5,7.375,2.75,8.0],"rotation":0,"texture":"#0","tintindex":0},"down":{"uv":[0.75,4.625,1.0,5.25],"rotation":180,"texture":"#0","tintindex":0}}},{"from":[10.0352745,3.0940514,11.508137],"to":[11.884846,4.7870054,13.1514],"rotation":{"angle":-22.5,"axis":"x","origin":[10.960057,4.7976685,11.186914]},"faces":{"east":{"uv":[5.75,7.75,6.125,8.125],"rotation":90,"texture":"#0","tintindex":0},"south":{"uv":[8.25,0.25,7.875,0.625],"rotation":90,"texture":"#0","tintindex":0},"north":{"uv":[6.875,8.125,6.5,7.75],"rotation":90,"texture":"#0","tintindex":0},"west":{"uv":[5.0,7.75,5.375,8.125],"rotation":270,"texture":"#0","tintindex":0},"up":{"uv":[6.125,7.75,6.5,8.125],"rotation":0,"texture":"#0","tintindex":0},"down":{"uv":[5.375,7.75,5.75,8.125],"rotation":180,"texture":"#0","tintindex":0}}},{"from":[7.0559826,5.0748568,7.606703],"to":[9.463217,7.146697,9.456274],"rotation":{"angle":0.0,"axis":"y","origin":[9.188171,5.896491,9.102915]},"faces":{"east":{"uv":[5.375,7.75,5.75,8.125],"rotation":0,"texture":"#0","tintindex":0},"south":{"uv":[5.75,7.75,6.125,8.125],"rotation":0,"texture":"#0","tintindex":0},"north":{"uv":[5.0,7.75,5.375,8.125],"rotation":0,"texture":"#0","tintindex":0},"west":{"uv":[6.125,7.75,6.5,8.125],"rotation":0,"texture":"#0","tintindex":0},"up":{"uv":[6.875,8.125,6.5,7.75],"rotation":0,"texture":"#0","tintindex":0},"down":{"uv":[8.25,0.25,7.875,0.625],"rotation":0,"texture":"#0","tintindex":0}}},{"from":[9.74956,3.5226226,8.079566],"to":[12.170561,5.7870054,10.3514],"rotation":{"angle":22.5,"axis":"x","origin":[10.960057,4.7976685,11.186914]},"faces":{"east":{"uv":[5.25,4.375,4.625,3.75],"rotation":0,"texture":"#0","tintindex":0},"south":{"uv":[5.25,4.375,4.625,3.75],"rotation":0,"texture":"#0","tintindex":0},"north":{"uv":[5.25,4.375,4.625,3.75],"rotation":0,"texture":"#0","tintindex":0},"west":{"uv":[5.25,4.375,4.625,3.75],"rotation":0,"texture":"#0","tintindex":0},"up":{"uv":[5.25,4.375,4.625,3.75],"rotation":0,"texture":"#0","tintindex":0},"down":{"uv":[5.25,4.375,4.625,3.75],"rotation":0,"texture":"#0","tintindex":0}}},{"from":[4.4008684,3.5226226,8.079566],"to":[6.8218684,5.7870054,10.294257],"rotation":{"angle":22.5,"axis":"x","origin":[5.611371,4.7976685,11.186914]},"faces":{"east":{"uv":[5.25,4.375,4.625,3.75],"rotation":0,"texture":"#0","tintindex":0},"south":{"uv":[5.25,4.375,4.625,3.75],"rotation":0,"texture":"#0","tintindex":0},"north":{"uv":[5.25,4.375,4.625,3.75],"rotation":0,"texture":"#0","tintindex":0},"west":{"uv":[5.25,4.375,4.625,3.75],"rotation":0,"texture":"#0","tintindex":0},"up":{"uv":[5.25,4.375,4.625,3.75],"rotation":0,"texture":"#0","tintindex":0},"down":{"uv":[5.25,4.375,4.625,3.75],"rotation":0,"texture":"#0","tintindex":0}}},{"from":[4.9722967,4.0940514,9.793852],"to":[6.25044,5.358434,12.579971],"rotation":{"angle":22.5,"axis":"x","origin":[5.611371,4.7976685,11.186914]},"faces":{"east":{"uv":[1.25,3.5,1.0,4.125],"rotation":90,"texture":"#0","tintindex":0},"south":{"uv":[7.875,4.5,8.125,4.75],"rotation":270,"texture":"#0","tintindex":0},"north":{"uv":[6.25,1.25,6.5,1.0],"rotation":270,"texture":"#0","tintindex":0},"west":{"uv":[4.75,6.25,4.5,6.875],"rotation":270,"texture":"#0","tintindex":0},"up":{"uv":[2.75,7.375,2.5,8.0],"rotation":0,"texture":"#0","tintindex":0},"down":{"uv":[1.0,4.625,0.75,5.25],"rotation":180,"texture":"#0","tintindex":0}}},{"from":[4.6865826,3.0940514,11.508137],"to":[6.5361543,4.7870054,13.1514],"rotation":{"angle":-22.5,"axis":"x","origin":[5.611371,4.7976685,11.186914]},"faces":{"east":{"uv":[5.375,7.75,5.0,8.125],"rotation":90,"texture":"#0","tintindex":0},