{"textures":{"0":"modelengine:entity/paladin_wings"},"elements":[{"from":[-7.5464973,-3.0427437,4.196704],"to":[8.602075,19.042744,4.196704],"rotation":{"angle":22.5,"axis":"y","origin":[17.866306,8.597688,7.531514]},"faces":{"east":{"uv":[5.2575,7.2575,5.2575,10.2425],"rotation":0,"texture":"#0","tintindex":0},"south":{"uv":[0.0,0.0075,2.2425,2.9925],"rotation":0,"texture":"#0","tintindex":0},"north":{"uv":[2.2425,0.0075,0.0,2.9925],"rotation":0,"texture":"#0","tintindex":0},"west":{"uv":[5.1325,7.2575,5.1325,10.2425],"rotation":0,"texture":"#0","tintindex":0},"up":{"uv":[7.2575,0.3825,10.3675,0.3825],"rotation":0,"texture":"#0","tintindex":0},"down":{"uv":[7.2575,5.2575,10.3675,5.2575],"rotation":0,"texture":"#0","tintindex":0}}}],"display":{"head":{"translation":[0.0,-6.4,0.0],"scale":[4.0,4.0,4.0]}}}