{"textures":{"0":"modelengine:entity/paladin_wings"},"elements":[{"from":[2.445929,6.982671,7.0797715],"to":[4.2863865,10.663586,8.920229],"rotation":{"angle":0.0,"axis":"y","origin":[8.0,11.084225,10.203875]},"faces":{"east":{"uv":[4.5075,6.6325,4.7425,7.1175],"rotation":0,"texture":"#0","tintindex":0},"south":{"uv":[4.8825,6.6325,5.1175,7.1175],"rotation":0,"texture":"#0","tintindex":0},"north":{"uv":[4.1325,6.6325,4.3675,7.1175],"rotation":0,"texture":"#0","tintindex":0},"west":{"uv":[5.2575,6.6325,5.4925,7.1175],"rotation":0,"texture":"#0","tintindex":0},"up":{"uv":[7.4925,0.2425,7.2575,0.0075],"rotation":0,"texture":"#0","tintindex":0},"down":{"uv":[7.4925,2.7575,7.2575,2.9925],"rotation":0,"texture":"#0","tintindex":0}}},{"from":[5.6994286,12.076628,7.0797715],"to":[10.300571,13.917086,8.920229],"rotation":{"angle":0.0,"axis":"y","origin":[8.0,11.084225,10.203875]},"faces":{"east":{"uv":[6.8825,3.7575,7.1175,3.9925],"rotation":0,"texture":"#0","tintindex":0},"south":{"uv":[3.7575,6.2575,4.3675,6.4925],"rotation":0,"texture":"#0","tintindex":0},"north":{"uv":[3.0075,6.2575,3.6175,6.4925],"rotation":0,"texture":"#0","tintindex":0},"west":{"uv":[6.8825,4.1325,7.1175,4.3675],"rotation":0,"texture":"#0","tintindex":0},"up":{"uv":[5.1175,6.4925,4.5075,6.2575],"rotation":0,"texture":"#0","tintindex":0},"down":{"uv":[5.8675,6.2575,5.2575,6.4925],"rotation":0,"texture":"#0","tintindex":0}}},{"from":[4.3701153,6.8594666,7.0912743],"to":[6.2105727,11.460609,8.908726],"rotation":{"angle":-45.0,"axis":"z","origin":[8.0,11.084225,10.203875]},"faces":{"east":{"uv":[6.3825,6.2575,6.6175,6.8675],"rotation":0,"texture":"#0","tintindex":0},"south":{"uv":[6.5075,0.0075,6.7425,0.6175],"rotation":0,"texture":"#0","tintindex":0},"north":{"uv":[6.0075,6.2575,6.2425,6.8675],"rotation":0,"texture":"#0","tintindex":0},"west":{"uv":[6.5075,0.7575,6.7425,1.3675],"rotation":0,"texture":"#0","tintindex":0},"up":{"uv":[7.1175,5.7425,6.8825,5.5075],"rotation":0,"texture":"#0","tintindex":0},"down":{"uv":[6.9925,6.8825,6.7575,7.1175],"rotation":0,"texture":"#0","tintindex":0}}},{"from":[11.7136135,6.982671,7.0797715],"to":[13.554071,10.663586,8.920229],"rotation":{"angle":0.0,"axis":"y","origin":[8.0,11.084225,10.203875]},"faces":{"east":{"uv":[3.0075,6.6325,3.2425,7.1175],"rotation":0,"texture":"#0","tintindex":0},"south":{"uv":[3.3825,6.6325,3.6175,7.1175],"rotation":0,"texture":"#0","tintindex":0},"north":{"uv":[6.5075,5.5075,6.7425,5.9925],"rotation":0,"texture":"#0","tintindex":0},"west":{"uv":[3.7575,6.6325,3.9925,7.1175],"rotation":0,"texture":"#0","tintindex":0},"up":{"uv":[7.2425,4.7425,7.0075,4.5075],"rotation":0,"texture":"#0","tintindex":0},"down":{"uv":[7.2425,4.8825,7.0075,5.1175],"rotation":0,"texture":"#0","tintindex":0}}},{"from":[9.789428,6.8594666,7.0912743],"to":[11.629885,11.460609,8.908726],"rotation":{"angle":45.0,"axis":"z","origin":[8.0,11.084225,10.203875]},"faces":{"east":{"uv":[6.5075,2.2575,6.7425,2.8675],"rotation":0,"texture":"#0","tintindex":0},"south":{"uv":[6.5075,3.0075,6.7425,3.6175],"rotation":0,"texture":"#0","tintindex":0},"north":{"uv":[6.5075,1.5075,6.7425,2.1175],"rotation":0,"texture":"#0","tintindex":0},"west":{"uv":[6.5075,3.7575,6.7425,4.3675],"rotation":0,"texture":"#0","tintindex":0},"up":{"uv":[6.2425,7.2425,6.0075,7.0075],"rotation":0,"texture":"#0","tintindex":0},"down":{"uv":[6.6175,7.0075,6.3825,7.2425],"rotation":0,"texture":"#0","tintindex":0}}},{"from":[12.173728,7.9028997,6.619657],"to":[14.014185,9.743357,9.3803425],"rotation":{"angle":0.0,"axis":"y","origin":[8.0,11.084225,10.203875]},"faces":{"east":{"uv":[6.7575,6.1325,7.1175,6.3675],"rotation":0,"texture":"#0","tintindex":0},"south":{"uv":[7.1325,6.8825,7.3675,7.1175],"rotation":0,"texture":"#0","tintindex":0},"north":{"uv":[5.6325,7.1325,5.8675,7.3675],"rotation":0,"texture":"#0","tintindex":0},"west":{"uv":[6.7575,6.5075,7.1175,6.7425],"rotation":0,"texture":"#0","tintindex":0},"up":{"uv":[5.8675,6.9925,5.6325,6.6325],"rotation":0,"texture":"#0","tintindex":0},"down":{"uv":[7.1175,0.0075,6.8825,0.3675],"rotation":0,"texture":"#0","tintindex":0}}},{"from":[6.619657,12.60214,6.619657],"to":[9.3803425,14.442598,9.3803425],"rotation":{"angle":0.0,"axis":"y","origin":[8.0,11.084225,10.203875]},"faces":{"east":{"uv":[6.8825,0.8825,7.2425,1.1175],"rotation":0,"texture":"#0","tintindex":0},"south":{"uv":[6.8825,1.2575,7.2425,1.4925],"rotation":0,"texture":"#0","tintindex":0},"north":{"uv":[6.8825,0.5075,7.2425,0.7425],"rotation":0,"texture":"#0","tintindex":0},"west":{"uv":[6.8825,1.6325,7.2425,1.8675],"rotation":0,"texture":"#0","tintindex":0},"up":{"uv":[6.8675,4.8675,6.5075,4.5075],"rotation":0,"texture":"#0","tintindex":0},"down":{"uv":[6.8675,5.0075,6.5075,5.3675],"rotation":0,"texture":"#0","tintindex":0}}},{"from":[3.4498868,7.779695,7.5398855],"to":[4.3701153,10.5403805,8.4601145],"rotation":{"angle":-45.0,"axis":"z","origin":[8.0,11.084225,10.203875]},"faces":{"east":{"uv":[7.2575,3.5075,7.3675,3.8675],"rotation":0,"texture":"#0","tintindex":0},"south":{"uv":[3.6325,7.2575,3.7425,7.6175],"rotation":0,"texture":"#0","tintindex":0},"north":{"uv":[3.3825,7.2575,3.4925,7.6175],"rotation":0,"texture":"#0","tintindex":0},"west":{"uv":[3.8825,7.2575,3.9925,7.6175],"rotation":0,"texture":"#0","tintindex":0},"up":{"uv":[6.9925,5.9925,6.8825,5.8825],"rotation":0,"texture":"#0","tintindex":0},"down":{"uv":[7.1175,5.2575,7.0075,5.3675],"rotation":0,"texture":"#0","tintindex":0}}},{"from":[11.629885,7.779695,7.5398855],"to":[12.550114,10.5403805,8.4601145],"rotation":{"angle":45.0,"axis":"z","origin":[8.0,11.084225,10.203875]},"faces":{"east":{"uv":[4.1325,7.2575,4.2425,7.6175],"rotation":0,"texture":"#0","tintindex":0},"south":{"uv":[4.3825,7.2575,4.4925,7.6175],"rotation":0,"texture":"#0","tintindex":0},"north":{"uv":[7.2575,4.0075,7.3675,4.3675],"rotation":0,"texture":"#0","tintindex":0},"west":{"uv":[4.6325,7.2575,4.7425,7.6175],"rotation":0,"texture":"#0","tintindex":0},"up":{"uv":[7.2425,5.9925,7.1325,5.8825],"rotation":0,"texture":"#0","tintindex":0},"down":{"uv":[4.9925,7.2575,4.8825,7.3675],"rotation":0,"texture":"#0","tintindex":0}}},{"from":[3.1687994,3.1247077,8.0],"to":[12.831201,15.087679,8.0],"rotation":{"angle":0.0,"axis":"y","origin":[8.0,11.084225,10.203875]},"faces":{"east":{"uv":[6.7575,7.2575,6.7575,8.8675],"rotation":0,"texture":"#0","tintindex":0},"south":{"uv":[1.3125,6.2575,0.0075,7.8675],"rotation":0,"texture":"#0","tintindex":0},"north":{"uv":[0.0075,6.2575,1.3125,7.8675],"rotation":0,"texture":"#0","tintindex":0},"west":{"uv":[6.8825,7.2575,6.8825,8.8675],"rotation":0,"texture":"#0","tintindex":0},"up":{"uv":[8.6175,5.6325,7.2575,5.6325],"rotation":0,"texture":"#0","tintindex":0},"down":{"uv":[8.6175,5.7575,7.2575,5.7575],"rotation":0,"texture":"#0","tintindex":0}}},{"from":[1.9858146,7.9028997,6.619657],"to":[3.826272,9.743357,9.3803425],"rotation":{"angle":0.0,"axis":"y","origin":[8.0,11.084225,10.203875]},"faces":{"east":{"uv":[7.1175,6.5075,6.7575,6.7425],"rotation":0,"texture":"#0","tintindex":0},"south":{"uv":[7.3675,6.8825,7.1325,7.1175],"rotation":0,"texture":"#0","tintindex":0},"north":{"uv":[5.8675,7.1325,5.6325,7.3675],"rotation":0,"texture":"#0","tintindex":0},"west":{"uv":[7.1175,6.1325,6.7575,6.3675],"rotation":0,"texture":"#0","tintindex":0},"up":{"uv":[5.6325,6.9925,5.8675,6.6325],"rotation":0,"texture":"#0","tintindex":0},"down":{"uv":[6.8825,0.0075,7.1175,0.3675],"rotation":0,"texture":"#0","tintindex":0}}}],"display":{"head":{"translation":[0.0,-6.4,0.0],"scale":[4.0,4.0,4.0]}}}