{"textures":{"0":"modelengine:entity/beast"},"elements":[{"from":[2.8571424,5.7142854,5.714286],"to":[13.142858,13.714286,20.57143],"rotation":{"angle":22.5,"axis":"x","origin":[8.0,1.1428566,8.0]},"faces":{"east":{"uv":[0.0,1.625,1.625,2.5],"rotation":0,"texture":"#0","tintindex":0},"south":{"uv":[4.25,2.125,5.375,3.0],"rotation":0,"texture":"#0","tintindex":0},"north":{"uv":[0.0,3.625,1.125,4.5],"rotation":0,"texture":"#0","tintindex":0},"west":{"uv":[1.625,1.625,3.25,2.5],"rotation":0,"texture":"#0","tintindex":0},"up":{"uv":[1.125,1.625,0.0,0.0],"rotation":0,"texture":"#0","tintindex":0},"down":{"uv":[2.25,0.0,1.125,1.625],"rotation":0,"texture":"#0","tintindex":0}}},{"from":[6.857143,11.428572,18.285715],"to":[7.428571,32.0,18.857143],"rotation":{"angle":22.5,"axis":"z","origin":[8.0,1.1428566,8.0]},"faces":{"east":{"uv":[11.3125,0.0,11.375,2.25],"rotation":0,"texture":"#0","tintindex":0},"south":{"uv":[11.3125,0.0,11.375,2.25],"rotation":0,"texture":"#0","tintindex":0},"north":{"uv":[11.375,0.0,11.4375,2.25],"rotation":0,"texture":"#0","tintindex":0},"west":{"uv":[11.3125,0.0,11.375,2.25],"rotation":0,"texture":"#0","tintindex":0},"up":{"uv":[8.8125,2.25,8.875,2.3125],"rotation":0,"texture":"#0","tintindex":0},"down":{"uv":[0.0,0.0,0.0625,0.0625],"rotation":0,"texture":"#0","tintindex":0}}},{"from":[7.714286,8.0,20.57143],"to":[8.285714,28.57143,21.142857],"rotation":{"angle":0.0,"axis":"y","origin":[8.0,1.1428566,8.0]},"faces":{"east":{"uv":[11.3125,0.0,11.375,2.25],"rotation":0,"texture":"#0","tintindex":0},"south":{"uv":[11.3125,0.0,11.375,2.25],"rotation":0,"texture":"#0","tintindex":0},"north":{"uv":[11.375,0.0,11.4375,2.25],"rotation":0,"texture":"#0","tintindex":0},"west":{"uv":[11.3125,0.0,11.375,2.25],"rotation":0,"texture":"#0","tintindex":0},"up":{"uv":[8.8125,2.25,8.875,2.3125],"rotation":0,"texture":"#0","tintindex":0},"down":{"uv":[0.0,0.0,0.0625,0.0625],"rotation":0,"texture":"#0","tintindex":0}}},{"from":[8.571428,11.428572,18.285715],"to":[9.142858,32.0,18.857143],"rotation":{"angle":-22.5,"axis":"z","origin":[8.0,1.1428566,8.0]},"faces":{"east":{"uv":[11.375,0.0,11.3125,2.25],"rotation":0,"texture":"#0","tintindex":0},"south":{"uv":[11.375,0.0,11.3125,2.25],"rotation":0,"texture":"#0","tintindex":0},"north":{"uv":[11.4375,0.0,11.375,2.25],"rotation":0,"texture":"#0","tintindex":0},"west":{"uv":[11.375,0.0,11.3125,2.25],"rotation":0,"texture":"#0","tintindex":0},"up":{"uv":[8.875,2.25,8.8125,2.3125],"rotation":0,"texture":"#0","tintindex":0},"down":{"uv":[0.0625,0.0,0.0,0.0625],"rotation":0,"texture":"#0","tintindex":0}}},{"from":[4.3999996,24.711468,18.857143],"to":[4.3999996,30.425755,26.857143],"rotation":{"angle":22.5,"axis":"z","origin":[4.101346,7.568609,18.857143]},"faces":{"east":{"uv":[13.3125,0.0,12.4375,0.625],"rotation":0,"texture":"#0","tintindex":0},"south":{"uv":[0.0,0.0,0.0,0.625],"rotation":0,"texture":"#0","tintindex":0},"north":{"uv":[0.0,0.0,0.0,0.625],"rotation":0,"texture":"#0","tintindex":0},"west":{"uv":[12.4375,0.0,13.3125,0.625],"rotation":0,"texture":"#0","tintindex":0},"up":{"uv":[0.0,0.0,0.0,0.875],"rotation":0,"texture":"#0","tintindex":0},"down":{"uv":[0.0,0.0,0.0,0.875],"rotation":0,"texture":"#0","tintindex":0}}},{"from":[11.6,24.711468,18.857143],"to":[11.6,30.425755,26.857143],"rotation":{"angle":-22.5,"axis":"z","origin":[11.898654,7.568609,18.857143]},"faces":{"east":{"uv":[13.3125,0.0,12.4375,0.625],"rotation":0,"texture":"#0","tintindex":0},"south":{"uv":[0.0,0.0,0.0,0.625],"rotation":0,"texture":"#0","tintindex":0},"north":{"uv":[0.0,0.0,0.0,0.625],"rotation":0,"texture":"#0","tintindex":0},"west":{"uv":[12.4375,0.0,13.3125,0.625],"rotation":0,"texture":"#0","tintindex":0},"up":{"uv":[0.0,0.0,0.0,0.875],"rotation":0,"texture":"#0","tintindex":0},"down":{"uv":[0.0,0.0,0.0,0.875],"rotation":0,"texture":"#0","tintindex":0}}},{"from":[8.0,22.425753,21.142857],"to":[8.0,28.14004,29.142859],"rotation":{"angle":0.0,"axis":"y","origin":[11.898654,7.568609,18.857143]},"faces":{"east":{"uv":[13.3125,0.0,12.4375,0.625],"rotation":0,"texture":"#0","tintindex":0},"south":{"uv":[0.0,0.0,0.0,0.625],"rotation":0,"texture":"#0","tintindex":0},"north":{"uv":[0.0,0.0,0.0,0.625],"rotation":0,"texture":"#0","tintindex":0},"west":{"uv":[12.4375,0.0,13.3125,0.625],"rotation":0,"texture":"#0","tintindex":0},"up":{"uv":[0.0,0.0,0.0,0.875],"rotation":0,"texture":"#0","tintindex":0},"down":{"uv":[0.0,0.0,0.0,0.875],"rotation":0,"texture":"#0","tintindex":0}}}],"display":{"head":{"translation":[0.0,21.028574,0.0],"scale":[4.0,4.0,4.0]}}}