{"textures":{"0":"modelengine:entity/beast"},"elements":[{"from":[5.714286,2.8571424,4.0],"to":[9.142858,10.857143,12.571428],"rotation":{"angle":0.0,"axis":"y","origin":[14.285715,4.0,-2.8571434]},"faces":{"east":{"uv":[1.25,4.625,2.1875,5.5],"rotation":0,"texture":"#0","tintindex":0},"south":{"uv":[5.9375,6.1875,6.3125,7.0625],"rotation":0,"texture":"#0","tintindex":0},"north":{"uv":[5.5625,6.1875,5.9375,7.0625],"rotation":0,"texture":"#0","tintindex":0},"west":{"uv":[2.1875,4.625,3.125,5.5],"rotation":0,"texture":"#0","tintindex":0},"up":{"uv":[4.625,7.0625,4.25,6.125],"rotation":0,"texture":"#0","tintindex":0},"down":{"uv":[6.5625,0.5625,6.1875,1.5],"rotation":0,"texture":"#0","tintindex":0}}},{"from":[6.285714,8.0,8.571428],"to":[9.142858,12.0,15.428572],"rotation":{"angle":22.5,"axis":"x","origin":[14.285715,4.0,-2.8571434]},"faces":{"east":{"uv":[6.3125,6.1875,7.0625,6.625],"rotation":0,"texture":"#0","tintindex":0},"south":{"uv":[6.625,0.0,6.9375,0.4375],"rotation":0,"texture":"#0","tintindex":0},"north":{"uv":[5.75,0.5625,6.0625,1.0],"rotation":0,"texture":"#0","tintindex":0},"west":{"uv":[6.4375,5.25,7.1875,5.6875],"rotation":0,"texture":"#0","tintindex":0},"up":{"uv":[0.3125,7.875,0.0,7.125],"rotation":0,"texture":"#0","tintindex":0},"down":{"uv":[7.4375,0.6875,7.125,1.4375],"rotation":0,"texture":"#0","tintindex":0}}},{"from":[1.7142854,4.5714283,5.714286],"to":[6.285714,9.142858,10.285714],"rotation":{"angle":0.0,"axis":"y","origin":[14.285715,4.0,-2.8571434]},"faces":{"east":{"uv":[0.0,0.0,0.5,0.5],"rotation":0,"texture":"#0","tintindex":0},"south":{"uv":[10.5,3.25,11.0,3.75],"rotation":0,"texture":"#0","tintindex":0},"north":{"uv":[9.5,3.75,10.0,4.25],"rotation":0,"texture":"#0","tintindex":0},"west":{"uv":[9.5,3.25,10.0,3.75],"rotation":0,"texture":"#0","tintindex":0},"up":{"uv":[10.0,3.25,10.5,3.75],"rotation":0,"texture":"#0","tintindex":0},"down":{"uv":[10.125,3.8125,10.625,4.3125],"rotation":0,"texture":"#0","tintindex":0}}}],"display":{"head":{"translation":[0.0,-6.4,0.0],"scale":[4.0,4.0,4.0]}}}