{"textures":{"0":"modelengine:entity/beast"},"elements":[{"from":[6.857143,-0.57142925,2.2857141],"to":[9.714286,1.7142854,10.857143],"rotation":{"angle":-22.5,"axis":"x","origin":[14.857143,0.0,-9.1428585]},"faces":{"east":{"uv":[7.0625,6.125,8.0,6.375],"rotation":0,"texture":"#0","tintindex":0},"south":{"uv":[7.4375,2.6875,7.75,2.9375],"rotation":0,"texture":"#0","tintindex":0},"north":{"uv":[7.4375,1.75,7.75,2.0],"rotation":0,"texture":"#0","tintindex":0},"west":{"uv":[7.0625,6.375,8.0,6.625],"rotation":0,"texture":"#0","tintindex":0},"up":{"uv":[6.9375,7.5625,6.625,6.625],"rotation":0,"texture":"#0","tintindex":0},"down":{"uv":[1.375,6.75,1.0625,7.6875],"rotation":0,"texture":"#0","tintindex":0}}},{"from":[6.285714,3.3439713,-1.8447781],"to":[10.857143,6.201114,3.8695073],"rotation":{"angle":0.0,"axis":"y","origin":[14.857143,-0.65602875,-7.559064]},"faces":{"east":{"uv":[7.1875,5.1875,7.8125,5.5],"rotation":0,"texture":"#0","tintindex":0},"south":{"uv":[7.3125,6.8125,7.8125,7.125],"rotation":0,"texture":"#0","tintindex":0},"north":{"uv":[5.375,2.6875,5.875,3.0],"rotation":0,"texture":"#0","tintindex":0},"west":{"uv":[7.1875,5.5,7.8125,5.8125],"rotation":0,"texture":"#0","tintindex":0},"up":{"uv":[0.5,7.125,0.0,6.5],"rotation":0,"texture":"#0","tintindex":0},"down":{"uv":[7.0625,0.5625,6.5625,1.1875],"rotation":0,"texture":"#0","tintindex":0}}}],"display":{"head":{"translation":[0.0,-6.4,0.0],"scale":[4.0,4.0,4.0]}}}