{"textures":{"0":"modelengine:entity/beast"},"elements":[{"from":[8.571428,4.0,2.8571424],"to":[12.0,12.0,11.428572],"rotation":{"angle":0.0,"axis":"y","origin":[3.4285712,5.142857,-4.000001]},"faces":{"east":{"uv":[3.125,4.625,4.0625,5.5],"rotation":0,"texture":"#0","tintindex":0},"south":{"uv":[6.25,4.375,6.625,5.25],"rotation":0,"texture":"#0","tintindex":0},"north":{"uv":[6.25,1.5,6.625,2.375],"rotation":0,"texture":"#0","tintindex":0},"west":{"uv":[5.0,3.0,5.9375,3.875],"rotation":0,"texture":"#0","tintindex":0},"up":{"uv":[2.625,7.125,2.25,6.1875],"rotation":0,"texture":"#0","tintindex":0},"down":{"uv":[3.0,6.1875,2.625,7.125],"rotation":0,"texture":"#0","tintindex":0}}},{"from":[8.571428,9.142858,7.428571],"to":[11.428572,13.142858,14.285715],"rotation":{"angle":22.5,"axis":"x","origin":[3.4285712,5.142857,-4.000001]},"faces":{"east":{"uv":[6.4375,5.6875,7.1875,6.125],"rotation":0,"texture":"#0","tintindex":0},"south":{"uv":[2.8125,7.375,3.125,7.8125],"rotation":0,"texture":"#0","tintindex":0},"north":{"uv":[6.625,4.8125,6.9375,5.25],"rotation":0,"texture":"#0","tintindex":0},"west":{"uv":[6.5,3.375,7.25,3.8125],"rotation":0,"texture":"#0","tintindex":0},"up":{"uv":[7.4375,2.1875,7.125,1.4375],"rotation":0,"texture":"#0","tintindex":0},"down":{"uv":[2.3125,7.125,2.0,7.875],"rotation":0,"texture":"#0","tintindex":0}}},{"from":[11.428572,5.714286,4.5714283],"to":[16.0,10.285714,9.142858],"rotation":{"angle":0.0,"axis":"y","origin":[3.4285712,5.142857,-4.000001]},"faces":{"east":{"uv":[10.0,3.25,9.5,3.75],"rotation":0,"texture":"#0","tintindex":0},"south":{"uv":[11.0,3.25,10.5,3.75],"rotation":0,"texture":"#0","tintindex":0},"north":{"uv":[10.0,3.75,9.5,4.25],"rotation":0,"texture":"#0","tintindex":0},"west":{"uv":[0.5,0.0,0.0,0.5],"rotation":0,"texture":"#0","tintindex":0},"up":{"uv":[10.5,3.25,10.0,3.75],"rotation":0,"texture":"#0","tintindex":0},"down":{"uv":[10.625,3.8125,10.125,4.3125],"rotation":0,"texture":"#0","tintindex":0}}}],"display":{"head":{"translation":[0.0,-6.4,0.0],"scale":[4.0,4.0,4.0]}}}