{"textures":{"0":"modelengine:entity/beast"},"elements":[{"from":[3.4285712,-0.57142925,1.7142854],"to":[6.285714,1.7142854,10.285714],"rotation":{"angle":-22.5,"axis":"x","origin":[-1.7142859,0.0,-9.714287]},"faces":{"east":{"uv":[7.125,2.1875,8.0625,2.4375],"rotation":0,"texture":"#0","tintindex":0},"south":{"uv":[7.4375,7.3125,7.75,7.5625],"rotation":0,"texture":"#0","tintindex":0},"north":{"uv":[7.4375,2.9375,7.75,3.1875],"rotation":0,"texture":"#0","tintindex":0},"west":{"uv":[2.3125,7.125,3.25,7.375],"rotation":0,"texture":"#0","tintindex":0},"up":{"uv":[1.6875,7.6875,1.375,6.75],"rotation":0,"texture":"#0","tintindex":0},"down":{"uv":[2.0,6.75,1.6875,7.6875],"rotation":0,"texture":"#0","tintindex":0}}},{"from":[2.2857141,3.3439713,-2.4162064],"to":[6.857143,6.201114,3.298079],"rotation":{"angle":0.0,"axis":"y","origin":[-1.7142859,-0.65602875,-8.130493]},"faces":{"east":{"uv":[7.1875,5.8125,7.8125,6.125],"rotation":0,"texture":"#0","tintindex":0},"south":{"uv":[2.3125,7.375,2.8125,7.6875],"rotation":0,"texture":"#0","tintindex":0},"north":{"uv":[6.9375,7.3125,7.4375,7.625],"rotation":0,"texture":"#0","tintindex":0},"west":{"uv":[7.25,3.375,7.875,3.6875],"rotation":0,"texture":"#0","tintindex":0},"up":{"uv":[7.125,1.8125,6.625,1.1875],"rotation":0,"texture":"#0","tintindex":0},"down":{"uv":[7.125,1.8125,6.625,2.4375],"rotation":0,"texture":"#0","tintindex":0}}}],"display":{"head":{"translation":[0.0,-6.4,0.0],"scale":[4.0,4.0,4.0]}}}