{"textures":{"0":"modelengine:entity/beast"},"elements":[{"from":[6.285714,4.5714283,4.5714283],"to":[9.714286,10.857143,10.857143],"rotation":{"angle":0.0,"axis":"y","origin":[1.1428566,2.8571424,9.714286]},"faces":{"east":{"uv":[5.9375,2.6875,6.625,3.375],"rotation":0,"texture":"#0","tintindex":0},"south":{"uv":[4.125,7.0625,4.5,7.75],"rotation":0,"texture":"#0","tintindex":0},"north":{"uv":[7.0625,2.6875,7.4375,3.375],"rotation":0,"texture":"#0","tintindex":0},"west":{"uv":[4.875,6.0625,5.5625,6.75],"rotation":0,"texture":"#0","tintindex":0},"up":{"uv":[5.875,7.75,5.5,7.0625],"rotation":0,"texture":"#0","tintindex":0},"down":{"uv":[6.25,7.0625,5.875,7.75],"rotation":0,"texture":"#0","tintindex":0}}},{"from":[6.285714,-4.000001,6.285714],"to":[9.142858,5.142857,9.714286],"rotation":{"angle":0.0,"axis":"y","origin":[1.1428566,2.8571424,9.714286]},"faces":{"east":{"uv":[3.125,6.125,3.5,7.125],"rotation":0,"texture":"#0","tintindex":0},"south":{"uv":[6.3125,6.625,6.625,7.625],"rotation":0,"texture":"#0","tintindex":0},"north":{"uv":[6.625,3.8125,6.9375,4.8125],"rotation":0,"texture":"#0","tintindex":0},"west":{"uv":[6.125,3.375,6.5,4.375],"rotation":0,"texture":"#0","tintindex":0},"up":{"uv":[7.75,1.375,7.4375,1.0],"rotation":0,"texture":"#0","tintindex":0},"down":{"uv":[7.75,1.375,7.4375,1.75],"rotation":0,"texture":"#0","tintindex":0}}}],"display":{"head":{"translation":[0.0,-6.4,0.0],"scale":[4.0,4.0,4.0]}}}