{"textures":{"0":"modelengine:entity/beast"},"elements":[{"from":[6.857143,5.714286,2.8571424],"to":[10.857143,8.571428,8.571428],"rotation":{"angle":0.0,"axis":"y","origin":[2.2857141,1.7142854,11.428572]},"faces":{"east":{"uv":[7.3125,4.3125,7.9375,4.625],"rotation":0,"texture":"#0","tintindex":0},"south":{"uv":[0.3125,7.4375,0.75,7.75],"rotation":0,"texture":"#0","tintindex":0},"north":{"uv":[7.4375,0.0,7.875,0.3125],"rotation":0,"texture":"#0","tintindex":0},"west":{"uv":[7.3125,4.625,7.9375,4.9375],"rotation":0,"texture":"#0","tintindex":0},"up":{"uv":[5.5,7.375,5.0625,6.75],"rotation":0,"texture":"#0","tintindex":0},"down":{"uv":[0.9375,6.8125,0.5,7.4375],"rotation":0,"texture":"#0","tintindex":0}}}],"display":{"head":{"translation":[0.0,-6.4,0.0],"scale":[4.0,4.0,4.0]}}}