{"textures":{"0":"modelengine:entity/glacial_furbeak"},"elements":[{"from":[6.5798855,7.935529,3.606258],"to":[9.4201145,10.775758,7.866601],"rotation":{"angle":0.0,"axis":"y","origin":[8.0,10.687,16.115185]},"faces":{"east":{"uv":[8.515,0.015,9.235,0.485],"rotation":0,"texture":"#0","tintindex":0},"south":{"uv":[8.515,3.265,8.985,3.735],"rotation":0,"texture":"#0","tintindex":0},"north":{"uv":[8.515,2.515,8.985,2.985],"rotation":0,"texture":"#0","tintindex":0},"west":{"uv":[8.515,0.765,9.235,1.235],"rotation":0,"texture":"#0","tintindex":0},"up":{"uv":[5.235,8.985,4.765,8.265],"rotation":0,"texture":"#0","tintindex":0},"down":{"uv":[8.985,1.515,8.515,2.235],"rotation":0,"texture":"#0","tintindex":0}}},{"from":[7.2899427,1.7246752,4.8750525],"to":[8.710057,5.985018,6.295167],"rotation":{"angle":22.5,"axis":"x","origin":[8.0,10.687,16.115185]},"faces":{"east":{"uv":[7.015,8.515,7.235,9.235],"rotation":0,"texture":"#0","tintindex":0},"south":{"uv":[7.515,8.515,7.735,9.235],"rotation":0,"texture":"#0","tintindex":0},"north":{"uv":[6.515,8.515,6.735,9.235],"rotation":0,"texture":"#0","tintindex":0},"west":{"uv":[8.015,8.515,8.235,9.235],"rotation":0,"texture":"#0","tintindex":0},"up":{"uv":[4.235,5.735,4.015,5.515],"rotation":0,"texture":"#0","tintindex":0},"down":{"uv":[9.735,9.515,9.515,9.735],"rotation":0,"texture":"#0","tintindex":0}}}],"display":{"head":{"translation":[0.0,-6.4,0.0],"scale":[4.0,4.0,4.0]}}}