{"textures":{"0":"modelengine:entity/glacial_furbeak"},"elements":[{"name":"cube","from":[6.5088797,7.932306,3.3865705],"to":[9.491119,10.914546,7.859931],"rotation":{"angle":0.0,"axis":"x","origin":[8.0,10.821351,16.520945]},"faces":{"down":{"uv":[8.985,1.515,8.515,2.235],"rotation":0,"texture":"#0","tintindex":0},"east":{"uv":[8.515,0.015,9.235,0.485],"rotation":0,"texture":"#0","tintindex":0},"north":{"uv":[8.515,2.515,8.985,2.985],"rotation":0,"texture":"#0","tintindex":0},"south":{"uv":[8.515,3.265,8.985,3.735],"rotation":0,"texture":"#0","tintindex":0},"up":{"uv":[5.235,8.985,4.765,8.265],"rotation":0,"texture":"#0","tintindex":0},"west":{"uv":[8.515,0.765,9.235,1.235],"rotation":0,"texture":"#0","tintindex":0}}},{"name":"cube","from":[7.25444,1.4109088,4.718806],"to":[8.74556,5.8842688,6.2099257],"rotation":{"angle":22.5,"axis":"x","origin":[8.0,10.821351,16.520945]},"faces":{"down":{"uv":[9.735,9.515,9.515,9.735],"rotation":0,"texture":"#0","tintindex":0},"east":{"uv":[7.015,8.515,7.235,9.235],"rotation":0,"texture":"#0","tintindex":0},"north":{"uv":[6.515,8.515,6.735,9.235],"rotation":0,"texture":"#0","tintindex":0},"south":{"uv":[7.515,8.515,7.735,9.235],"rotation":0,"texture":"#0","tintindex":0},"up":{"uv":[4.235,5.735,4.015,5.515],"rotation":0,"texture":"#0","tintindex":0},"west":{"uv":[8.015,8.515,8.235,9.235],"rotation":0,"texture":"#0","tintindex":0}}}],"display":{"head":{"translation":[0.0,-6.4,0.0],"rotation":[0.0,0.0,0.0],"scale":[3.8095,3.8095,3.8095]}}}