{"textures":{"0":"modelengine:entity/glacial_furbeak"},"elements":[{"name":"cube","from":[7.43798,6.871895,4.940529],"to":[8.55632,7.990235,7.177209],"rotation":{"angle":0.0,"axis":"x","origin":[10.606611,14.942582,5.027602]},"faces":{"down":{"uv":[6.735,9.515,6.515,9.875],"rotation":0,"texture":"#0","tintindex":0},"east":{"uv":[9.515,0.515,9.875,0.735],"rotation":0,"texture":"#0","tintindex":0},"north":{"uv":[3.015,9.765,3.235,9.985],"rotation":0,"texture":"#0","tintindex":0},"south":{"uv":[3.515,9.765,3.735,9.985],"rotation":0,"texture":"#0","tintindex":0},"up":{"uv":[0.735,9.875,0.515,9.515],"rotation":0,"texture":"#0","tintindex":0},"west":{"uv":[9.515,1.015,9.875,1.235],"rotation":0,"texture":"#0","tintindex":0}}},{"name":"cube","from":[6.11717,6.8346167,3.7426956],"to":[7.23551,7.952957,7.0977154],"rotation":{"angle":22.5,"axis":"y","origin":[10.606611,14.942582,5.027602]},"faces":{"down":{"uv":[1.735,9.015,1.515,9.625],"rotation":0,"texture":"#0","tintindex":0},"east":{"uv":[5.515,8.765,6.125,8.985],"rotation":0,"texture":"#0","tintindex":0},"north":{"uv":[9.765,3.515,9.985,3.735],"rotation":0,"texture":"#0","tintindex":0},"south":{"uv":[9.765,4.015,9.985,4.235],"rotation":0,"texture":"#0","tintindex":0},"up":{"uv":[1.235,9.625,1.015,9.015],"rotation":0,"texture":"#0","tintindex":0},"west":{"uv":[0.015,9.015,0.625,9.235],"rotation":0,"texture":"#0","tintindex":0}}},{"name":"cube","from":[9.168849,6.8346167,5.7557077],"to":[10.2871895,7.952957,9.110728],"rotation":{"angle":-22.5,"axis":"y","origin":[10.606611,14.942582,5.027602]},"faces":{"down":{"uv":[8.735,9.015,8.515,9.625],"rotation":0,"texture":"#0","tintindex":0},"east":{"uv":[9.015,7.265,9.625,7.485],"rotation":0,"texture":"#0","tintindex":0},"north":{"uv":[9.765,4.515,9.985,4.735],"rotation":0,"texture":"#0","tintindex":0},"south":{"uv":[9.765,5.015,9.985,5.235],"rotation":0,"texture":"#0","tintindex":0},"up":{"uv":[2.235,9.625,2.015,9.015],"rotation":0,"texture":"#0","tintindex":0},"west":{"uv":[9.015,7.765,9.625,7.985],"rotation":0,"texture":"#0","tintindex":0}}},{"name":"cube","from":[6.4899497,7.207397,2.9971356],"to":[6.86273,7.580177,3.7426956],"rotation":{"angle":22.5,"axis":"y","origin":[10.606611,14.942582,5.027602]},"faces":{"down":{"uv":[10.125,7.515,10.015,7.625],"rotation":0,"texture":"#0","tintindex":0},"east":{"uv":[10.015,6.515,10.125,6.625],"rotation":0,"texture":"#0","tintindex":0},"north":{"uv":[6.015,10.015,6.125,10.125],"rotation":0,"texture":"#0","tintindex":0},"south":{"uv":[7.015,10.015,7.125,10.125],"rotation":0,"texture":"#0","tintindex":0},"up":{"uv":[7.625,10.125,7.515,10.015],"rotation":0,"texture":"#0","tintindex":0},"west":{"uv":[10.015,7.015,10.125,7.125],"rotation":0,"texture":"#0","tintindex":0}}},{"name":"cube","from":[7.830594,7.207397,4.205854],"to":[8.203374,7.580177,4.951414],"rotation":{"angle":0.0,"axis":"x","origin":[10.606611,14.942582,5.027602]},"faces":{"down":{"uv":[9.625,10.015,9.515,10.125],"rotation":0,"texture":"#0","tintindex":0},"east":{"uv":[10.015,8.015,10.125,8.125],"rotation":0,"texture":"#0","tintindex":0},"north":{"uv":[8.015,10.015,8.125,10.125],"rotation":0,"texture":"#0","tintindex":0},"south":{"uv":[8.515,10.015,8.625,10.125],"rotation":0,"texture":"#0","tintindex":0},"up":{"uv":[10.125,9.125,10.015,9.015],"rotation":0,"texture":"#0","tintindex":0},"west":{"uv":[10.015,8.515,10.125,8.625],"rotation":0,"texture":"#0","tintindex":0}}},{"name":"cube","from":[9.54163,7.207397,5.0474257],"to":[9.91441,7.580177,5.792986],"rotation":{"angle":-22.5,"axis":"y","origin":[10.606611,14.942582,5.027602]},"faces":{"down":{"uv":[10.375,0.515,10.265,0.625],"rotation":0,"texture":"#0","tintindex":0},"east":{"uv":[10.015,10.015,10.125,10.125],"rotation":0,"texture":"#0","tintindex":0},"north":{"uv":[10.015,9.515,10.125,9.625],"rotation":0,"texture":"#0","tintindex":0},"south":{"uv":[0.015,10.265,0.125,10.375],"rotation":0,"texture":"#0","tintindex":0},"up":{"uv":[0.625,10.375,0.515,10.265],"rotation":0,"texture":"#0","tintindex":0},"west":{"uv":[10.265,0.015,10.375,0.125],"rotation":0,"texture":"#0","tintindex":0}}}],"display":{"head":{"translation":[0.0,-6.4,0.0],"rotation":[0.0,0.0,0.0],"scale":[3.8095,3.8095,3.8095]}}}