{"textures":{"0":"modelengine:entity/glacial_furbeak"},"elements":[{"name":"cube","from":[7.2568827,5.6523685,7.2418137],"to":[8.748003,8.634609,8.732933],"rotation":{"angle":0.0,"axis":"x","origin":[5.3929825,13.760333,5.092207]},"faces":{"down":{"uv":[9.765,2.515,9.985,2.735],"rotation":0,"texture":"#0","tintindex":0},"east":{"uv":[9.485,5.265,9.265,5.735],"rotation":0,"texture":"#0","tintindex":0},"north":{"uv":[4.735,9.265,4.515,9.735],"rotation":0,"texture":"#0","tintindex":0},"south":{"uv":[5.235,9.265,5.015,9.735],"rotation":0,"texture":"#0","tintindex":0},"up":{"uv":[9.765,2.235,9.985,2.015],"rotation":0,"texture":"#0","tintindex":0},"west":{"uv":[9.485,4.515,9.265,4.985],"rotation":0,"texture":"#0","tintindex":0}}}],"display":{"head":{"translation":[0.0,-6.4,0.0],"rotation":[0.0,0.0,0.0],"scale":[3.8095,3.8095,3.8095]}}}