{"textures":{"0":"modelengine:entity/glacial_furbeak"},"elements":[{"name":"cube","from":[7.4436793,6.961895,4.790529],"to":[8.562019,8.080235,7.0272093],"rotation":{"angle":0.0,"axis":"x","origin":[5.3933897,15.032582,4.8776026]},"faces":{"down":{"uv":[6.515,9.515,6.735,9.875],"rotation":0,"texture":"#0","tintindex":0},"east":{"uv":[9.875,1.015,9.515,1.235],"rotation":0,"texture":"#0","tintindex":0},"north":{"uv":[3.235,9.765,3.015,9.985],"rotation":0,"texture":"#0","tintindex":0},"south":{"uv":[3.735,9.765,3.515,9.985],"rotation":0,"texture":"#0","tintindex":0},"up":{"uv":[0.515,9.875,0.735,9.515],"rotation":0,"texture":"#0","tintindex":0},"west":{"uv":[9.875,0.515,9.515,0.735],"rotation":0,"texture":"#0","tintindex":0}}},{"name":"cube","from":[8.76449,6.924617,3.5926955],"to":[9.88283,8.042957,6.9477158],"rotation":{"angle":-22.5,"axis":"y","origin":[5.3933897,15.032582,4.8776026]},"faces":{"down":{"uv":[1.515,9.015,1.735,9.625],"rotation":0,"texture":"#0","tintindex":0},"east":{"uv":[0.625,9.015,0.015,9.235],"rotation":0,"texture":"#0","tintindex":0},"north":{"uv":[9.985,3.515,9.765,3.735],"rotation":0,"texture":"#0","tintindex":0},"south":{"uv":[9.985,4.015,9.765,4.235],"rotation":0,"texture":"#0","tintindex":0},"up":{"uv":[1.015,9.625,1.235,9.015],"rotation":0,"texture":"#0","tintindex":0},"west":{"uv":[6.125,8.765,5.515,8.985],"rotation":0,"texture":"#0","tintindex":0}}},{"name":"cube","from":[5.7128105,6.924617,5.6057076],"to":[6.831151,8.042957,8.960728],"rotation":{"angle":22.5,"axis":"y","origin":[5.3933897,15.032582,4.8776026]},"faces":{"down":{"uv":[8.515,9.015,8.735,9.625],"rotation":0,"texture":"#0","tintindex":0},"east":{"uv":[9.625,7.765,9.015,7.985],"rotation":0,"texture":"#0","tintindex":0},"north":{"uv":[9.985,4.515,9.765,4.735],"rotation":0,"texture":"#0","tintindex":0},"south":{"uv":[9.985,5.015,9.765,5.235],"rotation":0,"texture":"#0","tintindex":0},"up":{"uv":[2.015,9.625,2.235,9.015],"rotation":0,"texture":"#0","tintindex":0},"west":{"uv":[9.625,7.265,9.015,7.485],"rotation":0,"texture":"#0","tintindex":0}}},{"name":"cube","from":[9.13727,7.2973967,2.8471355],"to":[9.51005,7.670177,3.5926955],"rotation":{"angle":-22.5,"axis":"y","origin":[5.3933897,15.032582,4.8776026]},"faces":{"down":{"uv":[10.015,7.515,10.125,7.625],"rotation":0,"texture":"#0","tintindex":0},"east":{"uv":[10.125,7.015,10.015,7.125],"rotation":0,"texture":"#0","tintindex":0},"north":{"uv":[6.125,10.015,6.015,10.125],"rotation":0,"texture":"#0","tintindex":0},"south":{"uv":[7.125,10.015,7.015,10.125],"rotation":0,"texture":"#0","tintindex":0},"up":{"uv":[7.515,10.125,7.625,10.015],"rotation":0,"texture":"#0","tintindex":0},"west":{"uv":[10.125,6.515,10.015,6.625],"rotation":0,"texture":"#0","tintindex":0}}},{"name":"cube","from":[7.796626,7.2973967,4.055854],"to":[8.169406,7.670177,4.801414],"rotation":{"angle":0.0,"axis":"x","origin":[5.3933897,15.032582,4.8776026]},"faces":{"down":{"uv":[9.515,10.015,9.625,10.125],"rotation":0,"texture":"#0","tintindex":0},"east":{"uv":[10.125,8.515,10.015,8.625],"rotation":0,"texture":"#0","tintindex":0},"north":{"uv":[8.125,10.015,8.015,10.125],"rotation":0,"texture":"#0","tintindex":0},"south":{"uv":[8.625,10.015,8.515,10.125],"rotation":0,"texture":"#0","tintindex":0},"up":{"uv":[10.015,9.125,10.125,9.015],"rotation":0,"texture":"#0","tintindex":0},"west":{"uv":[10.125,8.015,10.015,8.125],"rotation":0,"texture":"#0","tintindex":0}}},{"name":"cube","from":[6.085591,7.2973967,4.8974257],"to":[6.458371,7.670177,5.6429853],"rotation":{"angle":22.5,"axis":"y","origin":[5.3933897,15.032582,4.8776026]},"faces":{"down":{"uv":[10.265,0.515,10.375,0.625],"rotation":0,"texture":"#0","tintindex":0},"east":{"uv":[10.375,0.015,10.265,0.125],"rotation":0,"texture":"#0","tintindex":0},"north":{"uv":[10.125,9.515,10.015,9.625],"rotation":0,"texture":"#0","tintindex":0},"south":{"uv":[0.125,10.265,0.015,10.375],"rotation":0,"texture":"#0","tintindex":0},"up":{"uv":[0.515,10.375,0.625,10.265],"rotation":0,"texture":"#0","tintindex":0},"west":{"uv":[10.125,10.015,10.015,10.125],"rotation":0,"texture":"#0","tintindex":0}}}],"display":{"head":{"translation":[0.0,-6.4,0.0],"rotation":[0.0,0.0,0.0],"scale":[3.8095,3.8095,3.8095]}}}