{"textures":{"0":"modelengine:entity/mso_cave_insect"},"elements":[{"from":[7.542857,7.9385033,4.077958],"to":[8.457143,8.88136,7.992244],"rotation":{"angle":22.5,"axis":"x","origin":[8.028571,8.138503,5.9065294]},"faces":{"east":{"uv":[7.75,1.125,8.625,1.375],"rotation":0,"texture":"#0","tintindex":0},"south":{"uv":[11.625,10.25,11.875,10.5],"rotation":0,"texture":"#0","tintindex":0},"north":{"uv":[11.625,10.0,11.875,10.25],"rotation":0,"texture":"#0","tintindex":0},"west":{"uv":[8.625,3.75,9.5,4.0],"rotation":0,"texture":"#0","tintindex":0},"up":{"uv":[3.625,12.375,3.375,11.5],"rotation":0,"texture":"#0","tintindex":0},"down":{"uv":[6.25,11.5,6.0,12.375],"rotation":0,"texture":"#0","tintindex":0}}},{"from":[7.542857,8.652789,2.0922437],"to":[8.457143,9.524218,4.5065293],"rotation":{"angle":0.0,"axis":"y","origin":[8.028571,8.781361,2.777958]},"faces":{"east":{"uv":[9.75,4.75,10.25,5.0],"rotation":0,"texture":"#0","tintindex":0},"south":{"uv":[11.625,10.75,11.875,11.0],"rotation":0,"texture":"#0","tintindex":0},"north":{"uv":[11.625,10.5,11.875,10.75],"rotation":0,"texture":"#0","tintindex":0},"west":{"uv":[10.5,6.625,11.0,6.875],"rotation":0,"texture":"#0","tintindex":0},"up":{"uv":[4.25,12.125,4.0,11.625],"rotation":0,"texture":"#0","tintindex":0},"down":{"uv":[11.875,6.125,11.625,6.625],"rotation":0,"texture":"#0","tintindex":0}}}],"display":{"head":{"translation":[0.0,-6.4,0.0],"scale":[4.0,4.0,4.0]}}}