{"textures":{"0":"modelengine:entity/mso_cave_insect"},"elements":[{"from":[7.0,6.985714,6.5857143],"to":[9.0,8.814285,9.1],"rotation":{"angle":0.0,"axis":"y","origin":[8.0,7.6714287,7.1]},"faces":{"east":{"uv":[11.375,5.0,11.875,5.375],"rotation":0,"texture":"#0","tintindex":0},"south":{"uv":[11.375,8.125,11.875,8.5],"rotation":0,"texture":"#0","tintindex":0},"north":{"uv":[4.0,10.625,4.5,11.0],"rotation":0,"texture":"#0","tintindex":0},"west":{"uv":[11.5,3.125,12.0,3.5],"rotation":0,"texture":"#0","tintindex":0},"up":{"uv":[11.75,11.75,11.25,11.25],"rotation":0,"texture":"#0","tintindex":0},"down":{"uv":[11.875,3.5,11.375,4.0],"rotation":0,"texture":"#0","tintindex":0}}},{"from":[5.5714283,6.2714286,3.4428568],"to":[10.428572,10.385715,7.385714],"rotation":{"angle":0.0,"axis":"y","origin":[8.285714,9.242857,5.1]},"faces":{"east":{"uv":[9.875,2.875,10.75,3.75],"rotation":0,"texture":"#0","tintindex":0},"south":{"uv":[1.75,8.875,2.875,9.75],"rotation":0,"texture":"#0","tintindex":0},"north":{"uv":[0.625,8.875,1.75,9.75],"rotation":0,"texture":"#0","tintindex":0},"west":{"uv":[10.125,0.0,11.0,0.875],"rotation":0,"texture":"#0","tintindex":0},"up":{"uv":[4.0,9.75,2.875,8.875],"rotation":0,"texture":"#0","tintindex":0},"down":{"uv":[7.875,8.875,6.75,9.75],"rotation":0,"texture":"#0","tintindex":0}}},{"from":[8.714286,7.5571427,3.1571426],"to":[10.857143,9.814285,4.6714287],"rotation":{"angle":0.0,"axis":"y","origin":[9.428572,11.528572,5.1]},"faces":{"east":{"uv":[9.75,11.5,10.125,12.0],"rotation":0,"texture":"#0","tintindex":0},"south":{"uv":[11.375,7.125,11.875,7.625],"rotation":0,"texture":"#0","tintindex":0},"north":{"uv":[11.375,6.625,11.875,7.125],"rotation":0,"texture":"#0","tintindex":0},"west":{"uv":[3.625,11.625,4.0,12.125],"rotation":0,"texture":"#0","tintindex":0},"up":{"uv":[12.125,5.75,11.625,5.375],"rotation":0,"texture":"#0","tintindex":0},"down":{"uv":[12.125,5.75,11.625,6.125],"rotation":0,"texture":"#0","tintindex":0}}},{"from":[5.142857,7.5571427,3.1571426],"to":[7.285714,9.814285,4.6714287],"rotation":{"angle":0.0,"axis":"y","origin":[6.5714283,11.528572,5.1]},"faces":{"east":{"uv":[7.25,11.5,7.625,12.0],"rotation":0,"texture":"#0","tintindex":0},"south":{"uv":[11.375,4.5,11.875,5.0],"rotation":0,"texture":"#0","tintindex":0},"north":{"uv":[11.375,4.0,11.875,4.5],"rotation":0,"texture":"#0","tintindex":0},"west":{"uv":[8.875,11.5,9.25,12.0],"rotation":0,"texture":"#0","tintindex":0},"up":{"uv":[9.75,11.875,9.25,11.5],"rotation":0,"texture":"#0","tintindex":0},"down":{"uv":[12.125,0.0,11.625,0.375],"rotation":0,"texture":"#0","tintindex":0}}},{"from":[6.857143,5.7,3.1571426],"to":[9.142858,7.1,4.6714287],"rotation":{"angle":0.0,"axis":"y","origin":[7.714286,9.242857,5.1]},"faces":{"east":{"uv":[11.0,0.625,11.375,0.875],"rotation":0,"texture":"#0","tintindex":0},"south":{"uv":[2.25,8.625,2.75,8.875],"rotation":0,"texture":"#0","tintindex":0},"north":{"uv":[8.5,5.0,9.0,5.25],"rotation":0,"texture":"#0","tintindex":0},"west":{"uv":[11.0,6.625,11.375,6.875],"rotation":0,"texture":"#0","tintindex":0},"up":{"uv":[6.75,11.875,6.25,11.5],"rotation":0,"texture":"#0","tintindex":0},"down":{"uv":[7.25,11.5,6.75,11.875],"rotation":0,"texture":"#0","tintindex":0}}}],"display":{"head":{"translation":[0.0,-6.4,0.0],"scale":[4.0,4.0,4.0]}}}