{"textures":{"0":"modelengine:entity/mso_cave_insect"},"elements":[{"from":[14.381654,2.2857141,5.874837],"to":[16.667368,10.285714,8.160551],"rotation":{"angle":-45.0,"axis":"y","origin":[14.381654,2.2857141,7.5891223]},"faces":{"east":{"uv":[5.0,9.5,5.5,11.25],"rotation":0,"texture":"#0","tintindex":0},"south":{"uv":[5.0,9.5,5.5,11.25],"rotation":0,"texture":"#0","tintindex":0},"north":{"uv":[5.5,9.5,5.0,11.25],"rotation":0,"texture":"#0","tintindex":0},"west":{"uv":[5.5,9.5,5.0,11.25],"rotation":0,"texture":"#0","tintindex":0},"up":{"uv":[0.5,12.0,1.0,11.5],"rotation":0,"texture":"#0","tintindex":0},"down":{"uv":[11.5,0.625,12.0,1.125],"rotation":0,"texture":"#0","tintindex":0}}},{"from":[7.9530816,6.857143,7.160551],"to":[14.810225,9.714286,8.874837],"rotation":{"angle":0.0,"axis":"y","origin":[13.953082,6.285714,7.446265]},"faces":{"east":{"uv":[6.0,11.5,5.625,12.125],"rotation":0,"texture":"#0","tintindex":0},"south":{"uv":[10.625,7.875,9.125,8.5],"rotation":0,"texture":"#0","tintindex":0},"north":{"uv":[10.5,6.25,9.0,6.875],"rotation":0,"texture":"#0","tintindex":0},"west":{"uv":[5.625,11.5,5.25,12.125],"rotation":0,"texture":"#0","tintindex":0},"up":{"uv":[10.125,9.625,11.625,9.25],"rotation":0,"texture":"#0","tintindex":0},"down":{"uv":[10.125,9.625,11.625,10.0],"rotation":0,"texture":"#0","tintindex":0}}},{"from":[15.59594,-0.57142925,6.3891225],"to":[15.59594,2.2857141,9.589123],"rotation":{"angle":-45.0,"axis":"y","origin":[15.59594,0.85714245,7.9891224]},"faces":{"east":{"uv":[11.625,5.375,10.875,6.0],"rotation":0,"texture":"#0","tintindex":0},"south":{"uv":[0.0,0.0,0.0,0.625],"rotation":0,"texture":"#0","tintindex":0},"north":{"uv":[0.0,0.0,0.0,0.625],"rotation":0,"texture":"#0","tintindex":0},"west":{"uv":[10.875,5.375,11.625,6.0],"rotation":0,"texture":"#0","tintindex":0},"up":{"uv":[0.0,0.75,0.0,0.0],"rotation":0,"texture":"#0","tintindex":0},"down":{"uv":[0.0,0.0,0.0,0.75],"rotation":0,"texture":"#0","tintindex":0}}},{"from":[15.59594,-0.57142925,6.3891225],"to":[15.59594,2.2857141,9.589123],"rotation":{"angle":0.0,"axis":"y","origin":[15.59594,0.85714245,7.9891224]},"faces":{"east":{"uv":[11.625,5.375,10.875,6.0],"rotation":0,"texture":"#0","tintindex":0},"south":{"uv":[0.0,0.0,0.0,0.625],"rotation":0,"texture":"#0","tintindex":0},"north":{"uv":[0.0,0.0,0.0,0.625],"rotation":0,"texture":"#0","tintindex":0},"west":{"uv":[10.875,5.375,11.625,6.0],"rotation":0,"texture":"#0","tintindex":0},"up":{"uv":[0.0,0.75,0.0,0.0],"rotation":0,"texture":"#0","tintindex":0},"down":{"uv":[0.0,0.0,0.0,0.75],"rotation":0,"texture":"#0","tintindex":0}}}],"display":{"head":{"translation":[0.0,-6.4,0.0],"scale":[4.0,4.0,4.0]}}}