{"textures":{"0":"modelengine:entity/mso_cave_insect"},"elements":[{"from":[-0.66736794,2.2857141,5.874837],"to":[1.6183462,10.285714,8.160551],"rotation":{"angle":45.0,"axis":"y","origin":[1.6183462,2.2857141,7.5891223]},"faces":{"east":{"uv":[5.0,9.5,5.5,11.25],"rotation":0,"texture":"#0","tintindex":0},"south":{"uv":[5.5,9.5,5.0,11.25],"rotation":0,"texture":"#0","tintindex":0},"north":{"uv":[5.0,9.5,5.5,11.25],"rotation":0,"texture":"#0","tintindex":0},"west":{"uv":[5.5,9.5,5.0,11.25],"rotation":0,"texture":"#0","tintindex":0},"up":{"uv":[1.0,12.0,0.5,11.5],"rotation":0,"texture":"#0","tintindex":0},"down":{"uv":[12.0,0.625,11.5,1.125],"rotation":0,"texture":"#0","tintindex":0}}},{"from":[1.189775,6.857143,7.160551],"to":[8.046918,9.714286,8.874837],"rotation":{"angle":0.0,"axis":"y","origin":[2.046918,6.285714,7.446265]},"faces":{"east":{"uv":[5.25,11.5,5.625,12.125],"rotation":0,"texture":"#0","tintindex":0},"south":{"uv":[9.125,7.875,10.625,8.5],"rotation":0,"texture":"#0","tintindex":0},"north":{"uv":[9.0,6.25,10.5,6.875],"rotation":0,"texture":"#0","tintindex":0},"west":{"uv":[5.625,11.5,6.0,12.125],"rotation":0,"texture":"#0","tintindex":0},"up":{"uv":[11.625,9.625,10.125,9.25],"rotation":0,"texture":"#0","tintindex":0},"down":{"uv":[11.625,9.625,10.125,10.0],"rotation":0,"texture":"#0","tintindex":0}}},{"from":[0.40406036,-0.57142925,6.3891225],"to":[0.40406036,2.2857141,9.589123],"rotation":{"angle":45.0,"axis":"y","origin":[0.40406036,0.85714245,7.9891224]},"faces":{"east":{"uv":[11.625,5.375,10.875,6.0],"rotation":0,"texture":"#0","tintindex":0},"south":{"uv":[0.0,0.0,0.0,0.625],"rotation":0,"texture":"#0","tintindex":0},"north":{"uv":[0.0,0.0,0.0,0.625],"rotation":0,"texture":"#0","tintindex":0},"west":{"uv":[10.875,5.375,11.625,6.0],"rotation":0,"texture":"#0","tintindex":0},"up":{"uv":[0.0,0.75,0.0,0.0],"rotation":0,"texture":"#0","tintindex":0},"down":{"uv":[0.0,0.0,0.0,0.75],"rotation":0,"texture":"#0","tintindex":0}}},{"from":[0.40406036,-0.57142925,6.3891225],"to":[0.40406036,2.2857141,9.589123],"rotation":{"angle":0.0,"axis":"y","origin":[0.40406036,0.85714245,7.9891224]},"faces":{"east":{"uv":[11.625,5.375,10.875,6.0],"rotation":0,"texture":"#0","tintindex":0},"south":{"uv":[0.0,0.0,0.0,0.625],"rotation":0,"texture":"#0","tintindex":0},"north":{"uv":[0.0,0.0,0.0,0.625],"rotation":0,"texture":"#0","tintindex":0},"west":{"uv":[10.875,5.375,11.625,6.0],"rotation":0,"texture":"#0","tintindex":0},"up":{"uv":[0.0,0.75,0.0,0.0],"rotation":0,"texture":"#0","tintindex":0},"down":{"uv":[0.0,0.0,0.0,0.75],"rotation":0,"texture":"#0","tintindex":0}}}],"display":{"head":{"translation":[0.0,-6.4,0.0],"scale":[4.0,4.0,4.0]}}}