{"textures":{"0":"modelengine:entity/mso_cave_insect"},"elements":[{"from":[14.09594,2.2857141,5.874837],"to":[16.381653,10.285714,8.160551],"rotation":{"angle":-45.0,"axis":"y","origin":[14.09594,2.2857141,7.5891223]},"faces":{"east":{"uv":[4.0,8.875,4.5,10.625],"rotation":0,"texture":"#0","tintindex":0},"south":{"uv":[4.0,8.875,4.5,10.625],"rotation":0,"texture":"#0","tintindex":0},"north":{"uv":[4.0,8.875,4.5,10.625],"rotation":0,"texture":"#0","tintindex":0},"west":{"uv":[4.0,8.875,4.5,10.625],"rotation":0,"texture":"#0","tintindex":0},"up":{"uv":[1.0,12.0,0.5,11.5],"rotation":0,"texture":"#0","tintindex":0},"down":{"uv":[11.5,0.625,12.0,1.125],"rotation":0,"texture":"#0","tintindex":0}}},{"from":[7.6673675,7.5714283,7.0462656],"to":[15.238796,9.571428,9.046266],"rotation":{"angle":45.0,"axis":"x","origin":[11.09594,8.571428,7.760551]},"faces":{"east":{"uv":[1.5,11.5,2.0,12.0],"rotation":0,"texture":"#0","tintindex":0},"south":{"uv":[9.75,4.25,11.375,4.75],"rotation":0,"texture":"#0","tintindex":0},"north":{"uv":[9.75,3.75,11.375,4.25],"rotation":0,"texture":"#0","tintindex":0},"west":{"uv":[11.5,1.625,12.0,2.125],"rotation":0,"texture":"#0","tintindex":0},"up":{"uv":[11.375,7.375,9.75,6.875],"rotation":0,"texture":"#0","tintindex":0},"down":{"uv":[11.375,7.375,9.75,7.875],"rotation":0,"texture":"#0","tintindex":0}}},{"from":[15.310225,-0.57142925,6.3891225],"to":[15.310225,2.2857141,9.589123],"rotation":{"angle":22.5,"axis":"y","origin":[15.310225,0.85714245,7.9891224]},"faces":{"east":{"uv":[10.875,5.375,11.625,6.0],"rotation":0,"texture":"#0","tintindex":0},"south":{"uv":[0.0,0.0,0.0,0.625],"rotation":0,"texture":"#0","tintindex":0},"north":{"uv":[0.0,0.0,0.0,0.625],"rotation":0,"texture":"#0","tintindex":0},"west":{"uv":[10.875,5.375,11.625,6.0],"rotation":0,"texture":"#0","tintindex":0},"up":{"uv":[0.0,0.75,0.0,0.0],"rotation":0,"texture":"#0","tintindex":0},"down":{"uv":[0.0,0.0,0.0,0.75],"rotation":0,"texture":"#0","tintindex":0}}},{"from":[15.310225,-0.57142925,6.3891225],"to":[15.310225,2.2857141,9.589123],"rotation":{"angle":45.0,"axis":"y","origin":[15.310225,0.85714245,7.9891224]},"faces":{"east":{"uv":[10.875,5.375,11.625,6.0],"rotation":0,"texture":"#0","tintindex":0},"south":{"uv":[0.0,0.0,0.0,0.625],"rotation":0,"texture":"#0","tintindex":0},"north":{"uv":[0.0,0.0,0.0,0.625],"rotation":0,"texture":"#0","tintindex":0},"west":{"uv":[10.875,5.375,11.625,6.0],"rotation":0,"texture":"#0","tintindex":0},"up":{"uv":[0.0,0.75,0.0,0.0],"rotation":0,"texture":"#0","tintindex":0},"down":{"uv":[0.0,0.0,0.0,0.75],"rotation":0,"texture":"#0","tintindex":0}}}],"display":{"head":{"translation":[0.0,-6.4,0.0],"scale":[4.0,4.0,4.0]}}}