{"textures":{"0":"modelengine:entity/mso_cave_insect"},"elements":[{"from":[-0.3816538,2.2857141,5.874837],"to":[1.9040608,10.285714,8.160551],"rotation":{"angle":45.0,"axis":"y","origin":[1.9040608,2.2857141,7.5891223]},"faces":{"east":{"uv":[4.5,8.875,4.0,10.625],"rotation":0,"texture":"#0","tintindex":0},"south":{"uv":[4.5,8.875,4.0,10.625],"rotation":0,"texture":"#0","tintindex":0},"north":{"uv":[4.5,8.875,4.0,10.625],"rotation":0,"texture":"#0","tintindex":0},"west":{"uv":[4.5,8.875,4.0,10.625],"rotation":0,"texture":"#0","tintindex":0},"up":{"uv":[0.5,12.0,1.0,11.5],"rotation":0,"texture":"#0","tintindex":0},"down":{"uv":[12.0,0.625,11.5,1.125],"rotation":0,"texture":"#0","tintindex":0}}},{"from":[0.7612033,7.5714283,7.0462656],"to":[8.332632,9.571428,9.046266],"rotation":{"angle":45.0,"axis":"x","origin":[4.904061,8.571428,7.760551]},"faces":{"east":{"uv":[12.0,1.625,11.5,2.125],"rotation":0,"texture":"#0","tintindex":0},"south":{"uv":[11.375,4.25,9.75,4.75],"rotation":0,"texture":"#0","tintindex":0},"north":{"uv":[11.375,3.75,9.75,4.25],"rotation":0,"texture":"#0","tintindex":0},"west":{"uv":[2.0,11.5,1.5,12.0],"rotation":0,"texture":"#0","tintindex":0},"up":{"uv":[9.75,7.375,11.375,6.875],"rotation":0,"texture":"#0","tintindex":0},"down":{"uv":[9.75,7.375,11.375,7.875],"rotation":0,"texture":"#0","tintindex":0}}},{"from":[0.689775,-0.57142925,6.3891225],"to":[0.689775,2.2857141,9.589123],"rotation":{"angle":-22.5,"axis":"y","origin":[0.689775,0.85714245,7.9891224]},"faces":{"east":{"uv":[11.625,5.375,10.875,6.0],"rotation":0,"texture":"#0","tintindex":0},"south":{"uv":[0.0,0.0,0.0,0.625],"rotation":0,"texture":"#0","tintindex":0},"north":{"uv":[0.0,0.0,0.0,0.625],"rotation":0,"texture":"#0","tintindex":0},"west":{"uv":[11.625,5.375,10.875,6.0],"rotation":0,"texture":"#0","tintindex":0},"up":{"uv":[0.0,0.75,0.0,0.0],"rotation":0,"texture":"#0","tintindex":0},"down":{"uv":[0.0,0.0,0.0,0.75],"rotation":0,"texture":"#0","tintindex":0}}},{"from":[0.689775,-0.57142925,6.3891225],"to":[0.689775,2.2857141,9.589123],"rotation":{"angle":-45.0,"axis":"y","origin":[0.689775,0.85714245,7.9891224]},"faces":{"east":{"uv":[11.625,5.375,10.875,6.0],"rotation":0,"texture":"#0","tintindex":0},"south":{"uv":[0.0,0.0,0.0,0.625],"rotation":0,"texture":"#0","tintindex":0},"north":{"uv":[0.0,0.0,0.0,0.625],"rotation":0,"texture":"#0","tintindex":0},"west":{"uv":[11.625,5.375,10.875,6.0],"rotation":0,"texture":"#0","tintindex":0},"up":{"uv":[0.0,0.75,0.0,0.0],"rotation":0,"texture":"#0","tintindex":0},"down":{"uv":[0.0,0.0,0.0,0.75],"rotation":0,"texture":"#0","tintindex":0}}}],"display":{"head":{"translation":[0.0,-6.4,0.0],"scale":[4.0,4.0,4.0]}}}